canonical_description,short_text,lines,purchase_orders,spend,spend_share,cumulative_spend_share,abc_class
ib ross broiler finisher feed,IB Ross Broiler Finisher Feed,7864,7826,2484004973.38,0.1035138931660012,0.1035138931660012,A
ib ross broiler starter feed,IB Ross Broiler Starter Feed,6965,6954,1832625208.5,0.07636948076954161,0.17988337393554282,A
soya bean mp,Soya Bean - (MP),2770,2770,1296246620.39,0.054017417685465294,0.23390079162100813,A
b4 ib ross feed,B4 IB Ross Feed,35,35,1058332000.0,0.04410299768164,0.27800378930264813,A
soya bean a,Soya Bean - (A),2130,2130,1041177465.28,0.04338813088654567,0.3213919201891938,A
maize,Maize,2328,2328,929928411.41,0.03875214070112819,0.360144060890322,A
ib ross broiler pre starter feed,IB Ross Broiler Pre-Starter Feed,5280,5270,881006742.0,0.03671346826887518,0.3968575291591972,A
pl 3,PL-3,51,51,838564216.05,0.034944795845121765,0.431802325004319,A
b1 ib ross feed,B1 IB Ross Feed,58,58,825317512.4,0.034392776875303864,0.4661951018796228,A
pl 4,PL-4,44,44,820847626.0,0.034206506981228665,0.5004016088608515,A
feed p1,Feed P1,56,56,793132145.95,0.0330515426105107,0.5334531514713622,A
pl 5,PL-5,43,43,665772945.15,0.027744207542103123,0.5611973590134653,A
b3 ib ross feed,B3 IB Ross Feed,40,40,647584239.15,0.026986244579110384,0.5881836035925757,A
b2 ib ross feed,B2 IB Ross Feed,45,45,638922804.4,0.026625303743248927,0.6148089073358246,A
gp 5 feed,GP-5 Feed,30,30,548267645.75,0.02284750599002059,0.6376564133258452,A
soya bean,Soya Bean,2672,2672,542905344.06,0.022624047208652995,0.6602804605344982,A
grand parents layer,Grand Parents Layer,30,30,531899454.55,0.022165407840719388,0.6824458683752176,A
feed ps,Feed PS,23,23,486108038.55,0.02025717988041297,0.7027030482556306,A
khandha,Khandha,1326,1326,477715289.41,0.01990743575865911,0.7226104840142897,A
grand parents grower,Grand Parents Grower,37,37,423651274.2,0.017654470585663506,0.7402649545999532,A
gp 4 feed,GP-4 Feed,20,20,419359019.25,0.017475602980688076,0.7577405575806413,A
c2,C2,18,18,369002000.0,0.015377116396858946,0.7731176739775002,A
soya crude oil purchase,Soya Crude Oil - Purchase,57,56,347114889.25,0.014465032859117436,0.7875827068366177,A
grand parents starter,Grand Parents Starter,15,15,313953033.95,0.013083106178817888,0.8006658130154356,B
c1,C1,18,18,278983762.1,0.011625860517409948,0.8122916735328456,B
rice bran boiled,Rice Bran Boiled,3838,3838,247969115.24,0.010333412685762164,0.8226250862186077,B
ibg common vitamin,IBG Common Vitamin,3,3,243225000.0,0.010135715079121569,0.8327608012977293,B
pl 6,PL-6,45,45,227300012.05,0.009472086173788466,0.8422328874715178,B
imp degum soya oil,IMP Degum Soya Oil,9,8,191939241.65,0.007998525915786057,0.8502314133873039,B
grand parents starter male,Grand Parents Starter Male,10,10,191392620.75,0.007975747033275242,0.8582071604205791,B
rice bran crude oil,Rice Bran Crude Oil,71,71,158460510.43,0.006603394326284929,0.8648105547468641,B
rice bran raw,Rice Bran Raw,2674,2674,147438214.48,0.006144071266291277,0.8709546260131553,B
maize gluten,Maize Gluten,132,132,131700907.05,0.0054882634166745735,0.8764428894298298,B
nakki,Nakki,609,609,126477267.96,0.005270583007619576,0.8817134724374495,B
grand parents mail feed gp 6 feed,Grand Parents Mail Feed (GP-6 Feed),10,10,95577642.05,0.003982928349277701,0.8856964007867272,B
soya bean bh,Soya Bean - (BH),200,200,87431224.63,0.0036434494063864987,0.8893398501931137,B
l1,L1,15,15,85213497.15,0.003551031875867768,0.8928908820689815,B
layer o feed,Layer O Feed,10,10,84862637.0,0.0035364107698424093,0.8964272928388239,B
rice gluten,Rice Gluten,105,105,70058053.06,0.0029194715379345917,0.8993467643767585,B
hsd diesel,HSD (Diesel),40,40,63475658.0,0.0026451688105571533,0.9019919331873157,B
l2,L2,13,13,59060823.5,0.0024611930489640767,0.9044531262362798,B
ground nut cake g n c,Ground nut cake (G.N.C),69,69,57901453.92,0.002412879595436352,0.9068660058317162,B
rice husk new,Rice Husk (New),1417,1417,57325319.65,0.002388870826567865,0.9092548766582841,B
imp rbd palmolein,IMP RBD Palmolein,11,11,56801549.0,0.0023670441637034132,0.9116219208219875,B
gp doc female line female 8,GP DOC Female Line Female - 8,4,2,55350012.300000004,0.0023065554704437222,0.9139284762924311,B
d l methionine,D. L. Methionine,14,14,52197028.0,0.002175163752841734,0.9161036400452729,B
fish meal,Fish Meal,22,22,49841460.8,0.00207700214121084,0.9181806421864838,B
nd ibh killed vaccine 1000 dose,ND+IBH Killed Vaccine (1000 Dose),62,60,46993202.0,0.001958308998366146,0.9201389511848499,B
diesel,Diesel,398,387,41790590.97,0.00174150487433459,0.9218804560591844,B
gustor n rgy,Gustor N'Rgy,4,4,40095300.0,0.0016708584101630304,0.9235513144693475,B
procured milk kg,Procured Milk (Kg.),79,79,38270220.33,0.0015948033684040942,0.9251461178377516,B
mono calsium phosphat mcp,Mono Calsium phosphat (MCP),32,32,31865245.2,0.0013278941156276954,0.9264740119533793,B
ib ross breeder layer feed,IB Ross Breeder Layer Feed,41,23,29643494.05,0.0012353089100233755,0.9277093208634026,B
l3,L3,10,10,29535736.599999998,0.0012308184225699776,0.9289401392859726,B
maida fine flour,Maida (Fine Flour),54,54,29338770.22,0.0012226104048586159,0.9301627496908312,B
civil work,Civil work,2,2,28717635.93,0.0011967263872234531,0.9313594760780547,B
ib ross breeder layer feed pl 5,IB Ross Breeder Layer Feed (Pl-5),39,29,28585799.5,0.001191232476270514,0.9325507085543252,B
rape seed doc,Rape seed DOC,85,85,28389539.04,0.001183053875781842,0.9337337624301071,B
ib ross breeder layer feed pl4,IB Ross Breeder Layer Feed-PL4,34,22,26035938.8,0.0010849742316548312,0.934818736661762,B
enradin f80,Enradin F80,2,2,23769000.0,0.0009905059583333975,0.9358092426200953,B
alimet,Alimet,4,4,23631000.0,0.0009847551980048178,0.9367939978181001,B
doc broiler ross,DOC Broiler (Ross),117,56,21005984.32,0.0008753650818131987,0.9376693628999133,B
cattle feed,Cattle Feed,58,58,20308020.0,0.0008462793896231983,0.9385156422895365,B
electrolytic tin plate 0 260x885x660,Electrolytic Tin Plate 0.260X885X660,3,3,19555440.0,0.0008149177431878183,0.9393305600327244,B
ib ross breeder grower,IB Ross Breeder Grower,25,18,19528713.7,0.0008138040001025304,0.940144364032827,B
layer live bird kg,Layer Live Bird Kg,120,120,19003471.06,0.0007919159962112954,0.9409362800290383,B
haxene new,Haxene (New),12,12,15773374.57,0.0006573108458332067,0.9415935908748715,B
diesel new,Diesel (New),292,266,15558489.47,0.000648356116063041,0.9422419469909346,B
ngp feed,NGP Feed,94,94,14741216.5,0.000614298572776835,0.9428562455637114,B
cotton seed doc,Cotton Seed Doc,17,17,14664474.120000001,0.0006111005507882496,0.9434673461144997,B
deo oil rice brand dorb,Deo  Oil Rice Brand(DORB),69,69,14517879.87,0.0006049916493585547,0.9440723377638582,B
die cpm 7936 14 674332 4 0mmx70 16ar,Die CPM 7936-14(674332)4.0MMX70*16AR,1,1,14477400.0,0.0006033047650795543,0.9446756425289378,B
feeding trough filling system,Feeding Trough Filling System,1,1,14155000.0,0.0005898696554423509,0.9452655121843802,B
poultry equipment parts gartech,Poultry Equipment & parts (Gartech),5,5,13969957.0,0.0005821585109243701,0.9458476706953045,B
fish meal powder shm,Fish Meal Powder (SHM),11,11,12379441.2,0.0005158782561082898,0.9463635489514128,B
bulk lpg gas,Bulk LPG Gas,18,18,12101686.34,0.0005043036066158393,0.9468678525580286,B
pp bag finisher 1 blue strips 50kg,PP Bag Finisher 1(Blue Strips) 50kg,9,9,12030400.0,0.0005013329496880014,0.9473691855077166,B
breeder live bird kg,Breeder Live Bird Kg,30,30,11866186.51,0.0004944898161828592,0.9478636753238995,B
monicox,Monicox,3,3,11680000.0,0.00048673101911456444,0.948350406343014,B
new tin,New Tin,68,68,11583868.0,0.0004827249894630643,0.9488331313324772,B
sodium bio carbonate tech,Sodium Bio Carbonate Tech,2,2,11419920.0,0.0004758929195040065,0.9493090242519812,B
smp,SMP,8,8,11418728.3,0.00047584325877151695,0.9497848675107526,B
encivax r vaccine,Encivax-R Vaccine,67,67,11390791.25,0.0004746790610987811,0.9502595465718514,C
anichol 75 liq cholin chloride,ANICHOL 75 (LIQ. CHOLIN CHLORIDE),2,2,11207050.0,0.00046702216333629104,0.9507265687351877,C
tox free,Tox Free,3,3,11014400.0,0.0004589940185732413,0.9511855627537609,C
pcm procured cow milk kg,PCM Procured Cow Milk (KG),74,74,10903375.2,0.000454367373534629,0.9516399301272955,C
choline chloride,Choline Chloride,5,5,10588300.0,0.00044123750425434437,0.9520811676315499,C
consultancy fee,Consultancy Fee,1,1,10497500.0,0.0004374536706468442,0.9525186213021968,C
lsp m grit rajsthan,LSP/M-GRIT (Rajsthan),96,96,10446106.26,0.0004353119816531533,0.9529539332838499,C
built up section,Built-up Section.,3,3,10320337.5,0.00043007092371414864,0.9533840042075641,C
zinc sulphate,Zinc Sulphate,2,2,10026388.35,0.0004178214229138609,0.953801825630478,C
pp bag grower 28 3 4mm 24 x44,PP Bag Grower 28/3 4mm (24''x44''),5,5,10000694.0,0.0004167506834308998,0.9542185763139089,C
vetmulin 10,Vetmulin-10%,1,1,9900000.0,0.0004125545453111462,0.9546311308592201,C
flesh of poultry o,Flesh of Poultry (O),10,10,9499187.35,0.00039585180989945877,0.9550269826691196,C
l threonine,L-Threonine,4,4,9303500.0,0.0003876970921517423,0.9554146797612713,C
potassium sulphate food grade,Potassium Sulphate (Food Grade),6,6,9054560.0,0.0003773232205851002,0.9557920029818564,C
0706403sw roller corragate,0706403SW Roller Corragate,1,1,8845200.0,0.0003685987337561768,0.9561606017156126,C
poultry oil,Poultry Oil,7,7,8583712.2,0.00035770196805583215,0.9565183036836684,C
jar 5 ltr,Jar 5 Ltr,12,12,8413647.06,0.000350614983560279,0.9568689186672287,C
tata lpk 1615 36 bs iv,"Tata LPK 1615/36, BS-IV",1,1,8300781.25,0.0003459116196283877,0.957214830286857,C
enrodac bh 1ltr,Enrodac Bh 1LTR,104,104,8256870.0,0.00034408174227709535,0.9575589120291341,C
electrolytic tin plate 0 265x1020x0764,Electrolytic Tin Plate 0.265X1020X0764,3,3,8236532.5,0.000343234234391715,0.9579021462635259,C
vitamin e 50,Vitamin E 50%,5,5,8167625.0,0.00034036270890373235,0.9582425089724296,C
cockrel live bird kg,Cockrel live Bird Kg,73,73,8150345.05,0.0003396426157809799,0.9585821515882106,C
di calcium phosphate dcp,Di Calcium Phosphate (DCP),9,9,8104678.399999999,0.000337739587091421,0.958919891175302,C
bolero slx,Bolero SLX,13,1,8098030.33,0.0003374625475463658,0.9592573537228484,C
fish oil,Fish Oil,3,3,7981832.4,0.00033262032692240153,0.9595899740497708,C
civil work 800tpd poultry feed plant,Civil Work 800TPD Poultry Feed Plant,2,1,7934344.649999999,0.00033064140903259345,0.9599206154588034,C
optiphos ct,Optiphos CT,3,3,7905000.0,0.00032941855360450615,0.9602500340124078,C
pouch boxes 1ltr,Pouch Boxes(1Ltr),19,19,7834913.8,0.00032649790912232573,0.9605765319215301,C
mg bacc,MG Bacc,6,6,7480000.0,0.00031170787867953266,0.9608882398002097,C
ib ross breeder male feed,IB Ross Breeder Male Feed,71,39,7350455.0,0.0003063094566015193,0.9611945492568111,C
rice husk poultry,Rice Husk(Poultry),38,38,7259396.43,0.00030251484781939475,0.9614970641046305,C
copper sulphate,Copper Sulphate,8,8,7232960.0,0.0003014131842478493,0.9617984772888784,C
vectormune nd live hvt vetored vac,Vectormune ND (Live HVT Vetored Vac.),4,4,7065600.0,0.0002944389288232762,0.9620929162177017,C
kanki,Kanki,32,32,6968340.640000001,0.00029038591962710926,0.9623833021373288,C
ib ross breeder starter,IB Ross Breeder Starter,8,7,6919297.4,0.0002883421810837976,0.9626716443184126,C
clon 30 vacc 1000dose,Clon-30 Vacc. (1000Dose),214,214,6880532.65,0.0002867267695878026,0.9629583710880004,C
dpas ahhs corragate roller,DPAS/AHHS Corragate Roller,1,1,6691200.0,0.000278836866018782,0.9632372079540192,C
fat,Fat,7,7,6558829.199999999,0.0002733206867049968,0.9635105286407243,C
nobilis 4 rio ib g nd,Nobilis-4 (RIO+IB+G+ND),6,6,6426312.0,0.0002677984065846023,0.9637783270473089,C
veldot,Veldot,2,2,6350000.0,0.00026461831946725034,0.9640429453667761,C
ib nefro killed,IB Nefro Killed,14,14,6342300.0,0.0002642974437097861,0.964307242810486,C
pouch roll 1000ml kg,Pouch Roll 1000Ml_KG,3,3,6329300.0,0.0002637557054179634,0.9645709985159039,C
chemical egg trays 20 lbs,Chemical Egg Trays 20 LBS,13,12,6251040.0,0.00026049444090119067,0.964831492956805,C
egg shell chilka cn,Egg Shell (Chilka & CN),280,280,6241725.0,0.0002601062645790115,0.9650915992213841,C
hostazym x 15000 powder,Hostazym X 15000 powder,3,3,6240000.0,0.0002600343800749043,0.965351633601459,C
pp bag starter partnershi green s 50kg,PP Bag Starter Partnershi (Green S) 50kg,6,6,6203865.0,0.00025852855598451857,0.9656101621574436,C
l lysine,L-Lysine,6,6,5968700.0,0.0002487287186463271,0.9658588908760899,C
transmune ibd 2000dose vacc,TRANSMUNE IBD 2000DOSE VACC.,5,5,5950000.0,0.00024794944894962825,0.9661068403250396,C
supply of conveyor bridge,Supply Of Conveyor Bridge,3,3,5881212.0,0.0002450829032867128,0.9663519232283263,C
bioceutox,BIOCEUTOX,5,5,5820000.0,0.0002425320660314011,0.9665944552943577,C
ashok leyland 3118 super 8x2,Ashok Leyland 3118 Super 8X2,3,1,5765625.0,0.00024026614144541185,0.9668347214358032,C
acify,Acify,116,116,5515200.0,0.0002298303866969731,0.9670645518225002,C
erection fabrication charges of,Erection & Fabrication charges of,27,2,5399137.0,0.00022499378889975617,0.9672895456113999,C
un wash tin r,Un Wash Tin (R),47,47,5359212.0,0.000223330027261216,0.9675128756386612,C
nobilis salanvac 1000 dose,Nobilis Salanvac 1000 Dose,7,7,5291699.2,0.00022051662195751072,0.9677333922606187,C
coxiril 0 5,Coxiril 0.5%,2,2,5279175.0,0.00021999471128716873,0.9679533869719059,C
die 660 228 s db164 26 x 8 996 1x27x27,"DIE 660.228 S-DB164 (26""X 8.996) 1X27X27",1,1,5237400.0,0.00021825385612248455,0.9681716408280284,C
ms plate 40 mm,Ms Plate 40 mm,2,2,5124625.0,0.00021355427644092248,0.9683851951044693,C
gumboro plus 1000 dose,Gumboro Plus (1000 Dose),159,159,5105100.0,0.00021274062719878106,0.9685979357316681,C
ms petrol,MS (Petrol),6,6,5058042.0,0.0002107796179267354,0.9688087153495948,C
pp bag maintenance 24 3 4mm 24 x44,PP Bag Maintenance 24/3 4mm (24''x44''),3,3,4958085.0,0.00020661419220091053,0.9690153295417957,C
wash clay salasar mines,Wash Clay (Salasar Mines),5,5,4870480.0,0.00020296350119666985,0.9692182930429923,C
pqg 99 pac 5ltr,PQG-99 (pac.-5Ltr.),62,62,4838400.0,0.00020162665778115655,0.9694199197007735,C
phosphoric acid,Phosphoric Acid,3,3,4789330.0,0.00019958180409040727,0.9696195015048639,C
skimmed milk kg loose,Skimmed Milk (KG) (Loose),16,16,4708272.5,0.0001962039616604519,0.9698157054665243,C
brick work for 230mm width,Brick Work : for 230mm width,2,2,4660676.0,0.0001942205119214719,0.9700099259784457,C
tri reo killed,Tri Reo Killed,6,6,4550550.0,0.00018963132183491275,0.9701995573002806,C
ibh killed vacc,IBH Killed Vacc.,23,23,4549000.0,0.000189566729961657,0.9703891240302422,C
neomycine doxycycline premix,Neomycine+Doxycycline  premix,9,8,4534670.0,0.00018896956767536316,0.9705780935979176,C
ib soya doc 48,IB Soya DOC (48%),17,17,4529549.48,0.00018875618446320596,0.9707668497823808,C
eggs catoon,Eggs Catoon,22,19,4469658.75,0.00018626040740426627,0.970953110189785,C
cement,Cement,10,7,4272970.65,0.00017806398622612353,0.9711311741760111,C
layer doc,Layer DOC,10,5,4137653.0,0.00017242500525962626,0.9713035991812707,C
van aarsan corragate roller,VAN AARSAN Corragate Roller,1,1,4086000.0,0.00017027251233750943,0.9714738716936082,C
selisseo,Selisseo,3,3,4022500.0,0.00016762632914283694,0.971641498022751,C
die 660 228 s db164 26 x 8 996 1 2x30x30,"DIE 660.228 S-DB164(26""X 8.996)1.2X30X30",1,1,3927700.0,0.0001636758068301605,0.9718051738295812,C
gumboro inter 1000 dose,Gumboro Inter. (1000 Dose),170,170,3852045.0,0.00016052309833263376,0.9719656969279138,C
adept dfz 2 wsp feed premix,Adept (DFZ 2% WSP) feed premix,3,3,3848000.0,0.0001603545343795243,0.9721260514622934,C
amprolium,Amprolium,14,14,3830990.0,0.00015964569066076242,0.9722856971529541,C
tilmovet liquid 240ml,Tilmovet Liquid 240ml,6,6,3672000.0,0.00015302023135177058,0.9724387173843059,C
pp bag pre starter yellow s 50kg,PP Bag Pre-Starter (Yellow S) 50kg,6,6,3621780.0,0.00015092745465828314,0.9725896448389642,C
nobilis ib multi nd,Nobilis IB Multi+ND,8,8,3470563.2,0.00014462592151006027,0.9727342707604743,C
ms beam 500x180 mm 86 92 kg mtr,"MS Beam 500X180 mm, 86.92 kg / mtr",3,2,3425000.0,0.00014272720380713896,0.9728769979642814,C
fabriction charges for,Fabriction charges for,1,1,3420000.0,0.0001425188429256687,0.9730195168072071,C
rcc m 20 proportion 1 1 5 3,RCC (M-20) Proportion 1:1.5:3,2,2,3399064.0,0.00014164639424277636,0.9731611632014499,C
fish protien hydrolysate,Fish Protien Hydrolysate,3,3,3376200.0,0.00014069360160398907,0.9733018568030538,C
dg set 160 kva 3 phase,DG Set 160 KVA - 3 Phase,2,1,3368000.0,0.00014035188975837783,0.9734422086928122,C
cold forms gi 120 gsm,"Cold Forms, GI 120 GSM",3,3,3365730.0,0.00014025729391819032,0.9735824659867304,C
ashok leyland 1618 4x2 tipper 3607 mm,Ashok Leyland 1618 4x2 Tipper - 3607 MM,1,1,3359376.0,0.00013999250891001788,0.9737224584956404,C
frozen liver,Frozen liver,10,10,3316025.0,0.0001381859783954943,0.973860644474036,C
pp bag soya doc 50 kg for 50 24 x44,"Pp Bag Soya Doc 50 Kg For 50% (24""X44"")",4,4,3300500.0,0.0001375390178585291,0.9739981834918945,C
sheeting accessories,Sheeting & Accessories,3,3,3292717.25,0.00013721469372847655,0.974135398185623,C
tin making charges,Tin Making Charges,1,1,3200000.0,0.00013335096414097654,0.974268749149764,C
erection fabrication charges for,Erection & fabrication charges for,8,1,3195200.0,0.00013315093769476508,0.9744019000874587,C
hvt sb1 vaccine,HVT - SB1 Vaccine,5,5,3164800.0,0.0001318841035354258,0.9745337841909941,C
manganese sulphate,Manganese Sulphate,2,2,3154217.5,0.00013144310772979397,0.974665227298724,C
1 5 b3 broiler concentrate finisher,1.5% B3 BROILER CONCENTRATE (FINISHER),3,3,3137062.5,0.00013072822154546946,0.9747959555202694,C
hyundai grand magna,Hyundai Grand Magna,6,1,3050322.0,0.00012711355613763495,0.974923069076407,C
niacin,NIACIN,1,1,3015000.0,0.00012564161152657635,0.9750487106879336,C
professional fees in respect of,Professional fees in respect of :,2,2,3000000.0,0.0001250165288821655,0.9751737272168158,C
gumboro plus 2000dose,Gumboro plus.(2000dose),104,102,2997720.0,0.00012492151632021508,0.9752986487331361,C
formoline,Formoline,85,85,2992465.0,0.0001247025290337898,0.9754233512621698,C
wash clay regular grade,Wash Clay (Regular Grade),5,5,2925000.0,0.00012189111566011137,0.9755452423778299,C
coryza killed,Coryza Killed,11,11,2889576.0,0.00012041492048707076,0.975665657298317,C
clinofeed,Clinofeed,4,4,2860000.0,0.00011918242420099779,0.975784839722518,C
inactivated ib a nefro killed,Inactivated IB+ A Nefro Killed,5,5,2860000.0,0.00011918242420099779,0.9759040221467189,C
green,GREEN,223,165,2834330.5,0.00011811272027161755,0.9760221348669905,C
potassium iodate,Potassium Iodate,2,2,2830000.0,0.00011793225891217613,0.9761400671259027,C
armod cable 300 sqmm x 3 5 core all,Armod Cable - 300 Sqmm X 3.5 Core - ALL.,4,3,2813960.0,0.0001172638372044195,0.9762573309631072,C
ib ap95 broiler live bird bb kg,IB AP95 Broiler Live Bird_BB Kg,25,25,2780344.9,0.0001158630228310772,0.9763731939859382,C
audit fees 2017 18,AUDIT FEES 2017-18,1,1,2750000.0,0.00011459848480865172,0.9764877924707469,C
boiler combloc cbsg 40,Boiler Combloc - CBSG 40,1,1,2750000.0,0.00011459848480865172,0.9766023909555556,C
amc of sap,AMC of SAP,5,1,2745935.94,0.0001144291265838621,0.9767168200821394,C
free flow salt,Free Flow Salt,20,20,2657903.0,0.00011076060238849812,0.9768275806845279,C
clon 30 vacc 2500dose,Clon-30 Vacc. (2500Dose),173,173,2581587.97,0.00010758038900445202,0.9769351610735324,C
heptocare liq,Heptocare Liq.,82,81,2567800.0,0.00010700581428787488,0.9770421668878203,C
salinoform,SALINOFORM,1,1,2567000.0,0.00010697247654683963,0.9771491393643671,C
pouch boxes 500ml,Pouch Boxes(500Ml),13,13,2540306.6,0.0001058601044761519,0.9772549994688432,C
doxycycline,Doxycycline,2,2,2537500.0,0.000105743147346165,0.9773607426161893,C
feed trough aluminium 111,Feed Trough Aluminium 111,1,1,2532700.1,0.00010554312506717117,0.9774662857412565,C
pcc panel 11500x2100x1000,PCC PANEL 11500x2100x1000,1,1,2524300.0,0.00010519307461908348,0.9775714788158756,C
1 5 b2 broiler concentrate starter,1.5% B2 BROILER CONCENTRATE (STARTER),3,3,2512125.0,0.00010468571587270335,0.9776761645317483,C
lsp m grit,LSP/M-GRIT,25,25,2510925.83,0.00010463574384905682,0.9777808002755973,C
pouch roll 500ml kg,Pouch Roll 500Ml_KG,3,3,2463500.0,0.00010265940630040492,0.9778834596818977,C
erw tubes 50 8mm od x3 25mm t x3943mm l,ERW Tubes -50.8mm Od x3.25Mm T x3943Mm L,4,3,2412354.05,0.00010052804325527798,0.977983987725153,C
cylinder pet food,Cylinder - Pet Food,33,22,2406206.42,0.00010027185813412736,0.9780842595832872,C
professionsal services,Professionsal Services,1,1,2400000.0,0.00010001322310573241,0.9781842728063929,C
muzle1200 25 59 x6 889 1 0x27x27,"MUZLE1200 (25.59""X6.889)1.0X27X27",1,1,2394400.0,9.97798589184857e-05,0.9782840526653114,C
earth work back filling,Earth work Back filling,1,1,2383209.01,9.931350601030068e-05,0.9783833661713217,C
venkasin 100ml,VENKASIN 100ML,40,40,2360000.0,9.834633605397021e-05,0.9784817125073757,C
beat husk new,Beat Husk (New),204,204,2327814.0,9.700507538776974e-05,0.9785787175827635,C
ms tmt 12 mm,Ms Tmt 12 Mm,8,6,2310412.06,9.627989867623117e-05,0.9786749974814397,C
jarry can 2 ltrs,Jarry Can 2 Ltrs,7,7,2310393.88,9.627914107606614e-05,0.9787712766225157,C
maruti swift ldi,Maruti Swift LDi,5,1,2286259.55,9.527341102156724e-05,0.9788665500335373,C
nano pump,Nano Pump,1,1,2275000.0,9.480420106897551e-05,0.9789613542346063,C
ms tmt 8 mm,Ms Tmt 8 Mm,10,8,2263592.21,9.432881363296995e-05,0.9790556830482392,C
cav vaccine,CAV Vaccine,2,2,2262000.0,9.42624627771528e-05,0.9791499455110163,C
supply of step ladder,Supply of step ladder,1,1,2250000.0,9.376239666162413e-05,0.9792437079076779,C
coal,Coal,6,6,2229522.8,9.29090671732155e-05,0.9793366169748511,C
gumboro inter 2000 dose,Gumboro Inter.(2000 DOSE),111,110,2229480.0,9.290728360407013e-05,0.9794295242584552,C
pcc m 7 5 proportion is 1 4 8,PCC (M-7.5) Proportion is 1:4:8,1,1,2214141.44,9.226809242765318e-05,0.9795217923508829,C
distribution transformer 3000 kva,Distribution Transformer 3000 KVA,1,1,2214000.0,9.226219831503816e-05,0.9796140545491979,C
dg set 225 kva 3 phase,DG Set 225 KVA - 3 Phase,1,1,2190000.0,9.126206608398082e-05,0.9797053166152819,C
die van aarsan c750 3 2mm x 50vr,DIE Van Aarsan C750 3.2MM X 50VR,1,1,2188800.0,9.121205947242797e-05,0.9797965286747543,C
pp bag grower 30 4 3mm 24 x44,PP Bag Grower 30/4 3mm (24''x44''),2,2,2184870.0,9.104828781959232e-05,0.9798875769625739,C
lpg cylinder in kg,LPG Cylinder In KG,41,36,2149297.12,8.956588849294506e-05,0.9799771428510669,C
foot rest bbl 109,Foot Rest Bbl 109,1,1,2090426.0,8.711260080167657e-05,0.9800642554518685,C
adept dfz 2 wsp feed,Adept (DFZ 2% WSP) feed,2,2,2072000.0,8.634474928128232e-05,0.9801506002011497,C
pvc flange,PVC Flange,12,12,2054400.0,8.561131897850694e-05,0.9802362115201283,C
hydrogen peroxide,Hydrogen Peroxide,75,75,2045205.0,8.52281433174831e-05,0.9803214396634458,C
die 660 228 s db164 26 x 8 996 1 6x43x43,"DIE 660.228 S-DB164(26""X 8.996)1.6X43X43",1,1,2034000.0,8.476120658210821e-05,0.9804062008700278,C
3 ply tin top,3 Ply Tin Top,14,14,2012376.0,8.386008744192557e-05,0.9804900609574697,C
inact pullet nd chick neno,Inact. Pullet ND (Chick Neno),15,15,2001000.0,8.33860247644044e-05,0.9805734469822341,C
zeolite powder,zeolite powder,6,6,1998270.0,8.327225972312163e-05,0.9806567192419573,C
soya hull,SOYA HULL,21,20,1977940.0,8.242506437906349e-05,0.9807391443063364,C
van aarc750s d207 29 382 x9 921 4x52x52,"Van AarC750S-D207(29.382""X9.921"")4X52X52",1,1,1936200.0,8.068566774054963e-05,0.9808198299740769,C
microvit adec,Microvit ADEC,5,5,1908000.0,7.951051236905727e-05,0.980899340486446,C
aqua strongbond,Aqua StrongBond,2,2,1892000.0,7.884375754835238e-05,0.9809781842439943,C
muzl1200 corragate roller,MUZL1200 Corragate Roller,1,1,1891200.0,7.881041980731714e-05,0.9810569946638016,C
bleaching earth aakash clay,Bleaching Earth (Aakash clay),3,3,1875000.0,7.813533055135344e-05,0.9811351299943529,C
re organisation of company as below,Re-organisation of company as below:<,1,1,1850000.0,7.709352614400207e-05,0.981212223520497,C
ib hatchable egg 58th week,IB_Hatchable_Egg_58th_Week,6,2,1839168.68,7.664216146746474e-05,0.9812888656819644,C
die 660 228 s db164 26 x 8 996 1 8x49x49,"DIE 660.228 S-DB164(26""X 8.996)1.8X49X49",1,1,1800500.0,7.503075341744634e-05,0.9813638964353818,C
charges for 1 crane hiring 300 ton,Charges for 1 crane hiring (300 Ton),1,1,1800000.0,7.500991732929931e-05,0.9814389063527111,C
die muzl1200 1 2 x 30nr,Die MUZL1200 1.2 X 30NR,1,1,1795600.0,7.482655975360546e-05,0.9815137329124648,C
contactor mnx12,Contactor - Mnx12,1,1,1785000.0,7.438483468488848e-05,0.9815881177471497,C
ae killed,AE Killed,8,8,1783800.0,7.433482807333562e-05,0.981662452575223,C
g promin 5ltr,G-Promin (5Ltr),52,52,1774800.0,7.395977848668912e-05,0.9817364123537097,C
pcc panel 6500x2100x1200,PCC PANEL 6500x2100x1200,1,1,1774300.0,7.393894239854209e-05,0.9818103512961082,C
pp bag soya doc 70 kg for 46 26 x48,"Pp Bag Soya Doc 70 Kg For 46% (26""X48"")",2,2,1744500.0,7.269711154497925e-05,0.9818830484076532,C
bleaching earth lakshmiwadi,Bleaching Earth  LakshmiWadi,3,3,1722030.0,7.176073774365183e-05,0.9819548091453968,C
caustic soda kg refinary,Caustic soda -Kg (Refinary),1,1,1722000.0,7.175948757836301e-05,0.9820265686329751,C
alluminium sheet 2440 x 1220 x 1 63 mm,ALLUMINIUM SHEET 2440 X 1220 X 1.63 MM,2,1,1720000.0,7.167614322577489e-05,0.9820982447762009,C
die 660 228 s db164 26 x 8 996 2 0x54x54,"DIE 660.228 S-DB164(26""X 8.996)2.0X54X54",1,1,1707000.0,7.113440493395217e-05,0.9821693791811349,C
frozen chicken feet,Frozen Chicken Feet,3,3,1671233.25,6.964392662248679e-05,0.9822390231077573,C
alluminium sheet 1 5mm,Alluminium Sheet 1.5mm,1,1,1670000.0,6.959253441107214e-05,0.9823086156421684,C
nd inactivated pullet killed vacc,ND Inactivated Pullet Killed Vacc.,13,13,1664000.0,6.93425013533078e-05,0.9823779581435217,C
ib hatchable egg 63rd week,IB_Hatchable_Egg_63rd_Week,6,3,1655129.9000000001,6.897286498236192e-05,0.982446931008504,C
ib hatchable egg 61st week,IB_Hatchable_Egg_61st_Week,4,2,1652666.4000000001,6.887020557606151e-05,0.9825158012140801,C
bleaching powder,Bleaching Powder,77,77,1619050.0,6.746933702889003e-05,0.982583270551109,C
polidine,Polidine,33,33,1618787.0,6.745837724652469e-05,0.9826507289283555,C
open well 1 5 hp,Open Well - 1.5 Hp,1,1,1612500.0,6.719638427416396e-05,0.9827179253126297,C
dextrose monohydrate,Dextrose Monohydrate,11,11,1604100.0,6.68463379932939e-05,0.982784771650623,C
tmt steel fe 500 cutting bending and,"TMT Steel : Fe:500, Cutting bending and",1,1,1603205.91,6.680907931719115e-05,0.9828515807299402,C
ib hatchable egg 60th week,IB_Hatchable_Egg_60th_Week,4,2,1602311.76,6.677181814075782e-05,0.9829183525480809,C
sulphuric acid,Sulphuric Acid,8,8,1587948.0,6.617324900179232e-05,0.9829845257970827,C
close type sheds monotering with control,Close Type Sheds Monotering with Control,1,1,1579200.0,6.580870080357193e-05,0.9830503344978863,C
cf3,CF3,4,4,1576250.0,6.568576788350447e-05,0.9831160202657697,C
lysoforte,Lysoforte,3,3,1575000.0,6.56336776631369e-05,0.9831816539434328,C
plaster work proportion is 1 4,Plaster work : Proportion is 1:4,1,1,1573056.0,6.555266695242125e-05,0.9832472066103852,C
euroneoline neo doxy 10 for feed,Euroneoline (Neo+Doxy) 10% for feed,1,1,1560000.0,6.500859501872607e-05,0.9833122152054039,C
die 660 228 s db164 26 x 8 996 3 2x64x64,"DIE 660.228 S-DB164(26""X 8.996)3.2X64X64",1,1,1543200.0,6.430850245698594e-05,0.9833765237078609,C
nd ib killed vaccine,ND+IB Killed Vaccine,3,3,1540000.0,6.417515149284496e-05,0.9834406988593537,C
bbl female floor 108,"Bbl Female Floor 108""",1,1,1525446.4,6.35686713079318e-05,0.9835042675306617,C
bottle 1000 ml,Bottle 1000 Ml,10,10,1521148.4,6.338956429421995e-05,0.9835676570949559,C
lable for 5000ml jar abis gold new,Lable For 5000Ml Jar Abis Gold(New),4,4,1517000.0,6.32166914380817e-05,0.9836308737863939,C
lakdi gutka,Lakdi Gutka,21,21,1506745.75,6.278937452431838e-05,0.9836936631609182,C
bulk feed tank dc 19t,Bulk Feed Tank DC-19T,2,2,1420000.0,5.9174490337558344e-05,0.9837528376512558,C
jarry can 5 ltrs rb orange,Jarry Can 5 Ltrs (RB) Orange,7,7,1417117.6,5.905437445660836e-05,0.9838118920257124,C
ferros sulphate,Ferros Sulphate,3,3,1415920.0,5.90044678582786e-05,0.9838708964935706,C
gumboro plus 5000 dose,Gumboro Plus (5000 Dose),17,17,1415700.0,5.899529997949391e-05,0.9839298917935502,C
mcb switch 6 amp 3 pole,Mcb Switch - 6 Amp-3 Pole,2,2,1408500.0,5.869526031017671e-05,0.9839885870538604,C
m1 premix,M1 - Premix,9,8,1408350.0,5.86890094837326e-05,0.9840472760633441,C
flesh of poultry r,Flesh of Poultry (R),15,15,1403325.0,5.847960679785497e-05,0.9841057556701419,C
die 660 228 s db164 26 x 8 996 4x60 10ar,"DIE 660.228 S-DB164(26""X 8.996)4X60*10AR",1,1,1402800.0,5.84577289053006e-05,0.9841642133990472,C
inner bag 42x24,"Inner Bag 42X24""",11,11,1398255.75,5.826836011817633e-05,0.9842224817591654,C
pbm procured buffalo milk kg,PBM Procured Buffalo Milk (Kg.),7,7,1370854.25,5.7126479979454783e-05,0.9842796082391448,C
coal 7000,Coal (7000),5,5,1360482.54,5.669426825186397e-05,0.9843363025073967,C
ele wire 1 5 sqmm 16 core,Ele. Wire 1.5 Sqmm 16 Core,1,1,1329900.0,5.541982725346397e-05,0.9843917223346501,C
amikasin,Amikasin,17,17,1323110.0,5.513687317642734e-05,0.9844468592078265,C
erection of silo 15000mt,Erection of silo 15000MT,1,1,1300000.0,5.4173829182271725e-05,0.9845010330370088,C
ib hatchable egg 62nd week,IB_Hatchable_Egg_62nd_Week,4,2,1259637.12,5.249182013117593e-05,0.98455352485714,C
four wheeler,Four wheeler,1,1,1255763.0,5.2330377119551606e-05,0.9846058552342596,C
immunowall,Immunowall,2,2,1240000.0,5.1673498604628415e-05,0.9846575287328642,C
sand,Sand,38,38,1230935.0,5.1295740326522806e-05,0.9847088244731906,C
poultry feed supplement 1,poultry feed supplement 1,3,3,1229150.0,5.1221355491837915e-05,0.9847600458286825,C
inactivated pullet nd 2000,Inactivated Pullet ND (2000),4,4,1200000.0,5.0006611552866204e-05,0.9848100524402353,C
temperature controlling system roll on,Temperature Controlling System Roll on,1,1,1200000.0,5.0006611552866204e-05,0.9848600590517882,C
pp bag ib ap 95 breeder feed 26x46,PP Bag IB AP/95 Breeder Feed (26x46),3,3,1158296.8,4.8268748450439964e-05,0.9849083278002386,C
pouch roll 1000ml rb,Pouch Roll 1000Ml (RB),2,2,1146475.0,4.77761083167269e-05,0.9849561039085554,C
lenovo pc with monitor core i3 8 gb ram,Lenovo PC with Monitor core i3 8 GB Ram,27,24,1146000.0,4.7756314032987224e-05,0.9850038602225883,C
hdpe tarpavlin 180 gsm,HDPE Tarpavlin 180 GSM,3,3,1139243.53,4.747475722402173e-05,0.9850513349798123,C
ibd mb vacc,IBD MB Vacc.,28,25,1136330.0,4.735334408822371e-05,0.9850986883239006,C
clean tab,Clean Tab,64,64,1131000.0,4.71312313885764e-05,0.9851458195552891,C
hps ibh vaccine 2500,HPS_IBH Vaccine 2500,7,7,1127580.48,4.698873254829535e-05,0.9851928082878374,C
heptocare powder,Heptocare Powder,2,2,1127000.0,4.696454268340018e-05,0.9852397728305208,C
surveillance fee,Surveillance Fee,4,4,1111033.17,4.629917012878297e-05,0.9852860720006495,C
1 5 b1 broiler concentrate prestarter,1.5% B1 BROILER CONCENTRATE (PRESTARTER),3,3,1105650.0,4.60748417195221e-05,0.985332146842369,C
trypamino l tryptophan,Trypamino(L-tryptophan),2,2,1105000.0,4.604775480493096e-05,0.9853781945971739,C
acetic acid,Acetic Acid,7,7,1094300.0,4.5601862518584576e-05,0.9854237964596925,C
clon 30 vacc,Clon-30 Vacc.,33,33,1091744.35,4.549536302123868e-05,0.9854692918227137,C
ms tmt 10 mm,Ms Tmt 10 Mm,8,6,1091221.95,4.547359347634266e-05,0.9855147654161901,C
gumboro inter 5000 dose,Gumboro Inter (5000 Dose),25,25,1090775.0,4.545496809714803e-05,0.9855602203842873,C
3 ply chicks box paper,3 Ply Chicks Box  - Paper,11,11,1084260.0,4.518347386859226e-05,0.9856054038581559,C
ef chlor 1 67 gm clean tab,EF-Chlor 1.67 gm (clean Tab),23,23,1081080.0,4.5050956347977166e-05,0.9856504548145039,C
b v jenta 100ml,B.V.JENTA 100ML,51,51,1075250.0,4.480800756018282e-05,0.9856952628220641,C
ghee,Ghee,18,18,1074154.45,4.476235360744387e-05,0.9857400251756715,C
climate controller electrical control,Climate Controller & Electrical Control,1,1,1069374.0,4.4563141852278953e-05,0.9857845883175238,C
pouch chicken egg puppy 3 5 kg,Pouch Chicken & Egg Puppy 3.5 Kg.,8,8,1061209.5,4.422290936892614e-05,0.9858288112268927,C
milk roll natural 500ml,MILK ROLL NATURAL 500ML,2,2,1055291.34,4.397628676206972e-05,0.9858727875136548,C
non chemical egg trays 15 lbs,Non Chemical Egg Trays 15 ½ LBS,3,3,1050060.0,4.3758285439335576e-05,0.9859165457990942,C
transparent container,Transparent container,1,1,1050000.0,4.375578510875793e-05,0.9859603015842029,C
relay 2 3 3 mn2,Relay  2 - 3.3 Mn2,3,3,1045920.0,4.358576262947819e-05,0.9860038873468324,C
bottle 500 ml,Bottle 500 Ml,8,8,1044199.8999999999,4.351408231903478e-05,0.9860474014291515,C
maintenance charges under tpms contract,Maintenance Charges Under TPMS Contract,1,1,1035643.0,4.315749767370418e-05,0.9860905589268252,C
ms beam 600x210 mm 122 6 kg mtr,"MS Beam 600X210 mm, 122.6 kg / mtr",2,2,1034100.0,4.309319750568245e-05,0.9861336521243309,C
pp bag finisher 26 5 4mm 24 x44,PP Bag Finisher 26/5 4mm (24''x44''),3,3,1022310.0,4.2601882547175546e-05,0.986176254006878,C
mtr system multi tier broiler rearing,MTR SYSTEM - Multi Tier Broiler Rearing,1,1,1020000.0,4.2505619819936276e-05,0.9862187596266979,C
ib hatchable egg 66th week,IB_Hatchable_Egg_66th_Week,3,2,1017583.38,4.240491400526054e-05,0.9862611645407032,C
nec ip epabx system sv 9100,NEC IP EPABX System SV 9100,1,1,1013600.0,4.2238917891654324e-05,0.9863034034585949,C
15 kg square jar,15 Kg Square Jar,6,6,1007124.3,4.196906137962691e-05,0.9863453725199746,C
tractor 2750bp oib tu 39hp,Tractor 2750BP OIB TU (39HP),2,2,1000491.1,4.169264149983318e-05,0.9863870651614743,C
parle pet jar 1 ltr red cap,Parle Pet Jar 1 Ltr (RED CAP),8,8,995803.2,4.149728650458428e-05,0.9864285624479789,C
nobilis mg inac 500ml,Nobilis MG Inac 500Ml,1,1,995598.0,4.1488735374008743e-05,0.986470051183353,C
structural steel,Structural Steel :,1,1,991530.0,4.1319212960844524e-05,0.9865113703963138,C
ib 4 91 vacc,IB 4/91 Vacc.,5,5,990000.0,4.125545453111462e-05,0.9865526258508449,C
choker,Choker,5,5,983382.5,4.097968890448871e-05,0.9865936055397494,C
vitamin c plain,Vitamin C (Plain),1,1,980000.0,4.083873276817407e-05,0.9866344442725176,C
sandblasting painting,Sandblasting & Painting,1,1,975000.0,4.0630371886703793e-05,0.9866750746444043,C
inner bag 19 x32,"Inner Bag 19""X32""",11,11,969964.2,4.042051914132219e-05,0.9867154951635456,C
cage matting 485 434 59 38mm,Cage Matting 485*434*59*38MM,1,1,960000.0,4.0005289242292966e-05,0.9867555004527879,C
van aarc750s db207 29 382 x9 921 5x55 5,"Van AarC750S-DB207(29.382""X9.921"")5X55*5",1,1,954000.0,3.9755256184528636e-05,0.9867952557089724,C
die cpm 3020 6 5652700 4mm x 50 6ar,DIE CPM 3020-6 5652700 4MM X 50*6AR,1,1,954000.0,3.9755256184528636e-05,0.9868350109651569,C
civil work shed 4 store additional work,Civil work Shed 4(store )Additional work,1,1,944733.0,3.936908012681163e-05,0.9868743800452837,C
red soil murum,Red Soil (Murum),13,13,941499.6,3.923433731198243e-05,0.9869136143825957,C
pouch chicken egg adult 3 5 kg,Pouch Chicken & Egg Adult 3.5 kg,8,8,940337.64,3.9185915910015784e-05,0.9869528002985057,C
gelatin,Gelatin,7,7,940000.0,3.917184571641186e-05,0.9869919721442222,C
pqg 99 pac 1ltr,PQG-99 (pac.-1Ltr.),23,23,939400.0,3.914684241063543e-05,0.9870311189866329,C
distribution transformer 200 kva,Distribution Transformer 200 KVA,3,1,933000.0,3.888014048235347e-05,0.9870699991271152,C
hydrated lime,Hydrated Lime,4,4,929837.5,3.874835222482353e-05,0.9871087474793401,C
ib hatchable egg 59th week,IB_Hatchable_Egg_59th_Week,6,2,919550.92,3.831968804960063e-05,0.9871470671673896,C
ms tmt 20 mm,Ms Tmt 20 Mm,4,4,918367.06,3.827035402697315e-05,0.9871853375214166,C
parle pet jar 500 grams red cap,Parle Pet Jar 500 grams (RED CAP),7,7,908993.25,3.787972696410617e-05,0.9872232172483807,C
hasian cloth bardana fatti,Hasian Cloth (Bardana Fatti),1,1,900951.92,3.754462724270749e-05,0.9872607618756234,C
endox t dry,Endox T Dry,3,3,900000.0,3.7504958664649657e-05,0.987298266834288,C
charges for 1 crane hiring 100 ton,Charges for 1 crane hiring (100 Ton),1,1,900000.0,3.7504958664649657e-05,0.9873357717929526,C
bearing hh 228340 228318,Bearing HH 228340/228318,1,1,899892.0,3.7500458069609896e-05,0.9873732722510222,C
wash tin r,Wash Tin (R),11,11,894054.0,3.7257175904405204e-05,0.9874105294269266,C
ms tmt 16 mm,Ms Tmt 16 Mm,5,5,893191.1799999999,3.7221220317255164e-05,0.9874477506472439,C
road metal gitti,Road Metal  (Gitti),22,19,889633.71,3.707297280025435e-05,0.9874848236200441,C
armod cable 240 sqmmx3 5core all,Armod Cable-240 Sqmmx3.5Core - All.,1,1,880515.0,3.669297630955999e-05,0.9875215165963537,C
prolibid,Prolibid,3,3,880000.0,3.667151513876855e-05,0.9875581881114924,C
jar box 5 ltrs 1x4,Jar Box 5 Ltrs (1X4),4,4,876495.0,3.652545416085789e-05,0.9875947135656533,C
civil work staff quarters,Civil work staff quarters,3,3,868597.45,3.619634606496677e-05,0.9876309099117183,C
para kutti,PARA KUTTI,74,74,867928.0,3.6168448626546716e-05,0.9876670783603448,C
ib hatchable egg 64th week,IB_Hatchable_Egg_64th_Week,6,3,861534.42,3.590201423363658e-05,0.9877029803745785,C
pvc pipe 2,"Pvc Pipe 2""",1,1,852720.0,3.553469816946673e-05,0.9877385150727479,C
filter bag with ptfe membrane 149mmx4565,FILTER BAG WITH PTFE MEMBRANE 149MMX4565,3,3,852500.0,3.5525530290682035e-05,0.9877740406030386,C
dismantling of silo 15000 mt,Dismantling of silo 15000 MT,1,1,850000.0,3.5421349849946896e-05,0.9878094619528885,C
liquid glucose,Liquid Glucose,14,14,847750.0,3.532758745328527e-05,0.9878447895403418,C
hdpe tarpavlin 150 gsm,HDPE Tarpavlin 150 GSM,1,1,847332.2,3.531017681802961e-05,0.9878800997171598,C
strip roll,Strip Roll,4,4,844392.0,3.5187652285289835e-05,0.9879152873694451,C
nd killed,ND Killed,3,3,840000.0,3.500462808700635e-05,0.9879502919975321,C
drools box 3 kg x 6 pkt 615 x 280 x 335,DROOLS BOX 3 KG X 6 PKT(615 X 280 X 335),5,5,828240.0,3.451456329378826e-05,0.987984806560826,C
lecithin heater,Lecithin Heater,1,1,820000.0,3.417118456112524e-05,0.9880189777453872,C
pouch boxes 1ltr rb,Pouch Boxes (1LTR) RB,9,8,812796.46,3.387099737230396e-05,0.9880528487427594,C
cobalt carobonate coco3,Cobalt Carobonate (COCO3),4,4,810000.0,3.375446279818469e-05,0.9880866032055576,C
pp bag abis feed internal 26 46 blue,"PP BAG ABIS FEED INTERNAL 26""46"" BLUE",6,6,807218.9,3.3638568308693296e-05,0.9881202417738664,C
promotional stickers,Promotional stickers,14,11,805576.0,3.357010509025979e-05,0.9881538118789567,C
rice bran silky,Rice Bran Silky,14,14,800807.5499999999,3.33713934012104e-05,0.9881871832723579,C
cooling tower,Cooling Tower,1,1,800000.0,3.3337741035244136e-05,0.9882205210133931,C
stabilizer 200 kva,Stabilizer 200 Kva,3,1,795000.0,3.3129380153773865e-05,0.9882536503935468,C
pouch chicken egg puppy 1 2 kg,Pouch Chicken & Egg Puppy 1.2 kg,7,7,790310.54,3.2933960149929945e-05,0.9882865843536968,C
pouch roll 500ml rb,Pouch Roll 500Ml (RB),2,2,786425.0,3.277204124205234e-05,0.9883193563949388,C
pouch chicken egg adult 1 2 kg,Pouch Chicken & Egg Adult 1.2 kg,7,7,785149.24,3.2718877546423434e-05,0.9883520752724853,C
jarry can 2 ltrs rb orange,Jarry Can 2 Ltrs (RB) Orange,8,8,782351.48,3.260228879847498e-05,0.9883846775612837,C
pp bag broiler finisher pel crb 50kg,PP Bag Broiler Finisher (Pel/Crb) - 50Kg,1,1,778993.65,3.2462360714749515e-05,0.9884171399219984,C
drools 5ply gorrugated box 12pkt 1 2kg,Drools 5ply Gorrugated Box - 12pkt 1.2kg,5,5,774822.36,3.228853398249588e-05,0.9884494284559809,C
drools box 6pkt 3kg 505x380x310,Drools Box- 6Pkt 3kg (505X380X310),6,6,769792.0599999999,3.20789104340839e-05,0.988481507366415,C
pvc pipe 1 5,"Pvc Pipe 1.5""",4,4,754370.0,3.14362396309464e-05,0.988512943606046,C
mycocurb dry,Mycocurb Dry,1,1,750000.0,3.1254132220541376e-05,0.9885441977382665,C
bbl male floor 96,"Bbl Male Floor 96""",1,1,747775.8,3.1161444966028144e-05,0.9885753591832326,C
bricks,Bricks,26,26,743130.0,3.096784436940122e-05,0.988606327027602,C
vitamin b1 thiamin,Vitamin B1(Thiamin),5,5,733250.0,3.055612326761595e-05,0.9886368831508696,C
self supporting chimney,Self Supporting chimney,1,1,725400.0,3.022899668370762e-05,0.9886671121475533,C
frozen fat,Frozen Fat,6,6,721057.5,3.004803525815069e-05,0.9886971601828115,C
gi welded wire mesh,GI Welded Wire Mesh,7,4,718974.0,2.9961211278842024e-05,0.9887271213940904,C
ib hatchable egg,IB_Hatchable_Egg,2,1,716250.0,2.9847696270617016e-05,0.9887569690903609,C
gi wire 4 mm for tin handle,Gi Wire 4 mm (For Tin Handle),4,4,715509.71,2.981684677522829e-05,0.9887867859371362,C
die muzl1200 25 59 x 6 889 3 2 x 74nr,"DIE MUZL1200(25.59""X 6.889"") 3.2 X 74NR",1,1,715500.0,2.9816442138396476e-05,0.9888166023792746,C
chicks box,Chicks Box,2,2,714816.0,2.9787938369811343e-05,0.9888463903176444,C
solex m,Solex - M,13,13,712500.0,2.969142560951431e-05,0.9888760817432539,C
insuarnce charges,INSUARNCE CHARGES,101,83,711844.03,2.96640899120307e-05,0.9889057458331659,C
ms plate 10mm,MS Plate 10mm,4,4,704321.34,2.935060304814517e-05,0.988935096436214,C
bopp bag van starter plus 103 p 25kg n,BOPP BAG VAN. STARTER PLUS 103-P (25KG)N,1,1,702769.6,2.9285938665302636e-05,0.9889643823748794,C
ms beam 250x125 mm 37 3 kg mtr,"MS Beam 250X125 mm, 37.3 kg / mtr",1,1,702728.4,2.928422177163932e-05,0.988993666596651,C
tractor 5310,Tractor 5310,1,1,700446.43,2.9189127115501577e-05,0.9890228557237665,C
godrej locker matrix 2414,GODREJ LOCKER MATRIX 2414,19,2,695590.0,2.898674910838184e-05,0.9890518424728748,C
bag purepet adult 10 kg,Bag Purepet Adult 10 kg,6,6,692497.2,2.885786540153958e-05,0.9890807003382763,C
armod cable 1 5 sqmm x 12 core cu,Armod Cable - 1.5 Sqmm x 12 Core Cu.,2,2,687900.0,2.8666290072680553e-05,0.989109366628349,C
pp bag sinking 22 5 3mm 24 x44,PP Bag Sinking 22/5 3mm (24''x44''),1,1,678684.6,2.8282264299260315e-05,0.9891376488926483,C
neo dox,Neo-Dox,17,17,675740.0,2.815955640894484e-05,0.9891658084490572,C
labour charges of alluminium cooling,Labour Charges of Alluminium Cooling,2,2,674680.0,2.8115383902073143e-05,0.9891939238329593,C
sag rods brace rod clits,Sag Rods/ Brace Rod/ Clits,4,3,672950.0,2.804329103708443e-05,0.9892219671239965,C
earthing pipe,Earthing Pipe,10,10,671825.0,2.7996409838753617e-05,0.9892499635338352,C
lenovo laptop v 130,lenovo laptop-V-130,16,15,665315.0,2.7725123971079316e-05,0.9892776886578063,C
muzle1200 25 59 x6 889 1 6x43x43,"MUZLE1200 (25.59""X6.889)1.6X43X43",1,1,664000.0,2.7670325059252635e-05,0.9893053589828655,C
erection of hopper silo 350 mt,Erection of hopper silo 350 MT,1,1,660000.0,2.7503636354076415e-05,0.9893328626192196,C
battery 12 volt,Battery 12 Volt,21,19,659566.75,2.7485581883697014e-05,0.9893603482011033,C
banest 20 chloropyriphos 20,Banest 20 (Chloropyriphos 20%),5,5,653200.0,2.7220265555276838e-05,0.9893875684666585,C
drools box 12pkt 1 5kg 635x350x250,Drools Box-12Pkt 1.5kg (635X350X250),8,8,652535.0,2.719255355804129e-05,0.9894147610202165,C
die 660 228 s db164 26 x 8 996 2 2x59x59,"DIE 660.228 S-DB164(26""X 8.996)2.2X59X59",1,1,645400.0,2.689522258018321e-05,0.9894416562427967,C
rafu sutli,Rafu Sutli,5,5,644700.0,2.686605205677737e-05,0.9894685222948535,C
neomycine,Neomycine,1,1,644446.2,2.6855475658433935e-05,0.9894953777705119,C
ibd mb vacc 5000 dose,IBD MB VACC. (5000 DOSE),10,10,642000.0,2.675353718078342e-05,0.9895221313076926,C
armod cable 1 5 sqmm x 2 core cu,Armod Cable - 1.5 Sqmm X 2 Core - Cu.,1,1,632850.0,2.6372236767692814e-05,0.9895485035444603,C
rin sorbant 530,Rin Sorbant 530,1,1,630000.0,2.6253471065254757e-05,0.9895747570155256,C
occidal diclazuril 0 5,Occidal (Diclazuril 0.5 %),1,1,630000.0,2.6253471065254757e-05,0.9896010104865908,C
ms angle 35x35x5 2 60 kg mtr,"MS Angle 35X35X5, 2.60 kg / mtr",13,11,628005.4299999999,2.6170352992583922e-05,0.9896271808395833,C
office chair,Office Chair,57,33,625716.92,2.607498580041322e-05,0.9896532558253838,C
chemical egg trays 15x1 2,Chemical Egg Trays 15x1/2,2,2,623000.0,2.5961765831196372e-05,0.989679217591215,C
armod cable 1 5 sqmm x 3 core cu,Armod Cable - 1.5 Sqmm X 3 Core - Cu.,2,2,621840.0,2.5913426106695268e-05,0.9897051310173217,C
immunocare advance,Immunocare Advance,29,29,621075.0,2.5881546891830316e-05,0.9897310125642136,C
rape seed doc dairy,Rape seed DOC Dairy,1,1,620928.0,2.587542108191509e-05,0.9897568879852955,C
insurance,Insurance,15,3,618206.0,2.576198941804267e-05,0.9897826499747135,C
toxol liq,Toxol liq.,32,32,611200.0,2.547003415092652e-05,0.9898081200088644,C
muzle1200 25 59 x6 889 1 8x49x49,"MUZLE1200 (25.59""X6.889)1.8X49X49",1,1,603200.0,2.513665674057408e-05,0.989833256665605,C
tin wash 01 02 19 to 15 02 19,Tin Wash 01.02.19 to 15.02.19,1,1,603032.0,2.5129655814956678e-05,0.9898583863214199,C
dzire zdi white,Dzire ZDI - White,1,1,601464.12,2.5064318843188755e-05,0.9898834506402631,C
ibd mb vacc 2000 dose,IBD MB Vacc. (2000 Dose),16,16,600000.0,2.5003305776433102e-05,0.9899084539460395,C
maize starch,Maize Starch,8,8,599600.0,2.498663690591548e-05,0.9899334405829454,C
v cofex extended bromo,V Cofex Extended Bromo,17,17,598000.0,2.4919961423844992e-05,0.9899583605443693,C
relay 1 4 2 3a mn2,Relay  1.4-2.3A Mn2,1,1,592000.0,2.4669928366080663e-05,0.9899830304727353,C
5 ply corrugated box 1 2kg x 18 pkt,5 ply corrugated box 1.2kg x 18 pkt,4,4,591445.25,2.4646810726281536e-05,0.9900076772834616,C
ms tmt 25 mm,Ms Tmt 25 Mm,2,2,587624.0,2.4487570922617875e-05,0.9900321648543843,C
amf cum apfc panel 3200x2200x700,AMF CUM APFC PANEL 3200X2200X700,4,1,587500.0,2.4482403572757414e-05,0.9900566472579571,C
tablet bottle 300 ml with cap,Tablet Bottle 300 ml with cap,5,5,587021.6,2.4462467603618336e-05,0.9900811097255606,C
apfc panel 250 kvar,APFC Panel - 250 KVAR,1,1,582098.0,2.425729047641693e-05,0.990105367016037,C
mahindra tractor dl 57 hp,MAHINDRA TRACTOR Dl 57 HP,1,1,580357.15,2.418474546831542e-05,0.9901295517615053,C
changeover panel 2100x2000x350,Changeover Panel 2100X2000x350,1,1,575700.0,2.3990671892487562e-05,0.9901535424333978,C
insurance other expensess,Insurance & Other Expensess,12,3,575502.0,2.398242080158134e-05,0.9901775248541994,C
cement sheet 3 mtr,Cement Sheet 3 Mtr,2,2,571392.0,2.3811148157012774e-05,0.9902013360023564,C
bio buster,Bio Buster,22,22,571054.0,2.3797062961425383e-05,0.9902251330653178,C
led tv 32,"LED TV - 32""",32,13,570120.53,2.375816323502017e-05,0.9902488912285528,C
rent 210 machine,Rent 210 Machine,1,1,570000.0,2.3753140487611447e-05,0.9902726443690404,C
two wheeler,Two Wheeler,10,6,562234.47,2.342953395243467e-05,0.9902960739029928,C
sodium selenite,Sodium Selenite,2,2,560000.0,2.3336418724670898e-05,0.9903194103217174,C
installation of 44 mtr tower,Installation of 44 MTR tower,1,1,555000.0,2.312805784320062e-05,0.9903425383795607,C
bopp bag van grower 1 104 25kg vds,BOPP BAG VAN. GROWER 1 104 (25KG) VDS,1,1,552000.0,2.3003041314318455e-05,0.990365541420875,C
viroflexx tripple salt,ViroFlexx (Tripple Salt),4,4,550800.0,2.295303470276559e-05,0.9903884944555778,C
gumboro plus 500 dose,Gumboro plus.(500 dose),29,29,550000.0,2.2919696961730345e-05,0.9904114141525395,C
die 2mm x 54nr muzl 1200,Die 2mm X 54NR MUZL 1200,1,1,547200.0,2.280301486810699e-05,0.9904342171674076,C
labour charges for erection and,Labour Charges for Erection and,2,2,544000.0,2.2669663903966012e-05,0.9904568868313116,C
bag optimum performance for dog adult 20,Bag Optimum Performance for Dog Adult 20,5,5,543750.0,2.26592458598925e-05,0.9904795460771715,C
civil work external road work,Civil work External Road work,1,1,542387.28,2.2602458351813065e-05,0.9905021485355233,C
pvc square pipe component 16pcs 4m,Pvc Square Pipe Component 16pcs/4M,1,1,541539.7,2.2567137848629747e-05,0.990524715673372,C
rent hiwa,Rent HIWA,2,2,540000.0,2.2502975198789793e-05,0.9905472186485708,C
cement ppc ultratech,Cement (PPC Ultratech ),1,1,539216.0,2.2470304212575253e-05,0.9905696889527833,C
copper strip 25x3 mm,Copper Strip 25X3 mm,5,5,535900.0,2.2332119275984166e-05,0.9905920210720592,C
pouch roll 1000ml palm oil,POUCH ROLL 1000ML (Palm Oil),1,1,534000.0,2.2252942141025463e-05,0.9906142740142002,C
eggs cartoon without logo,Eggs Cartoon Without Logo,2,2,530200.0,2.209458787110805e-05,0.9906363686020713,C
1x100w high bay lhb11 110 cdl 60,1X100W HIGH BAY LHB11-110-CDL/60,1,1,530000.0,2.208625343584924e-05,0.9906584548555071,C
nobilis reo inac 500ml,Nobilis Reo INAC 500ML,5,5,523480.0,2.1814550846412e-05,0.9906802694063535,C
ndibd killed,NDIBD Killed,1,1,520000.0,2.166953167290869e-05,0.9907019389380264,C
office table,Office Table,45,26,513613.16000000003,2.140337815046677e-05,0.9907233423161769,C
pp bag broiler starter 50kg,PP Bag Broiler Starter (50Kg),8,8,513537.0,2.1400204397520212e-05,0.9907447425205744,C
bopp bag van starter 102 20kg n,BOPP BAG VAN. STARTER 102 (20KG) N,2,2,511520.0,2.1316151617935103e-05,0.9907660586721924,C
purepet cat adult 7 kg,Purepet Cat Adult 7 kg,3,3,510414.0,2.1270062190953875e-05,0.9907873287343834,C
nylon thread,Nylon Thread,7,7,506050.0,2.1088204813606618e-05,0.990808416939197,C
parasniketi liquid,Parasniketi Liquid,2,2,504000.0,2.1002776852203808e-05,0.9908294197160492,C
pvc pipe 8,"Pvc Pipe 8""",3,1,502850.0,2.0954853849465642e-05,0.9908503745698987,C
shrink films for 5000ml jarry can,Shrink Films for 5000ML Jarry Can,6,6,500937.8,2.0875168313956152e-05,0.9908712497382126,C
corporate restucturing,Corporate Restucturing,1,1,500000.0,2.0836088147027585e-05,0.9908920858263597,C
consultancy services for detailed design,Consultancy Services for detailed design,1,1,500000.0,2.0836088147027585e-05,0.9909129219145068,C
erection of silo 2000mt,Erection of silo 2000MT,1,1,500000.0,2.0836088147027585e-05,0.9909337580026538,C
ht panel 11kv 25 ka 630a vcb,HT Panel 11KV 25 ka 630A VCB,2,2,497713.0,2.0740783879843083e-05,0.9909544987865336,C
restrict l,Restrict L,16,16,496145.0,2.0675441907414003e-05,0.9909751742284411,C
bbl top 108,"Bbl Top 108""",1,1,490011.6,2.0419849781332045e-05,0.9909955940782224,C
logitech conference cam group,Logitech Conference Cam Group,2,2,488750.0,2.0367276163719466e-05,0.9910159613543861,C
water tank 2000 ltr,Water Tank - 2000 Ltr.,3,3,486953.0,2.0292391262919048e-05,0.991036253745649,C
orange tharaded nipple,Orange Tharaded Nipple,4,4,486000.0,2.0252677678910813e-05,0.9910565064233279,C
hot insulation works,Hot Insulation Works,3,3,480000.0,2.0002644621146483e-05,0.991076509067949,C
amc of air cooled chiller model,AMC of Air cooled chiller Model,1,1,478193.32,1.992735633367954e-05,0.9910964364242827,C
promotional expenses,Promotional Expenses,2,1,476000.0,1.9835955915970263e-05,0.9911162723801986,C
lable for 2 ltr jarry can abis gold new,Lable For 2 Ltr Jarry Can(Abis Gold) New,4,4,471900.0,1.9665099993164636e-05,0.9911359374801918,C
frozen chicken skin,Frozen Chicken Skin,3,3,470942.0,1.962517804827493e-05,0.9911555626582401,C
pouch crate ch 4737168ep org,Pouch Crate (CH-4737168EP ORG),1,1,470675.0,1.9614051577204417e-05,0.9911751767098174,C
contactor mnx 40 240v,Contactor Mnx 40-240V,1,1,469500.0,1.9565086770058905e-05,0.9911947417965874,C
surge protection device lpda2015p2,Surge Protection Device - LPDA2015P2,3,3,468650.0,1.9529665420208957e-05,0.9912142714620076,C
pouch adult chicken egg 15 kg,Pouch Adult Chicken & Egg 15 KG,4,4,467651.0,1.9488034916091195e-05,0.9912337594969237,C
venlyte,Venlyte,28,28,467100.0,1.946507354695317e-05,0.9912532245704707,C
glycerin food grade,Glycerin (Food Grade),3,3,466000.0,1.941923415302971e-05,0.9912726438046238,C
maruti swift vxi,Maruti Swift VXi,1,1,463852.72,1.932975232231701e-05,0.9912919735569461,C
stay c,STAY C,1,1,457500.0,1.9065020654530242e-05,0.9913110385776006,C
bromohexine hydrochloride,Bromohexine Hydrochloride,1,1,450000.0,1.8752479332324828e-05,0.991329791056933,C
drools 5ply gorrugated box 6pkt 3kg,Drools 5ply Gorrugated Box - 6pkt 3kg,5,5,445880.07999999996,1.858079329976742e-05,0.9913483718502327,C
cable tie 390x3 6 mm ball type pull up,Cable tie 390x3.6 mm Ball type pull up,9,4,445500.0,1.856495453900158e-05,0.9913669368047717,C
vivagen water purification system,Vivagen Water purification system,1,1,445500.0,1.856495453900158e-05,0.9913855017593107,C
freight charges from rajpura to hyderaba,Freight charges from Rajpura to Hyderaba,2,1,438600.0,1.82774165225726e-05,0.9914037791758333,C
enhancement fee,Enhancement Fee,2,2,434145.0,1.8091766977182584e-05,0.9914218709428105,C
labour charges for fabrication works,Labour Charges for Fabrication Works,8,8,431018.0,1.7961458081911073e-05,0.9914398324008924,C
caustic soda kg,Caustic Soda -Kg,2,2,430500.0,1.7939871894590752e-05,0.991457772272787,C
gumboro inter 500 dose,Gumboro Inter.(500 DOSE),30,30,426620.0,1.7778183850569817e-05,0.9914755504566376,C
pp bag maintenance 20 3 4mm 24 x44,PP Bag Maintenance 20/3 4mm (24''x44''),1,1,426300.0,1.776484875415572e-05,0.9914933153053918,C
cotton seed,Cotton Seed,1,1,426018.0,1.7753097200440795e-05,0.9915110684025922,C
apfc panel 177 5 kvar,APFC Panel - 177.5 KVAR,1,1,425660.0,1.7738178561327523e-05,0.9915288065811535,C
milk roll abis natural 1000ml,Milk Roll Abis Natural 1000ML,2,2,423749.47,1.7658562618352442e-05,0.9915464651437719,C
road,Road,1,1,423728.81,1.7657701671190207e-05,0.991564122845443,C
jar box 2 ltrs 1x6,Jar Box 2 Ltrs (1X6),3,3,421860.0,1.7579824291410115e-05,0.9915817026697344,C
software subcription fee,Software Subcription fee,1,1,420000.0,1.7502314043503173e-05,0.991599204983778,C
bearing 29436 e,Bearing 29436 E,2,2,419385.0,1.747668565508233e-05,0.9916166816694331,C
pouch purepet adult 3 kg,Pouch Purepet Adult 3 kg,5,5,418682.72,1.7447420119114536e-05,0.9916341290895522,C
best cat litter 5kg,Best Cat Litter 5kg,1,1,416000.0,1.733562533832695e-05,0.9916514647148905,C
duxprim,Duxprim,2,2,412776.0,1.7201274241954917e-05,0.9916686659891325,C
gi ht bolt connection bolt,GI HT Bolt/ Connection Bolt,3,3,412650.0,1.7196023547741867e-05,0.9916858620126803,C
ele pipe 3 4,Ele. Pipe - 3/4'',2,2,408510.0,1.702350073788448e-05,0.9917028855134181,C
installation of conveyor bridge,Installation of conveyor Bridge,1,1,405000.0,1.6877231399092346e-05,0.9917197627448172,C
bbl male foot rest 97,"Bbl Male Foot Rest 97""",1,1,402655.0,1.6779510145682784e-05,0.9917365422549629,C
design cost,Design cost,2,2,402285.0,1.6764091440453985e-05,0.9917533063464034,C
ms pipe 1 5 b class 3 2 mm 3 56 kg m,"MS Pipe 1.5"" B Class 3.2 mm, 3.56 kg / m",4,3,401576.01,1.6734546284183263e-05,0.9917700408926875,C
canine creek 2 6 kg container,Canine Creek 2.6 kg Container,1,1,401200.0,1.6718877129174934e-05,0.9917867597698167,C
avila zn,Avila Zn,1,1,400000.0,1.6668870517622068e-05,0.9918034286403343,C
add on aux contact block 1no 1nc l t,Add On Aux. Contact Block 1NO+1NC (L&T),1,1,399000.0,1.6627198341328013e-05,0.9918200558386756,C
plastic container 5 ltrs,Plastic Container 5 Ltrs,2,2,399000.0,1.6627198341328013e-05,0.9918366830370169,C
fubbles natural green shampoo 250 ml,Fubbles Natural Green shampoo 250 ml,3,3,396240.0,1.651218313475642e-05,0.9918531952201517,C
fubbles enhancing black shampoo 250 ml,Fubbles Enhancing Black shampoo 250 ml,3,3,396240.0,1.651218313475642e-05,0.9918697074032865,C
fubbles conditioning red shampoo 250 ml,Fubbles Conditioning Red shampoo 250 ml,3,3,396240.0,1.651218313475642e-05,0.9918862195864213,C
sodium oxide white powder,Sodium Oxide (white powder),3,3,396000.0,1.650218181244585e-05,0.9919027217682338,C
apfc panel 170 kvar,APFC Panel - 170 KVAR,1,1,395678.0,1.648876337167916e-05,0.9919192105316055,C
diesel air heater dh50 unotec,Diesel Air Heater DH50 - Unotec,3,3,393062.24,1.6379758959816225e-05,0.9919355902905653,C
wheat gulten,Wheat Gulten,4,4,392100.0,1.6339660324899032e-05,0.9919519299508902,C
jarry can 15 ltr,Jarry Can 15 Ltr,3,3,391280.64,1.6305515810530736e-05,0.9919682354667008,C
slatt 24 5 inch x 19 inch fg00354,Slatt 24.5 Inch x 19 Inch - FG00354,1,1,390000.0,1.625214875468152e-05,0.9919844876154554,C
bopp bag van starter 102 p 20kg n,BOPP BAG VAN. STARTER 102-P (20KG) N,2,2,387356.8,1.614200085830107e-05,0.9920006296163137,C
feeder set,Feeder Set,6,6,386074.0,1.6088543790551057e-05,0.9920167181601043,C
vacsafe dech agent,Vacsafe Dech Agent,40,40,385646.4,1.6070724767967718e-05,0.9920327888848722,C
e care se,E Care Se,9,9,385000.0,1.604378787321124e-05,0.9920488326727455,C
ge bbl rh door female 12 5 x18,"Ge Bbl Rh Door Female 12.5""X18""",1,1,384342.5,1.60163884172979e-05,0.9920648490611628,C
1x100w flame proof fwl1315 60 cdl,1X100W FLAME PROOF FWL1315-60-CDL,1,1,381100.0,1.5881266385664425e-05,0.9920807303275484,C
1 2 pouch roll film palm oil,1/2 Pouch Roll Film (Palm Oil),1,1,378000.0,1.5752082639152856e-05,0.9920964824101876,C
cello tap abis,Cello Tap - Abis,3,3,377784.0,1.5743081449073338e-05,0.9921122254916366,C
transformer 315 kva,Transformer 315 KVA,1,1,375000.0,1.5627066110270688e-05,0.9921278525577468,C
installation of 34 mtr tower,Installation of 34 MTR tower,1,1,375000.0,1.5627066110270688e-05,0.9921434796238571,C
rto hyundai grand magna,RTO - Hyundai Grand Magna,6,1,373734.0,1.5574309135082415e-05,0.9921590539329922,C
ib hatchable egg 65th week,IB_Hatchable_Egg_65th_Week,2,1,370560.95999999996,1.5442081652814324e-05,0.992174496014645,C
precor treadmill 932i,Precor Treadmill 932i,1,1,370000.0,1.5418705228800413e-05,0.9921899147198738,C
pouch lets bite active adult 10 kg,Pouch Lets Bite Active Adult 10 kg,2,2,369483.0,1.5397160713656388e-05,0.9922053118805875,C
freight charges for old storage silo,Freight Charges for old storage silo,4,4,367573.0,1.5317566856934743e-05,0.9922206294474444,C
maxtreat 9002,Maxtreat 9002,6,6,362160.0,1.5091995366655022e-05,0.992235721442811,C
ge bbl floor male 9 feet,Ge Bbl Floor Male (9 Feet),1,1,361702.7,1.5072938680435751e-05,0.9922507943814914,C
ge bbl door female 12 5 x13 5,"Ge Bbl Door Female 12.5""X13.5""",1,1,360989.7,1.504322641873809e-05,0.9922658376079102,C
activo powder,Activo Powder,2,2,360000.0,1.5001983465859862e-05,0.992280839591376,C
ms square pipe 3 4 x3 4 2 2mm 2 1 kg,"MS Square Pipe 3/4""X3/4"" , 2.2mm, 2.1 kg",8,8,357598.3,1.490189940005443e-05,0.992295741490776,C
pouch puppy focus 1 2 kg,Pouch Puppy Focus 1.2 kg,3,3,357283.0,1.4888760162868914e-05,0.9923106302509389,C
pouch puppy focus 15kg,Pouch Puppy Focus 15kg,3,3,356741.7,1.4866203013840942e-05,0.9923254964539527,C
label in kg,Label In Kg,4,4,356400.0,1.4851963631201263e-05,0.9923403484175839,C
levofloxacin hemihdydrate,Levofloxacin Hemihdydrate,2,2,355500.0,1.4814458672536613e-05,0.9923551628762565,C
jar box 5 ltrs 1x4 rb,Jar Box 5 Ltrs (1X4) Rb,3,3,355477.88,1.4813536883996989e-05,0.9923699764131405,C
civil work external road work site 3,Civil work External Road work Site-3,1,1,355423.72,1.4811279918928901e-05,0.9923847876930595,C
ms checkered plate 5 mm,Ms Checkered Plate 5 Mm,1,1,355317.5,1.4806853500362948e-05,0.9923995945465599,C
pp bag marketing soya doc 70 kg for 50,Pp Bag Marketing Soya Doc 70 Kg For 50%,2,2,354766.5,1.4783892131224925e-05,0.9924143784386912,C
lasota vacc,Lasota Vacc.,25,25,351900.0,1.4664438837878016e-05,0.9924290428775291,C
lactose powder,Lactose Powder,2,2,351604.0,1.4652103873694974e-05,0.9924436949814028,C
panel box 1000x1200x250 mm,Panel Box - 1000X1200X250 mm,1,1,350000.0,1.458526170291931e-05,0.9924582802431058,C
mastersorb gold,Mastersorb Gold,2,2,350000.0,1.458526170291931e-05,0.9924728655048087,C
armod cable 2 5 sqmm x 3 core cu,Armod Cable - 2.5 Sqmm X 3 Core - Cu,2,2,348550.0,1.452483704729293e-05,0.9924873903418561,C
carton tape,Carton Tape,9,9,346815.4,1.4452552490293263e-05,0.9925018428943464,C
inverter,Inverter,22,20,346339.3,1.4432712367159663e-05,0.9925162756067135,C
amc for wadvultra g3 24 suvtp40khs,AMC for WADVULTRA-G3-24 SUVTP40KHS,1,1,340668.0,1.4196376953743187e-05,0.9925304719836673,C
rhodimet at88,RHODIMET AT88,4,4,339000.0,1.4126867763684704e-05,0.992544598851431,C
vnx 1600 vnx16k b25 2xsp dpe 25x2 5 no s,"VNX-1600,VNX16K-B25,2XSP DPE;25X2.5,NO S",1,1,339000.0,1.4126867763684704e-05,0.9925587257191947,C
engine oil 40 no volvoline premium blue,Engine Oil 40 No Volvoline (Premium Blue,6,6,333322.0,1.3890253146687058e-05,0.9925726159723414,C
live m48 vacc,Live M48 Vacc.,9,9,332800.0,1.3868500270661561e-05,0.992586484472612,C
bearing 22336 cc w33,Bearing 22336 CC/W33,2,2,330553.0,1.377486289052882e-05,0.9926002593355026,C
exhaust fan 39 shandong,"Exhaust Fan 39"" - Shandong",5,5,330375.0,1.3767445243148478e-05,0.9926140267807457,C
stabilizer 315 kva,Stabilizer 315 Kva,1,1,330000.0,1.3751818177038208e-05,0.9926277785989228,C
pouch chicken egg adult 400 grm,Pouch Chicken & Egg Adult 400 grm,4,4,328761.9,1.3700223855568538e-05,0.9926414788227784,C
sheets pre painted,SHEETS PRE PAINTED,3,3,327760.0,1.3658472502139523e-05,0.9926551372952805,C
drools 5ply gorrugated box 36pkt 400gm,Drools 5ply Gorrugated Box - 36Pkt 400Gm,7,7,327132.5,1.3632323211515004e-05,0.992668769618492,C
soya protein isolate,Soya Protein Isolate,1,1,326000.0,1.3585129471861986e-05,0.992682354747964,C
adept dfz 25 wsp additive,Adept (DFZ 25% WSP) Additive,2,2,324800.0,1.353512286030912e-05,0.9926958898708242,C
laziz e order application,Laziz E-Order Application,3,3,321600.0,1.3401771896168143e-05,0.9927092916427204,C
pp bag finisher silver 24 3 4 mm,PP Bag Finisher - Silver 24/3 4 mm,1,1,320460.0,1.335426561519292e-05,0.9927226459083356,C
0458603 roller corragate,0458603 Roller Corragate,1,1,320400.0,1.3351765284615277e-05,0.9927359976736202,C
discharge suction dampener s s 316,Discharge & Suction Dampener S.S 316,1,1,320000.0,1.3335096414097655e-05,0.9927493327700343,C
pp bag abis feed internal 26 46 yellow,"PP BAG ABIS FEED INTERNAL 26""46"" YELLOW",2,2,319787.0,1.332622024054702e-05,0.9927626589902748,C
nut bolt hdg grade 5 6,Nut & Bolt ( Hdg Grade 5.6),4,4,317020.0,1.321091332874137e-05,0.9927758699036036,C
common salt,Common Salt,5,5,315533.9,1.3148984307550777e-05,0.9927890188879112,C
pp bag grover gold 28 3 3 mm,PP Bag Grover - Gold 28/3 3 mm,1,1,312375.0,1.3017346069855484e-05,0.992802036233981,C
fubbles black colour bottle 250 ml,Fubbles Black Colour bottle 250 ML,5,5,311740.0,1.2990884237908759e-05,0.9928150271182189,C
fubbles green colour bottle 250 ml,Fubbles Green Colour bottle 250 ML,5,5,311740.0,1.2990884237908759e-05,0.9928280180024568,C
fubbles red colour bottle 250 ml,Fubbles Red Colour bottle 250 ML,5,5,311740.0,1.2990884237908759e-05,0.9928410088866947,C
purepet adult fish rice 250 gm,Purepet Adult Fish & Rice 250 Gm,5,5,311279.22000000003,1.2971682532515986e-05,0.9928539805692272,C
danglar,Danglar,4,4,310680.0,1.2946711731037061e-05,0.9928669272809583,C
purepet adult meat rice 250 gm,Purepet Adult Meat & Rice 250 Gm,5,5,308731.5,1.2865513495528094e-05,0.9928797927944538,C
pest control service,Pest Control Service :,15,15,308000.0,1.2835030298568992e-05,0.9928926278247524,C
pouch boxes 500ml rb,Pouch Boxes (500Ml) RB,4,4,307400.0,1.281002699279256e-05,0.9929054378517452,C
ms angle 40x40x5 3 00 kg mtr,"MS Angle 40X40X5, 3.00 kg / mtr",12,12,307083.81,1.2796850667370143e-05,0.9929182347024126,C
soya ref oil tin 15 kg abis gold,Soya Ref.Oil ( Tin-15 Kg ) ABIS GOLD,4,4,306750.7,1.2782969248724831e-05,0.9929310176716613,C
cordless impact driver 18 v td127dwe,Cordless impact driver 18 v td127dwe,4,4,306000.0,1.2751685945980882e-05,0.9929437693576072,C
ld liner 27 x46,"LD Liner 27""X46""",2,2,304935.0,1.2707305078227714e-05,0.9929564766626854,C
wooden charcoal,Wooden Charcoal,13,13,304912.3,1.2706359119825838e-05,0.9929691830218053,C
matking trouser pant,Matking Trouser (Pant),3,3,304677.0,1.2696553656743848e-05,0.992981879575462,C
door window ms frame work,Door window MS frame work,1,1,304670.97,1.2696302373520794e-05,0.9929945758778356,C
frp coating works,FRP Coating Works,2,2,301400.0,1.255999393502823e-05,0.9930071358717706,C
bag cat litter 6 kg,Bag Cat Litter 6 kg,3,3,301239.75,1.2553315968777106e-05,0.9930196891877393,C
ld liner 28 x 62,LD LINER 28 x 62,3,3,301080.11,1.2546663422553523e-05,0.9930322358511618,C
hypofoam,Hypofoam,4,4,300960.0,1.2541658177458844e-05,0.9930447775093393,C
nd vh 5000 dose,ND VH 5000 Dose,8,8,300300.0,1.2514154541104768e-05,0.9930572916638803,C
sponsorship for activities,Sponsorship for Activities,1,1,300000.0,1.2501652888216551e-05,0.9930697933167686,C
scrutiny assesment audit,scrutiny assesment audit,1,1,300000.0,1.2501652888216551e-05,0.9930822949696568,C
erection of hopper silo 200 mt,Erection of hopper silo 200 MT,1,1,300000.0,1.2501652888216551e-05,0.9930947966225451,C
drools box 6pkt 3kg 505x310x310,Drools Box- 6Pkt 3kg (505X310X310),6,6,298605.78,1.2443552706583856e-05,0.9931072401752516,C
purepet adult smoked chicken 250 gm,Purepet Adult Smoked Chicken 250 Gm,4,4,298253.33999999997,1.2428865764770776e-05,0.9931196690410165,C
led bulb 7 w,LED Bulb 7 W,2,2,297500.0,1.2397472447481414e-05,0.993132066513464,C
inner bag 18 x 35,Inner Bag 18 x 35,6,6,297256.5,1.238732527255381e-05,0.9931444538387365,C
g promin,G-Promin,3,3,297000.0,1.2376636359334386e-05,0.9931568304750958,C
ms square pipe 2 x 2 3 6 mm 5 45 kg,"MS Square Pipe - 2"" X 2"" 3.6 MM  5.45 Kg",2,2,296862.5,1.2370906435093954e-05,0.993169201381531,C
shuttering work,Shuttering Work :,2,2,295085.0,1.229683414173127e-05,0.9931814982156727,C
bearing 29430,Bearing 29430,2,2,294786.0,1.2284374161019348e-05,0.9931937825898337,C
poultry waste,Poultry Waste,84,84,294465.0,1.2270997392428957e-05,0.9932060535872261,C
purepet adult chicken milk 250 gm,Purepet Adult Chicken & Milk 250 Gm,5,5,293641.74,1.2236690356573112e-05,0.9932182902775827,C
flage head bolt 3 8 1,"Flage head bolt 3/8""*1""",2,2,292940.0,1.2207447323580523e-05,0.9932304977249062,C
ele wire 1 5 sqmm,Ele. Wire 1.5 Sqmm,17,9,292545.0,1.219098681394437e-05,0.9932426887117202,C
pouch chicken egg puppy 400 grm,Pouch Chicken & Egg Puppy 400 grm,4,4,290458.08,1.2104020315792781e-05,0.993254792732036,C
bolt fixing and grawting,Bolt fixing and grawting,1,1,290016.0,1.2085597880096706e-05,0.9932668783299161,C
rto swift ldi,RTO - Swift LDi,5,1,289550.0,1.2066178645943674e-05,0.993278944508562,C
malto dextrine,Malto Dextrine,4,4,288950.0,1.2041175340167241e-05,0.9932909856839022,C
pouch purepet cat adult 1 2kg,Pouch Purepet Cat Adult 1.2kg,5,5,286368.5,1.1933598617064139e-05,0.9933029192825192,C
hammer beater 245x60x5 mm,Hammer Beater 245X60X5 mm,1,1,285600.0,1.1901573549582157e-05,0.9933148208560688,C
inactivated pullet nd c 2000 blue cap,Inactivated Pullet ND C 2000 (Blue Cap),2,2,285000.0,1.1876570243805724e-05,0.9933266974263126,C
amc of daikin airconditioners,AMC of Daikin Airconditioners,5,1,282000.0,1.1751553714923559e-05,0.9933384489800275,C
sugar,Sugar,32,32,277729.44,1.1573590185729219e-05,0.9933500225702133,C
5 colour half shirt,5 Colour Half Shirt,3,3,277455.0,1.1562153673667077e-05,0.993361584723887,C
pouch purepet cat oceanfish 250 grms,Pouch Purepet Cat oceanfish 250 grms,6,6,276140.56,1.150737809825912e-05,0.9933730921019853,C
hammer beater 140x60x4 mm,Hammer Beater 140X60X4 mm,1,1,276000.0,1.1501520657159228e-05,0.9933845936226425,C
pdb panel 1700x1000x300,PDB PANEL 1700X1000X300,4,2,276000.0,1.1501520657159228e-05,0.9933960951432997,C
chequered plate,Chequered Plate,1,1,275400.0,1.1476517351382795e-05,0.9934075716606511,C
amc for wadvultra ax 15 acrd101,AMC for WADVULTRA-AX-15 ACRD101,1,1,275292.0,1.1472016756343037e-05,0.9934190436774074,C
hdpe tarpavlin 200 gsm,HDPE Tarpavlin 200 GSM,1,1,275132.0,1.1465349208135988e-05,0.9934305090266156,C
bone shepe injection molding,Bone Shepe Injection Molding,2,2,275000.0,1.1459848480865173e-05,0.9934419688750964,C
murga jali,Murga Jali,5,5,274820.0,1.1452347489132242e-05,0.9934534212225855,C
transparent tape 3,Transparent Tape 3”,7,7,274183.0,1.1425802312832929e-05,0.9934648470248983,C
muzle1200 25 59 x6 889 2 2x59x59,"MUZLE1200 (25.59""X6.889)2.2X59X59",1,1,271200.0,1.1301494210947762e-05,0.9934761485191093,C
lets bite cat adult 500gm,Lets Bite Cat Adult 500gm,3,3,271103.88,1.1297488681362378e-05,0.9934874460077906,C
phe gasket hnbr p 22 a type,"Phe Gasket Hnbr P-22 ""A "" Type",1,1,270317.85,1.1264733100629961e-05,0.9934987107408912,C
phe gasket hnbr p 22 b type,"Phe Gasket Hnbr P-22 ""B"" Type",1,1,270317.85,1.1264733100629961e-05,0.9935099754739919,C
chest freezer htd 210 soft look,Chest Freezer HTD 210 Soft Look,21,17,270237.52,1.126138557470826e-05,0.9935212368595666,C
drools dispenser,Drools dispenser,2,2,270000.0,1.1251487599394896e-05,0.993532488347166,C
complete feeding system qingdao,Complete Feeding System -Qingdao,1,1,270000.0,1.1251487599394896e-05,0.9935437398347654,C
ms angle 200x100x12 27 45 kg mtr,"MS Angle 200X100X12, 27.45 kg / mtr",1,1,269879.25,1.124645568410739e-05,0.9935549862904495,C
cage matting 18 x21 x3 5mm,"Cage Matting 18""X21""X3.5Mm",2,2,268800.0,1.120148098784203e-05,0.9935661877714373,C
pouch absolute bone small,Pouch Absolute Bone Small,9,9,268186.0,1.117589427159748e-05,0.9935773636657089,C
anchor bolt,Anchor Bolt.,3,3,267880.0,1.11631425856515e-05,0.9935885268082946,C
pvc pipe 1,"Pvc Pipe 1""",7,7,267492.0,1.1146973781249405e-05,0.9935996737820758,C
bag ultium performance for dog adult 20,Bag Ultium Performance for Dog Adult 20,3,3,266700.0,1.1113969417624515e-05,0.9936107877514935,C
armod cable 95 sqmm x 3 5 core all,Armod Cable 95 Sqmm x 3.5 Core - All.,1,1,265000.0,1.104312671792462e-05,0.9936218308782114,C
3 position mainatined selector switch,3 POSITION MAINATINED SELECTOR SWITCH,3,3,264960.0,1.1041459830872858e-05,0.9936328723380423,C
pouch puppy chicken egg 15 kg,Pouch Puppy Chicken & Egg 15 KG,2,2,264132.0,1.100695526890138e-05,0.9936438792933112,C
hoarding 20x10,HOARDING 20X10,1,1,264000.0,1.1001454541630565e-05,0.9936548807478528,C
cage mat die,Cage Mat Die,1,1,264000.0,1.1001454541630565e-05,0.9936658822023944,C
polithin 10x13 chicken,Polithin (10X13) Chicken,4,4,263750.0,1.0991036497557052e-05,0.993676873238892,C
carugated cutt pc,CARUGATED CUTT PC,5,5,263647.5,1.098676509948691e-05,0.9936878600039915,C
pouch drools optimum adult 250 gm,Pouch Drools Optimum Adult 250 gm,4,4,263386.82,1.0975901996570577e-05,0.9936988359059881,C
work contract providing installing pvc,Work Contract Providing & Installing PVC,1,1,261500.0,1.0897274100895428e-05,0.9937097331800889,C
labour charges for replacement of aph,Labour Charges for Replacement of APH,1,1,260800.0,1.086810357748959e-05,0.9937206012836665,C
foam table top dispencer,Foam Table top dispencer,2,2,260000.0,1.0834765836454345e-05,0.9937314360495029,C
pp bag layer concentrate 35,PP Bag Layer Concentrate 35%,1,1,259308.0,1.0805928690458859e-05,0.9937422419781933,C
bearing ucf 212,Bearing Ucf 212,4,4,257409.0,1.0726793227676449e-05,0.9937529687714209,C
ilt vaccine,ILT Vaccine,4,4,255000.0,1.0626404954984069e-05,0.9937635951763759,C
3 ply tin top soyal,3 Ply Tin Top - (Soyal),3,3,254340.0,1.0598901318629992e-05,0.9937741940776945,C
ib hatchable egg 67th week,IB_Hatchable_Egg_67th_Week,2,1,254016.84,1.0585434538138805e-05,0.9937847795122327,C
cav live vacc,CAV Live Vacc.,6,6,253000.0,1.0543060602395959e-05,0.9937953225728351,C
ele wire 2 5 sqmm,Ele. Wire 2.5 Sqmm,14,8,252675.0,1.052951714510039e-05,0.9938058520899802,C
ele wire 1 5 sqmm x 6 core,Ele. Wire - 1.5 Sqmm X 6 Core,1,1,252250.0,1.0511806470175417e-05,0.9938163638964503,C
apfc panel 75 kvar,APFC Panel - 75 KVAR,1,1,252030.0,1.0502638591390725e-05,0.9938268665350417,C
pouch cat ocean fish 1 2kg,Pouch CAT Ocean Fish 1.2kg,3,3,250305.0,1.043075408728348e-05,0.993837297289129,C
draft composite sch certification,DRAFT COMPOSITE SCH. CERTIFICATION,1,1,250000.0,1.0418044073513793e-05,0.9938477153332025,C
wooden cabin with big sleeper,Wooden Cabin with Big Sleeper,2,2,250000.0,1.0418044073513793e-05,0.993858133377276,C
unite installation,Unite Installation,1,1,250000.0,1.0418044073513793e-05,0.9938685514213496,C
stone chips,Stone Chips,3,3,248988.90000000002,1.0375909336062874e-05,0.9938789273306856,C
electric panel room,Electric Panel Room,1,1,247796.61,1.0326224016989235e-05,0.9938892535547026,C
potasium sorbate,Potasium Sorbate,4,4,247250.0,1.030344558870514e-05,0.9938995570002913,C
apfc panel 202 kvar,APFC Panel - 202 KVAR,1,1,244263.0,1.0178970798114799e-05,0.9939097359710894,C
dress chicken waste,Dress Chicken Waste,6,6,242100.0,1.0088833880790757e-05,0.9939198248049702,C
ge bbl male floor 8 feet,Ge Bbl Male Floor (8 Feet),1,1,241135.1,1.0048624397884624e-05,0.9939298734293681,C
amc for wadvpln1p sy 08 suafa6krmi,AMC for WADVPLN1P-SY-08 SUAFA6KRMI,1,1,240876.0,1.0037827137006833e-05,0.9939399112565052,C
inner bag 26 x 47,Inner Bag 26 x 47,4,4,240212.25,1.0010167229991655e-05,0.9939499214237352,C
rent cat vehicle,Rent (CAT) vehicle,1,1,240000.0,1.0001322310573242e-05,0.9939599227460457,C
vitamin ad3 10 2,Vitamin AD3 10:2,1,1,240000.0,1.0001322310573242e-05,0.9939699240683563,C
cap 28mm abis bottle,Cap 28mm (Abis Bottle),1,1,240000.0,1.0001322310573242e-05,0.9939799253906668,C
accidental repair work city wheels l1588,Accidental Repair Work City Wheels L1588,2,1,239794.31999999998,9.99275117735308e-06,0.9939899181418441,C
armod cable 185 sqmm x 3 5 core all,Armod Cable - 185 Sqmm X 3.5 Core - All,1,1,238470.0,9.937563880843336e-06,0.9939998557057249,C
pouch starter focus 1 2 kg,Pouch Starter Focus 1.2 kg,2,2,238435.75,9.936136608805266e-06,0.9940097918423337,C
amc for essae weighing scales,AMC for Essae Weighing Scales,2,2,237000.0,9.876305781691075e-06,0.9940196681481154,C
ss air nozzle,SS Air Nozzle,2,2,236250.0,9.845051649470535e-06,0.9940295131997648,C
vds crustocean 0 8,VDS Crustocean 0.8%,1,1,235800.0,9.826299170138209e-06,0.994039339498935,C
pp bag starter intgration p 60 kg,PP Bag Starter (Intgration-P) 60 KG,2,2,233170.0,9.716701346484845e-06,0.9940490562002815,C
container canine creek starter 4 kg,container Canine creek starter 4 kg,1,1,232800.0,9.701282641256044e-06,0.9940587574829227,C
alluminium sqft,Alluminium (SQFT),5,4,232391.88,9.684275392666915e-06,0.9940684417583154,C
submersible pump set 6 hp,SUBMERSIBLE PUMP SET 6 HP,3,3,231000.0,9.626272723926745e-06,0.9940780680310394,C
h m plastics bag,H.M. Plastics Bag,7,7,230993.2,9.625989353127947e-06,0.9940876940203925,C
bioplex high seven,Bioplex High Seven,1,1,230000.0,9.584600547632689e-06,0.9940972786209402,C
ice,Ice,8,8,229788.0,9.57576604625835e-06,0.9941068543869864,C
pouch canine creek starter 1 5kg,Pouch Canine Creek Starter 1.5kg,2,2,229330.0,9.556680189515673e-06,0.994116411067176,C
open well 5 hp,Open Well - 5 Hp,2,2,229050.0,9.545011980153337e-06,0.9941259560791561,C
tyre 8x25x16 rear,Tyre 8X25X16 Rear,3,3,228886.47999999998,9.538197745885732e-06,0.994135494276902,C
erection fabrication expanding of,Erection & Fabrication (Expanding) of,1,1,228000.0,9.501256195044579e-06,0.994144995533097,C
dextrose monohydrate iafi,Dextrose Monohydrate (Iafi),1,1,228000.0,9.501256195044579e-06,0.994154496789292,C
copper wire 1 38 1 42 mm,Copper Wire 1.38/1.42 mm,3,3,227519.15000000002,9.481218129073583e-06,0.9941639780074211,C
civil work bottom washbin,Civil work Bottom Washbin,2,2,226875.63,9.454401250184833e-06,0.9941734324086713,C
pp bag pre starter intgration p 60 kg,PP Bag Pre-Starter (Intgration-P) 60 KG,3,3,226315.0,9.431038577989097e-06,0.9941828634472493,C
volt meter 0 500,Volt Meter 0-500,2,2,226100.0,9.422079060085875e-06,0.9941922855263093,C
sew eurodrive gear box type r 107 am,SEW EURODRIVE GEAR BOX TYPE:- R 107 AM,1,1,225879.0,9.412869509124889e-06,0.9942016983958185,C
almira almari,Almira (Almari),25,23,225029.83000000002,9.377482747181267e-06,0.9942110758785657,C
professional consulting services for,Professional Consulting Services For,1,1,225000.0,9.376239666162414e-06,0.9942204521182318,C
rent jcb,Rent JCB,1,1,225000.0,9.376239666162414e-06,0.994229828357898,C
ele motor 0 5 hp 4 p,Ele. Motor 0.5 HP 4 P,1,1,224400.0,9.351236360385981e-06,0.9942391795942583,C
pvc cable 1 5 sqmm x 2 core,PVC Cable 1.5 Sqmm X 2 Core,1,1,224000.0,9.33456748986836e-06,0.9942485141617482,C
civil work dead pit,Civil work Dead Pit,2,2,222782.79,9.283843700161471e-06,0.9942577980054483,C
insulation material,Insulation material,1,1,222720.0,9.281227104211969e-06,0.9942670792325525,C
material for insulation 100 density,Material for insulation 100 Density,1,1,222720.0,9.281227104211969e-06,0.9942763604596567,C
civil work weight bridge rework,Civil work Weight Bridge Rework,2,2,222622.42,9.277160733249194e-06,0.99428563762039,C
pouch canin creek 1 2 kg puppy,Pouch Canin Creek 1.2 kg Puppy,2,2,222585.0,9.275601360412271e-06,0.9942949132217505,C
armod cable 4 sqmm x 3 core cu,Armod Cable - 4 Sqmm X 3 Core - Cu.,1,1,222425.0,9.268933812205221e-06,0.9943041821555627,C
packing service 01 02 19 to 15 02 19,Packing Service 01.02.19 to 15.02.19,1,1,221395.0,9.226011470622345e-06,0.9943134081670333,C
bag optimum perform for puppy 20 kg,Bag Optimum Perform. for Puppy 20 kg,2,2,220804.62,9.20140905118186e-06,0.9943226095760844,C
pp bag pre starter 32 4 1 2 1 5mm,PP Bag Pre-Starter 32/4 1.2 & 1.5mm,1,1,220126.6,9.173154482210966e-06,0.9943317827305667,C
ranbamycin inj 100 ml,Ranbamycin Inj. 100 Ml,10,10,220000.0,9.167878784692138e-06,0.9943409506093513,C
evaporator,Evaporator,1,1,220000.0,9.167878784692138e-06,0.994350118488136,C
control transformer,Control Transformer,5,4,219380.0,9.142042035389824e-06,0.9943592605301714,C
white plain roll,White Plain Roll,3,3,219240.77,9.136240018284402e-06,0.9943683967701897,C
sbp paneer,SBP (Paneer),52,51,218750.0,9.115788564324568e-06,0.9943775125587541,C
tyre 8 25x16 michelin xzy 3,Tyre 8.25X16 Michelin XZY-3,2,2,218437.56,9.102768509563254e-06,0.9943866153272636,C
nd vd 2000 dose,ND VD 2000 DOSE,10,10,218400.0,9.10120330262165e-06,0.9943957165305662,C
tyre 10 00 r 20 t t f rear michelin,Tyre 10.00 R 20 T/T/F Rear MICHELIN,2,2,218075.0,9.087659845326082e-06,0.9944048041904116,C
focus 7ply corrugated box 15kgx1pkt,Focus 7ply Corrugated Box - 15kgx1pkt,5,5,217333.0,9.056739090515893e-06,0.994413860929502,C
hp printer all in one m 1005,HP Printer All in One M-1005,16,14,216806.0,9.034777853608926e-06,0.9944228957073556,C
tyre 8x25x16 front,Tyre 8X25X16 Front,4,3,216473.62,9.020926855652307e-06,0.9944319166342113,C
ms rod 16 mm 1 60 kg mtr,"MS Rod 16 MM, 1.60 KG / MTR",2,2,216100.3,9.005369798798211e-06,0.99444092200401,C
sms service 10 lac sms messages,SMS Service - 10 Lac SMS Messages,2,2,216000.0,9.001190079515916e-06,0.9944499231940895,C
gi pipe 6,"Gi Pipe 6""",1,1,215810.76,8.993304036874031e-06,0.9944589164981265,C
pouch boxes 1ltr palm oil,POUCH BOXES (1LTR) Palm Oil,3,3,214389.0,8.934056203506194e-06,0.99446785055433,C
elevator belt,Elevator Belt,4,4,213550.0,8.899093247595483e-06,0.9944767496475776,C
bms 2 with hp101 mc11 5356005097,BMS 2 with HP101 & MC11 (5356005097),1,1,213200.0,8.884507985892563e-06,0.9944856341555635,C
d xylose,D-Xylose,2,2,212500.0,8.855337462486724e-06,0.994494489493026,C
premix sodium bicarbonate,Premix Sodium Bicarbonate,8,8,212100.0,8.838668591969102e-06,0.9945033281616179,C
mcb switch 80 amp 3 p schneider,MCB Switch 80 Amp 3 P(Schneider),1,1,211440.0,8.811164955615025e-06,0.9945121393265736,C
ib live,IB LIVE,9,8,210540.0,8.773659996950376e-06,0.9945209129865705,C
complete chamber stack cr32 14,COMPLETE CHAMBER STACK CR32-14,1,1,210000.0,8.751157021751587e-06,0.9945296641435922,C
chicken whole,Chicken Whole,92,91,209875.95,8.745987588282309e-06,0.9945384101311805,C
hiflow,Hiflow,1,1,209748.0,8.740655633325484e-06,0.9945471507868138,C
shrink film for tin 15 kg 490x450 mm,Shrink film for tin 15 kg (490x450)mm,2,2,208126.0,8.673063363376527e-06,0.9945558238501772,C
l bhusa,L Bhusa,11,11,208056.0,8.670146311035942e-06,0.9945644939964882,C
job work of rolls 16 dia x 84 length,"Job Work of Rolls 16"" Dia X 84"" Length",1,1,207900.0,8.66364545153407e-06,0.9945731576419397,C
cement sheet 2 mtr,Cement Sheet 2 Mtr,2,2,207103.6,8.630457730333485e-06,0.99458178809967,C
rolling shutter,Rolling Shutter,2,1,206200.0,8.592802751834176e-06,0.9945903809024218,C
petrol,Petrol,125,125,206107.07,8.58893015649117e-06,0.9945989698325783,C
surveillance fees credit rating,Surveillance Fees - Credit Rating,1,1,205783.0,8.575425454319556e-06,0.9946075452580326,C
pdx load cell cable 8m ta000233 008,PDX Load Cell Cable-8m (TA000233-008),1,1,205600.0,8.567799446057743e-06,0.9946161130574787,C
civil work door window ms frame work,Civil work Door Window MS Frame work,1,1,205366.94,8.558087328650652e-06,0.9946246711448073,C
pouch free shampoo chicken egg adult 3kg,Pouch-Free Shampoo Chicken&Egg Adult 3kg,2,2,204557.32,8.524348701279458e-06,0.9946331954935086,C
pouch chicken egg puppy 100 grms,Pouch Chicken & Egg Puppy 100 grms,2,2,203089.3,8.463173113036259e-06,0.9946416586666216,C
pouch purepet puppy 1 1 kg,Pouch Purepet Puppy 1.1 kg,4,4,203031.36000000002,8.460758627141782e-06,0.9946501194252487,C
5 ply corrugated box 3kg x 8 pkt,5 ply corrugated box 3kg x 8 pkt,2,2,202410.0,8.434865203679708e-06,0.9946585542904524,C
pouch lets bite kitten 400gm,Pouch Lets Bite Kitten 400gm,3,3,202244.76,8.427979293268879e-06,0.9946669822697456,C
ht bolt 10 x 45mm,HT BOLT 10 X 45mm,1,1,201650.0,8.403194349696226e-06,0.9946753854640953,C
bag sealing tie 200mm cable tie,Bag Sealing Tie - 200mm (Cable Tie),8,8,201408.0,8.393109683033065e-06,0.9946837785737783,C
bag optimum perf adult 10 kg,Bag Optimum Perf. Adult 10 kg,2,2,201332.8,8.38997593537575e-06,0.9946921685497137,C
dg rent,DG Rent,6,6,201177.96,8.383523415598379e-06,0.9947005520731292,C
pouch free shampoo chicken egg puppy 3kg,Pouch-Free Shampoo Chicken&Egg Puppy 3kg,3,3,200980.96,8.37531399686845e-06,0.9947089273871261,C
tikali tin cap,Tikali(Tin Cap),2,2,200000.0,8.334435258811034e-06,0.994717261822385,C
mentofin,Mentofin,4,4,200000.0,8.334435258811034e-06,0.9947255962576438,C
gvt 1210 vehicle tracking system,GVT 1210 Vehicle Tracking System,1,1,200000.0,8.334435258811034e-06,0.9947339306929026,C
curd cup 100gm plastic,Curd Cup 100gm.(plastic),1,1,200000.0,8.334435258811034e-06,0.9947422651281614,C
effort subscription for the month oct,Effort Subscription for the Month Oct.,1,1,199620.0,8.318599831819293e-06,0.9947505837279933,C
overhead water tank,Overhead water tank,1,1,198305.08,8.263804253766714e-06,0.9947588475322471,C
carbide beater plate pulverizer swlf130e,Carbide Beater Plate-Pulverizer SWLF130E,1,1,198240.0,8.261092228533497e-06,0.9947671086244756,C
purepet adult 1 1 kg buy 1 get 1 free,Purepet Adult 1.1 Kg Buy 1 Get 1 Free,3,3,196446.6,8.18635734756774e-06,0.9947752949818232,C
panel box 1500x1000x250 mm,Panel Box - 1500X1000X250 mm,1,1,196000.0,8.167746553634814e-06,0.9947834627283768,C
ms channel 100x50 mm 9 20 kg mtr,"MS Channel 100X50 mm, 9.20 kg / mtr",6,6,195647.73,8.153066696091707e-06,0.9947916157950729,C
staff quarter,Staff Quarter,1,1,195254.24,8.136669111441758e-06,0.9947997524641844,C
ms plate 6 mm,Ms Plate 6 Mm,2,2,195130.0,8.131491760258986e-06,0.9948078839559447,C
air conditioner,Air Conditioner,5,5,194913.11,8.122453481942567e-06,0.9948160064094266,C
pouch chicken egg adult 100 grms,Pouch Chicken & Egg Adult 100 grms,2,2,194786.5,8.117177367701977e-06,0.9948241235867943,C
bag optimum performance adult 18 kg,Bag Optimum Performance Adult 18 kg,1,1,194400.0,8.101071071564325e-06,0.9948322246578658,C
online ups 10 kva,Online Ups 10 kva,1,1,193776.0,8.075067633556836e-06,0.9948402997254994,C
vet pro 12kgx1pkt,Vet-Pro 12kgX1Pkt,4,4,193500.0,8.063566112899675e-06,0.9948483632916123,C
erw tubes 50 8mm od x 4mm th x 3962mm l,ERW Tubes -50.8mm Od x 4Mm Th x 3962Mm L,3,2,193206.5,8.05133532915737e-06,0.9948564146269414,C
soya ref oil bottle 1 ltr abis gold,Soya Ref.Oil ( Bottle 1 Ltr. ) ABIS GOLD,4,4,192720.39,8.031078067539068e-06,0.994864445705009,C
ele wire 1 5 sqmm 4 core,Ele. Wire 1.5 Sqmm 4 Core,2,2,191675.0,7.987514391163025e-06,0.9948724332194001,C
36 box fan with kingdom motor,"36"" Box Fan with Kingdom Motor",1,1,191400.0,7.97605454268216e-06,0.9948804092739428,C
pouch focus adult 12 kg,Pouch Focus Adult 12 kg,1,1,190710.0,7.947300741039262e-06,0.9948883565746839,C
mccb 80 amp 4 pole schneider,MCCB 80 Amp 4 Pole (Schneider),2,2,190680.0,7.94605057575044e-06,0.9948963026252596,C
paracitamol powder,Paracitamol Powder,1,1,190000.0,7.917713495870483e-06,0.9949042203387555,C
mobile set,Mobile Set,6,6,189903.58000000002,7.91369546463221e-06,0.9949121340342201,C
lets bite persian 500gm,Lets Bite Persian 500gm ,3,3,189032.08,7.87737816299194e-06,0.9949200114123831,C
freight charges silo material,Freight Charges Silo material.,2,2,189000.0,7.876041319576428e-06,0.9949278874537026,C
lactifence 10l india 741006311,Lactifence 10L India (741006311),2,2,189000.0,7.876041319576428e-06,0.9949357634950222,C
1x30w bulk head lwv12 35 cdl,1X30W BULK HEAD LWV12-35-CDL,1,1,188000.0,7.834369143282373e-06,0.9949435978641655,C
m 432234 horigental elec sealing,M 432234 Horigental Elec (Sealing),5,5,187775.0,7.82499290361621e-06,0.9949514228570692,C
mcb box 8 way,Mcb Box 8 Way,3,2,187700.0,7.821867490394155e-06,0.9949592447245595,C
ms pipe 1 25 a class 2 6 mm 2 54 kg,"MS Pipe 1.25"" A Class 2.6 mm, 2.54 kg /",2,2,186800.0,7.784362531729506e-06,0.9949670290870912,C
zeolite,Zeolite,1,1,186778.0,7.783445743851036e-06,0.994974812532835,C
domino macro jet mj 3 b printer,DOMINO Macro Jet MJ 3 B Printer,1,1,185000.0,7.709352614400207e-06,0.9949825218854494,C
calender,CALENDER,3,2,183200.0,7.634342697070908e-06,0.9949901562281465,C
compact indicator green,Compact Indicator Green,2,1,183000.0,7.626008261812097e-06,0.9949977822364082,C
civil work door window ms frame work,Civil work Door Window MS Frame Work,1,1,182730.5,7.6147776103008485e-06,0.9950053970140186,C
ge bbl door female 7 5 x12,"Ge Bbl Door Female 7.5""X12""",1,1,182667.8,7.612164764847211e-06,0.9950130091787834,C
newgen aqua,Newgen Aqua,4,4,182000.0,7.584336085518041e-06,0.9950205935148689,C
hot water flow meter,Hot water flow meter,1,1,182000.0,7.584336085518041e-06,0.9950281778509544,C
annboand roall 9 5 400,ANNBOAND ROALL 9.5 *400,1,1,180600.0,7.525995038706364e-06,0.9950357038459932,C
accidental repair work jaika auto af1589,Accidental Repair Work Jaika Auto AF1589,2,1,180070.05000000002,7.503910868879331e-06,0.9950432077568621,C
cotton thread large size,Cotton Thread (Large Size),2,2,180000.0,7.500991732929931e-06,0.995050708748595,C
levucell sc,Levucell SC,2,2,180000.0,7.500991732929931e-06,0.995058209740328,C
rent tipper,Rent Tipper,1,1,180000.0,7.500991732929931e-06,0.995065710732061,C
pcc panel 3900x2500x700,PCC PANEL 3900X2500X700,1,1,180000.0,7.500991732929931e-06,0.9950732117237939,C
electrocre plus,Electrocre Plus,4,4,180000.0,7.500991732929931e-06,0.9950807127155269,C
bag closing machine model as 802 vm,"Bag closing machine,model - AS-802 VM",1,1,180000.0,7.500991732929931e-06,0.9950882137072599,C
nfdc titanium di oxide,NFDC Titanium Di-Oxide,5,5,180000.0,7.500991732929931e-06,0.9950957146989928,C
ht bolt 10x50mm,Ht Bolt 10X50Mm,3,3,179946.0,7.498741435410052e-06,0.9951032134404283,C
projector epson eb l 610 u,"PROJECTOR, EPSON EB-L-610 U",1,1,179709.38,7.488880965055353e-06,0.9951107023213933,C
pouch meat up 3 kg adult,Pouch Meat Up 3 Kg Adult,2,2,179039.7,7.46097394203475e-06,0.9951181632953353,C
oxytetracycline otc,Oxytetracycline (OTC),6,6,178500.0,7.438483468488848e-06,0.9951256017788038,C
emergency stop switch key lock,Emergency Stop Switch (Key Lock),1,1,178500.0,7.438483468488848e-06,0.9951330402622723,C
blower fan,Blower Fan,1,1,178332.0,7.431482542871447e-06,0.9951404717448152,C
pp bag finisher 1 integration p 60kg,PP Bag Finisher 1(Integration-P) 60kg,2,2,178330.0,7.431399198518859e-06,0.9951479031440138,C
bore motor piping,Bore & Motor Piping,1,1,177966.1,7.416234693565453e-06,0.9951553193787074,C
ms angle 50x50x5 3 80 kg mtr,"MS Angle 50X50X5, 3.80 kg / mtr",10,10,177791.57,7.408961648636851e-06,0.995162728340356,C
shelf strip,Shelf Strip,1,1,177500.0,7.396811292194793e-06,0.9951701251516483,C
compact indicator amber,Compact Indicator Amber,2,2,177250.0,7.386393248121279e-06,0.9951775115448964,C
photocopy paper a 4 green,Photocopy Paper A-4-Green,7,6,177171.2,7.383109480629308e-06,0.9951848946543771,C
pp bag starter 32 4 2mm 24 x44,"PP Bag Starter 32/4 2mm (24""X44"")",2,2,176550.0,7.357222724715441e-06,0.9951922518771018,C
civil work office store,Civil work office & store,1,1,176360.29,7.349317096150696e-06,0.9951996011941979,C
label in ltrs,Label In Ltrs,5,5,176165.0,7.341178936842229e-06,0.9952069423731348,C
vinyl 20x10,VINYL 20X10,1,1,176000.0,7.3343030277537106e-06,0.9952142766761626,C
bag purepet puppy 10 kg,Bag Purepet Puppy 10 kg,1,1,175474.68,7.312411800102917e-06,0.9952215890879627,C
hanging scale 150 kg,Hanging Scale 150 kg,8,3,175387.3,7.308770485338342e-06,0.995228897858448,C
mass spectrometer system,MASS SPECTROMETER SYSTEM,1,1,175000.0,7.292630851459655e-06,0.9952361904892995,C
fire krit super acc,Fire Krit (Super Acc),2,2,174000.0,7.2509586751656e-06,0.9952434414479746,C
plastic toy,Plastic Toy,11,2,173980.0,7.250125231639719e-06,0.9952506915732062,C
subscription charges to web based,Subscription Charges to Web Based,3,3,173526.6,7.231231066907994e-06,0.9952579228042732,C
rovabio liquid l,Rovabio Liquid (L),4,4,172800.0,7.200952063612734e-06,0.9952651237563368,C
gi sheet,Gi Sheet,6,6,172693.33000000002,7.196506892567447e-06,0.9952723202632293,C
hf sexcel stryker,HF- Sexcel- Stryker,2,1,172000.0,7.16761432257749e-06,0.9952794878775519,C
bag lets bite active puppy 10 kg ea,Bag Lets Bite Active Puppy 10 KG (EA),1,1,171616.58,7.1516363767428226e-06,0.9952866395139287,C
purepet cat kitten 100 gm,Purepet Cat Kitten 100 Gm,3,3,171615.16,7.151577202252486e-06,0.9952937910911309,C
accedental repair work jaika a mp05g7789,Accedental Repair Work Jaika A.MP05G7789,2,1,171278.32,7.1375403463895965e-06,0.9953009286314773,C
partition bracket lower l,Partition Bracket Lower L,1,1,171123.8,7.131101161708638e-06,0.995308059732639,C
partition bracket lower r,Partition Bracket Lower R,1,1,171123.8,7.131101161708638e-06,0.9953151908338007,C
gas buder 5000 model,Gas Buder 5000 Model,1,1,170500.0,7.105106058136407e-06,0.9953222959398589,C
contactor coil 220v ac 700a,Contactor Coil 220V AC 700A,1,1,170400.0,7.100938840507001e-06,0.9953293968786994,C
g i sheet 1m 3m,G.I Sheet 1m*3m*,1,1,170338.98,7.098396004309539e-06,0.9953364952747037,C
pouch roll abis kadi dahi 1 kg,Pouch Roll Abis Kadi Dahi 1 Kg,2,2,170300.77,7.096803710453342e-06,0.9953435920784142,C
hangers,Hangers,1,1,170000.0,7.084269969989379e-06,0.9953506763483841,C
all steam pipe line jindal,ALL STEAM  PIPE LINE Jindal,5,1,170000.0,7.084269969989379e-06,0.9953577606183541,C
container chicken egg puppy 6kg,Container Chicken & Egg Puppy 6kg,1,1,169500.0,7.063433881842352e-06,0.9953648240522359,C
container chicken egg adult 6kg,Container Chicken & Egg Adult 6kg,1,1,169500.0,7.063433881842352e-06,0.9953718874861177,C
fancing,Fancing,1,1,169491.52,7.063080501787378e-06,0.9953789505666195,C
weight scale,Weight Scale,1,1,169491.52,7.063080501787378e-06,0.9953860136471213,C
curd jar 15ltr with handle lid,Curd Jar 15Ltr with Handle & Lid,2,2,168720.0,7.030929584332989e-06,0.9953930445767056,C
freight charges,Freight Charges,15,14,168053.46000000002,7.00315341194595e-06,0.9954000477301176,C
under ground water tank,Under ground Water Tank,1,1,167796.61,6.992449913464821e-06,0.995407040180031,C
ms checkered plate 3 mm,Ms Checkered Plate 3 Mm,1,1,167480.89,6.979293173965263e-06,0.995414019473205,C
charges for in situ balancing and,Charges for In-Situ Balancing and,1,1,166750.0,6.9488353970337e-06,0.9954209683086019,C
double start worm 14 expander,"Double start worm - 14"" (expander)",1,1,166500.0,6.938417352960186e-06,0.9954279067259549,C
armod cable 120 sqmm x 3 5 core all,Armod Cable - 120 Sqmm X 3.5 Core - All.,1,1,166500.0,6.938417352960186e-06,0.9954348451433079,C
pouch drools cat ocean fish 400g,Pouch Drools Cat Ocean Fish 400g,2,2,166442.52000000002,6.9360220362668044e-06,0.9954417811653442,C
pp bag starter platinum 32 4 2 mm,PP BAG STARTER – PLATINUM 32/4 2 MM,1,1,166110.0,6.9221652042055046e-06,0.9954487033305485,C
neno 800 coating sheet joint nut,Neno 800 Coating sheet joint Nut,2,2,165798.0,6.909163485201759e-06,0.9954556124940337,C
software customization,Software Customization,1,1,165000.0,6.875909088519104e-06,0.9954624884031222,C
wobbler,Wobbler,4,4,165000.0,6.875909088519104e-06,0.9954693643122108,C
termox dry,Termox Dry,2,2,165000.0,6.875909088519104e-06,0.9954762402212993,C
civil work office store,Civil work Office & store,1,1,164993.22,6.87562655116383e-06,0.9954831158478505,C
current transducer,Current Transducer,2,2,163450.0,6.811317215263318e-06,0.9954899271650658,C
pouch cat 7 kg ocean fish,Pouch CAT 7 kg Ocean Fish,1,1,163021.0,6.793439851633168e-06,0.9954967206049175,C
atomiser,Atomiser,1,1,162800.0,6.784230300672182e-06,0.9955035048352181,C
diprosin plus,Diprosin Plus,1,1,162500.0,6.7717286477839656e-06,0.9955102765638659,C
vehicle rent,Vehicle Rent,7,1,162000.0,6.750892559636938e-06,0.9955170274564256,C
purepet adult red 20 kg,PUREPET ADULT RED 20 kg,1,1,161895.0,6.746516981126062e-06,0.9955237739734066,C
purepet box 3 ply 250g x 32 pcs,Purepet Box 3 ply 250g x 32 pcs,5,5,161780.0,6.7417246808522455e-06,0.9955305156980875,C
ms square pipe 1 25 x1 25 4 0mm 3 19,"MS Square Pipe 1.25""X1.25"" , 4.0mm, 3.19",5,5,160855.0,6.703177917780245e-06,0.9955372188760052,C
plastic duct for combi term 140 e,Plastic Duct for Combi Term 140 (E),2,2,160500.0,6.688384295195855e-06,0.9955439072603004,C
tyre 8x25x16 remold,Tyre 8X25X16 Remold,15,8,160010.0,6.667964928811768e-06,0.9955505752252292,C
1x45w pole light lsts 45 cdl m,1X45W POLE LIGHT LSTS-45-CDL-M,1,1,160000.0,6.667548207048827e-06,0.9955572427734362,C
arrowvet p 100 papain,ArrowVet P 100 (Papain),2,2,160000.0,6.667548207048827e-06,0.9955639103216432,C
water tank 500 ltr,Water Tank - 500 Ltr.,3,3,159884.0,6.662714234598717e-06,0.9955705730358777,C
mcb switch 32amp 4pole,Mcb Switch -32Amp-4Pole,4,4,159820.0,6.660047215315898e-06,0.995577233083093,C
bentonite earthing powder,Bentonite Earthing Powder,8,8,159600.0,6.650879336531205e-06,0.9955838839624295,C
insulation works,Insulation Works,2,2,159000.0,6.6258760307547725e-06,0.9955905098384602,C
supply of 8 5 tr odu unit r100dsy16,Supply Of 8.5 Tr Odu Unit-R100Dsy16,1,1,158600.0,6.6092071602371505e-06,0.9955971190456204,C
piston valve 200 nb flange end,Piston Valve 200 NB - Flange End,1,1,158150.0,6.590454680904826e-06,0.9956037095003013,C
pouch meatup cat 1 2kg,Pouch Meatup Cat 1.2kg,2,2,157690.28,6.571297148018922e-06,0.9956102807974493,C
i pad air apple,I PAD AIR (APPLE),1,1,157627.15,6.568666383529479e-06,0.9956168494638328,C
armod cable 16 sqmm x 4 core all,Armod Cable - 16 Sqmm X 4 Core - All.,2,2,157540.0,6.565034653365452e-06,0.9956234144984861,C
sorbic acid,Sorbic Acid,2,2,156000.0,6.500859501872607e-06,0.995629915357988,C
p d pump hwp 33,P.D PUMP HWP-33,1,1,155800.0,6.492525066613796e-06,0.9956364078830545,C
fowl pox,Fowl Pox,8,8,155550.0,6.482107022540282e-06,0.9956428899900771,C
deck sheet,Deck Sheet,1,1,154790.0,6.4504361685568005e-06,0.9956493404262456,C
solvent,Solvent,5,5,154490.0,6.437934515668583e-06,0.9956557783607614,C
plastick crate,Plastick Crate,6,6,154234.5,6.427287274625452e-06,0.995662205648036,C
fd dvs ch1 culture kadi dahi,FD DVS CH1 (Culture KADI DAHI),3,3,154200.0,6.425849584543308e-06,0.9956686314976205,C
focus 7ply corrugated box 4kgx4pkt,Focus 7ply Corrugated Box - 4kgx4pkt,6,6,153842.0,6.410930945430036e-06,0.995675042428566,C
outer 80 gm x 12 pouch x 2 pkt new,OUTER  80 GM X 12 POUCH X 2 PKT. NEW,1,1,153600.0,6.400846278766874e-06,0.9956814432748448,C
chicks box mat,Chicks Box Mat,2,2,153122.0,6.380926978498316e-06,0.9956878242018232,C
timer 55c,Timer - 55C,2,2,152920.0,6.372509198886917e-06,0.9956941967110221,C
amc for dell equallogic ps6010 3sd8wn1,AMC for Dell Equallogic PS6010-3SD8WN1,1,1,152735.0,6.364799846272517e-06,0.9957005615108684,C
contactor mnx 18,Contactor - Mnx 18,2,2,152150.0,6.3404216231404945e-06,0.9957069019324916,C
purepet cat adult ocean fish 20 kg,PUREPET CAT ADULT OCEAN FISH 20 KG,1,1,151853.75,6.328076240913381e-06,0.9957132300087325,C
civil work fencing,Civil work Fencing,1,1,151281.35,6.304223087202664e-06,0.9957195342318197,C
drools box 1 2kg x 15 pkt 585x300x295,Drools Box 1.2Kg X 15 Pkt (585X300X295),1,1,151040.0,6.294165507454093e-06,0.9957258283973272,C
pouch vetpro lab adult 12 kg,Pouch Vetpro Lab Adult 12 kg,1,1,151016.4,6.293182044093553e-06,0.9957321215793713,C
armod cable 6 sqmm x 3 core cu,Armod Cable - 6 Sqmm X 3 Core - Cu,1,1,150881.75,6.287570885555559e-06,0.9957384091502569,C
absolute can vitamin 400 grm,Absolute Can Vitamin 400 Grm,1,1,150546.5,6.273600288452977e-06,0.9957446827505454,C
ele wire 6 sqmm,Ele. Wire 6 Sqmm,10,8,150424.6,6.268520450162732e-06,0.9957509512709956,C
pp bag starter 26 5 2mm 25 x44,"PP Bag Starter 26/5 2mm (25""X44"")",1,1,150300.0,6.263328096996492e-06,0.9957572145990925,C
gear oil alpha zn 320,Gear Oil Alpha Zn 320,3,3,149940.0,6.248326113530632e-06,0.995763462925206,C
civil work fencing,Civil work fencing,1,1,149491.52,6.229636975906274e-06,0.995769692562182,C
duct pipes,Duct Pipes,1,1,149200.0,6.2174887030730316e-06,0.9957759100508851,C
hydrochloric acid comm,Hydrochloric Acid Comm.,46,46,149000.0,6.209154267814221e-06,0.9957821192051529,C
x nel 4gm,X-Nel 4gm,3,3,149000.0,6.209154267814221e-06,0.9957883283594208,C
ss sheet 5mm,Ss Sheet - 5Mm,1,1,148800.0,6.20081983255541e-06,0.9957945291792534,C
defeated untoasted soya grits,Defeated Untoasted Soya Grits,1,1,148571.43,6.191294823219877e-06,0.9958007204740766,C
civil work of shed no 17,Civil work of shed no. 17,1,1,148500.0,6.188318179667193e-06,0.9958069087922563,C
relay 3 5 mn2,Relay  3-5  - Mn2,1,1,148000.0,6.167482091520166e-06,0.9958130762743478,C
tm la 100ml,Tm La 100Ml,2,2,147960.0,6.165815204468403e-06,0.9958192420895523,C
electric board 4 x4 pvc,"Electric Board 4""X4'' Pvc",3,3,147654.0,6.153063518522422e-06,0.9958253951530708,C
ht nut 10mm,Ht Nut 10Mm,3,3,147632.0,6.152146730643953e-06,0.9958315472998014,C
complete drinking system qingdao,Complete Drinking System Qingdao,1,1,147500.0,6.146646003373138e-06,0.9958376939458048,C
mcb box 4 way,Mcb Box 4 Way,2,2,147435.0,6.143937311914024e-06,0.9958438378831167,C
repair main work from madhan k 8888,Repair & Main Work From Madhan K 8888,3,1,147236.5,6.135665384919654e-06,0.9958499735485016,C
pp bag abis chicken counter feed 25kg,PP Bag Abis Chicken Counter Feed (25Kg),1,1,146816.0,6.1181422347880045e-06,0.9958560916907364,C
electrical heat exchanger,Electrical Heat Exchanger,1,1,146474.0,6.103890350495437e-06,0.9958621955810869,C
pp bag abis feed internal 26 x46 gre,"Pp Bag Abis Feed (Internal) 26""X46"" Gre",1,1,146165.5,6.091034484108721e-06,0.995868286615571,C
bora sutali,Bora Sutali,3,3,145720.0,6.07246952956972e-06,0.9958743590851006,C
rubber washer 10mm,Rubber washer 10MM,1,1,145640.0,6.069135755466195e-06,0.9958804282208561,C
nephtone liquid,Nephtone Liquid,4,4,145140.28,6.04831133552853e-06,0.9958864765321916,C
pouch vet pro 3 kg obesity,Pouch Vet Pro 3 kg (Obesity),1,1,144900.0,6.0382983450085945e-06,0.9958925148305366,C
lenovo l480 laptop,Lenovo L480 Laptop,3,3,144750.0,6.032047518564486e-06,0.9958985468780552,C
ct coil 50 5,CT Coil - 50/5,2,2,144240.0,6.0107947086545184e-06,0.9959045576727639,C
cr sheet 16 gauge,Cr Sheet 16 Gauge,1,1,144200.0,6.009127821602756e-06,0.9959105668005854,C
shutter operator,Shutter Operator,2,2,144000.0,6.000793386343945e-06,0.9959165675939717,C
air nozzle 1 5 x5,"Air Nozzle 1.5""X5""",1,1,144000.0,6.000793386343945e-06,0.995922568387358,C
plastik chair,Plastik Chair,24,23,143865.62,5.99519347929355e-06,0.9959285635808374,C
air conditioner split 1 5 ton,Air Conditioner split 1.5 ton,1,1,142968.78,5.957820204705989e-06,0.9959345214010421,C
ink dod np mk black 5 gal m220 f,"Ink, DOD, NP-MK, Black 5 Gal (M220-F)",1,1,142750.0,5.9487031659763756e-06,0.995940470104208,C
plastick sutali,Plastick Sutali,3,3,142640.0,5.94411922658403e-06,0.9959464142234347,C
weight confermation report,Weight Confermation Report,2,2,142000.0,5.917449033755834e-06,0.9959523316724684,C
safety shoes 7 no,Safety Shoes 7 No,9,9,141370.0,5.891195562690579e-06,0.9959582228680312,C
ms angle 50x50x6 4 50 kg mtr,"MS Angle 50X50X6, 4.50 kg / mtr",4,4,140951.01,5.873735337545134e-06,0.9959640966033687,C
nobilis nd broiler 2000 dose,Nobilis ND Broiler (2000 Dose),2,2,140862.0,5.8700260971332e-06,0.9959699666294658,C
lime dust,Lime Dust,2,2,140802.0,5.867525766555556e-06,0.9959758341552324,C
drools carton 80grm x 288pkt,Drools carton 80grm x 288pkt,6,5,140042.5,5.8358757486602215e-06,0.995981670030981,C
livamizol,Livamizol,1,1,140000.0,5.8341046811677245e-06,0.9959875041356622,C
sap remote support,SAP Remote Support :,2,2,140000.0,5.8341046811677245e-06,0.9959933382403433,C
rotary airlock valve 350 nb,Rotary Airlock Valve 350 NB,1,1,140000.0,5.8341046811677245e-06,0.9959991723450244,C
el lab weighing balance,El.Lab Weighing Balance,1,1,140000.0,5.8341046811677245e-06,0.9960050064497056,C
diary customize,Diary (Customize),1,1,140000.0,5.8341046811677245e-06,0.9960108405543867,C
small bon shape box,Small Bon Shape Box,2,2,140000.0,5.8341046811677245e-06,0.9960166746590678,C
vnxe1600 200gb ssd 25x2 5 u g,VNXE1600 200GB SSD 25X2.5 U/G,1,1,139800.0,5.825770245908913e-06,0.9960225004293137,C
pure pet 3ply corrugated box 1kg x 12jar,Pure Pet 3Ply Corrugated Box-1kg x 12Jar,3,3,139553.4,5.815493887234799e-06,0.996028315923201,C
pouch drools kitten oceanfish 100grm,Pouch Drools Kitten Oceanfish 100grm,2,2,139460.8,5.811635043709969e-06,0.9960341275582447,C
maxtreat 9202,Maxtreat 9202,2,2,138600.0,5.775763634356047e-06,0.9960399033218791,C
armod cable 10 sqmm x 4 core all,Armod Cable - 10 Sqmm X 4 Core - ALL.,2,2,138500.0,5.771596416726641e-06,0.9960456749182958,C
m2 premix,M2 - Premix,7,6,138450.0,5.7695128079119385e-06,0.9960514444311037,C
53 mm screw cap,53 mm Screw Cap,5,5,138243.0,5.760886667419069e-06,0.9960572053177711,C
charges for n situ balancing and laser,Charges for N-Situ Balancing and Laser,1,1,137750.0,5.7403422845061e-06,0.9960629456600556,C
curd jar 5ltr with handle caps,Curd Jar 5Ltr with Handle & Caps,1,1,137027.52,5.71023497057717e-06,0.9960686558950261,C
ms plate 25 mm,MS Plate 25 mm,1,1,136950.0,5.707004543470856e-06,0.9960743628995696,C
led bulb 15w pin type,LED Bulb 15W(Pin type),3,2,136800.0,5.700753717026748e-06,0.9960800636532866,C
fuse terminal block with led indication,Fuse Terminal Block with LED Indication,6,3,136323.0,5.680876088934483e-06,0.9960857445293756,C
ups 1 1 kva,UPS 1.1 KVA,18,16,136261.02,5.678293247447777e-06,0.9960914228226231,C
mcb switch 10 amp 2 pole,Mcb Switch - 10 Amp 2 Pole,2,2,136050.0,5.669499584806206e-06,0.9960970923222079,C
neelicol chocolate brown k1,Neelicol Chocolate Brown K1,2,2,136000.0,5.667415975991503e-06,0.9961027597381839,C
spunj sheet 4,"Spunj Sheet 4""",4,4,135600.0,5.650747105473881e-06,0.9961084104852893,C
ups battery 65ah 12v,UPS Battery 65AH 12V,2,2,135468.92,5.645284716605257e-06,0.9961140557700059,C
geared motor 3 hp 200 rpm,Geared Motor 3 Hp - 200 Rpm,2,2,135071.18,5.628710025206059e-06,0.9961196844800311,C
ib ma 5 vacc,IB MA - 5 Vacc.,3,3,135007.2,5.626043839366766e-06,0.9961253105238704,C
rent tipper,Rent tipper,1,1,135000.0,5.625743799697448e-06,0.9961309362676701,C
rent dumper,Rent Dumper,1,1,135000.0,5.625743799697448e-06,0.9961365620114698,C
hot water genrator the with steam contro,Hot Water Genrator THE With Steam Contro,1,1,135000.0,5.625743799697448e-06,0.9961421877552695,C
rent damper,Rent Damper,1,1,135000.0,5.625743799697448e-06,0.9961478134990692,C
purepet cat adult tuna salmon 7 kg,Purepet Cat Adult Tuna& Salmon 7 kg,1,1,134568.0,5.607741419538417e-06,0.9961534212404888,C
elisa kit for mg biochek,Elisa Kit for MG (Biochek),2,2,134466.0,5.603490857556423e-06,0.9961590247313463,C
elisa kit for ms biochek,Elisa Kit for MS (Biochek),2,2,134466.0,5.603490857556423e-06,0.9961646282222039,C
safety shoes 8 no,Safety Shoes 8 No,9,9,134160.0,5.590739171610442e-06,0.9961702189613755,C
tablet bottle 130 ml with cap,Tablet Bottle 130 ml with cap,1,1,134100.0,5.588238841032799e-06,0.9961758072002165,C
1x28 w tl lctln 20 cdl,1X28 W TL LCTLN-20-CDL,1,1,134100.0,5.588238841032799e-06,0.9961813954390575,C
drum precleaner sieve 1045x895x2mm thick,DRUM PRECLEANER SIEVE 1045x895x2mm thick,1,1,134000.0,5.584071623403393e-06,0.9961869795106809,C
n zuron,N Zuron,1,1,133620.0,5.568236196411652e-06,0.9961925477468774,C
ceiling fan set,Ceiling Fan Set,12,12,133482.13999999998,5.562491270187753e-06,0.9961981102381475,C
ms welding rod 3 15 x 3 50 10 no,Ms Welding Rod 3.15 X 3.50 (10 No.),5,5,133312.5,5.55542200220123e-06,0.9962036656601497,C
ele wire 75 sqmm,Ele. Wire .75 Sqmm,4,2,133239.0,5.552359097243617e-06,0.996209218019247,C
shrink films for 2000ml jarry can,Shrink Films for 2000ml Jarry Can,4,4,132300.0,5.513228923703499e-06,0.9962147312481707,C
avilyte,AVILYTE,2,2,132000.0,5.5007272708152825e-06,0.9962202319754415,C
civil work shed no 12,Civil work Shed no. 12,1,1,132000.0,5.5007272708152825e-06,0.9962257327027123,C
intacef,Intacef,4,4,131967.6,5.499377092303355e-06,0.9962312320798046,C
n o contact,N O Contact,1,1,131600.0,5.4840584002976605e-06,0.9962367161382049,C
chicken boneless,Chicken Boneless,81,81,131326.39,5.472656476141845e-06,0.996242188794681,C
dell pc dc 4gb 500gb hdd w o monitor,Dell PC (DC/4GB/500GB HDD) W/O Monitor,1,1,130932.18,5.456228887524965e-06,0.9962476450235684,C
purepet cat adult mackerel 7 kg,Purepet Cat Adult mackerel 7 kg,1,1,130704.0,5.446720130338187e-06,0.9962530917436988,C
sew gear box unit type r 27 rs 112 m4,"SEW GEAR BOX UNIT,TYPE R-27 RS-112 M4",1,1,130624.0,5.443386356234663e-06,0.996258535130055,C
gi square pipe 3 4 x 3 4,"GI Square Pipe 3/4"" X 3/4""",2,2,130502.86,5.438338188798401e-06,0.9962639734682438,C
lime,Lime,1,1,130410.5,5.434489346595882e-06,0.9962694079575904,C
bag 100 veg puppy 6 5 kg,Bag 100% Veg Puppy 6.5 kg,1,1,130113.0,5.4220918741484e-06,0.9962748300494646,C
ele shielded wire 0 75 sqmm x 3 core,Ele. Shielded Wire 0.75 Sqmm X 3 Core,1,1,130000.0,5.417382918227173e-06,0.9962802474323829,C
rubber mat checkerd,Rubber Mat Checkerd,5,5,129540.0,5.398213717131907e-06,0.9962856456461,C
master clone vacc,MASTER CLONE VACC.,7,7,129500.0,5.396546830080145e-06,0.9962910421929301,C
safegard,Safegard,11,11,129470.0,5.395296664791323e-06,0.9962964374895948,C
electrical work for 11 kv ht line,Electrical Work for 11 KV HT Line,3,3,129000.0,5.375710741933117e-06,0.9963018132003367,C
feed water tank,Feed water tank,1,1,128700.0,5.3632090890449e-06,0.9963071764094258,C
bmm hp101 94577088,BMM (HP101) (94577088),1,1,128400.0,5.350707436156684e-06,0.9963125271168619,C
bearing skf 22218ek,Bearing Skf 22218Ek,2,2,128394.0,5.3504574030989195e-06,0.996317877574265,C
finadyane inj 100 ml,FINADYANE INJ. 100 ML,2,2,128262.4,5.344973344698622e-06,0.9963232225476097,C
pouch drools kitten ocean fish 400gm,Pouch Drools Kitten Ocean fish 400gm,2,2,128068.0,5.336872273627058e-06,0.9963285594198834,C
ms square pipe 1 x1 3 2mm 1 98 kg mt,"MS Square Pipe 1""X1"" , 3.2mm, 1.98 kg/mt",7,7,127658.65999999999,5.319814184982849e-06,0.9963338792340684,C
jcb rent,JCB Rent,1,1,127500.3,5.313214979144923e-06,0.9963391924490475,C
pouch lets bite lab puppy 12 kg,Pouch Lets Bite Lab Puppy 12 kg,1,1,127152.08,5.298703893915807e-06,0.9963444911529413,C
tmt steel fe 500,"TMT Steel : Fe:500,",1,1,127117.48,5.297262036616033e-06,0.9963497884149779,C
roto ring c pin,Roto Ring (C Pin),5,2,126882.8,5.287482410283344e-06,0.9963550758973881,C
polithin 13x16 chicken,Polithin (13X16) Chicken,3,3,126250.0,5.261112257124466e-06,0.9963603370096452,C
ms pipe 10 b class 5 0 mm 35 6 kg mt,"MS Pipe 10"" B Class 5.0 mm, 35.6 kg / mt",2,2,125742.6,5.239967794872862e-06,0.9963655769774401,C
pouch box 500 ml x 20 pouch,Pouch Box 500 ml X 20 Pouch,3,3,125395.2,5.225490880828307e-06,0.9963708024683209,C
neodox forte,NEODOX FORTE,1,1,125000.0,5.209022036756896e-06,0.9963760114903576,C
cockrel doc,Cockrel DOC,1,1,125000.0,5.209022036756896e-06,0.9963812205123943,C
polithin 8x10 chicken,Polithin (8X10) Chicken,2,2,125000.0,5.209022036756896e-06,0.996386429534431,C
nd vh 1000 dose,ND VH 1000 Dose,7,7,125000.0,5.209022036756896e-06,0.9963916385564677,C
v belt d 248,V Belt - D 248,2,2,124872.0,5.203687998191257e-06,0.9963968422444659,C
1x100w sq light lfln11 110 cdl 60,1X100W SQ. LIGHT LFLN11-110-CDL/60,1,1,124800.0,5.200687601498085e-06,0.9964020429320674,C
armod cable 1 5 sqmm x 4 core cu,Armod Cable -1.5  Sqmm x 4 Core CU.,1,1,124740.0,5.198187270920442e-06,0.9964072411193383,C
macconkey agar,MacConkey Agar,1,1,124560.0,5.190686279187512e-06,0.9964124318056174,C
cst conector 10 amp,Cst Conector 10 Amp,2,2,123360.0,5.140679667634646e-06,0.9964175724852851,C
galvalume color profiles sheet,Galvalume Color Profiles Sheet,1,1,123000.0,5.125677684168786e-06,0.9964226981629692,C
chest freezer htd 205 soft look,Chest Freezer HTD 205 Soft Look,1,1,122500.0,5.104841596021759e-06,0.9964278030045652,C
view sonic m1,View Sonic M1,1,1,122400.0,5.1006743783923534e-06,0.9964329036789437,C
ai funnel,Ai Funnel,1,1,122010.0,5.084422229637672e-06,0.9964379881011733,C
jcb rent,JCB RENT,1,1,121833.19,5.07705417214712e-06,0.9964430651553455,C
bag sealing tie 250mm cable tie,Bag Sealing Tie - 250mm (Cable Tie),4,4,121800.0,5.07567107261592e-06,0.9964481408264182,C
pouch purepet kitten 1 2kg,Pouch Purepet Kitten 1.2kg,2,2,121744.4,5.07335409961397e-06,0.9964532141805178,C
asset management application,Asset Management Application,1,1,121065.25,5.045052441083863e-06,0.9964582592329588,C
hub shaft support 31959 103,Hub Shaft Support  - 31959-103,1,1,121050.0,5.0444169403953784e-06,0.9964633036498992,C
apple macbook pro 130 touch bar,Apple MacBook PRO 130 Touch BAR,1,1,121016.94,5.043039258247097e-06,0.9964683466891575,C
aluminium door with frame,Aluminium door with frame,7,6,120649.64,5.0277330678942905e-06,0.9964733744222254,C
repair main work from speed s 8589,Repair & Main Work From Speed S 8589,3,2,120292.01,5.012829847486248e-06,0.9964783872520728,C
shampoo sticker black 250 ml,Shampoo Sticker Black 250 ML,3,3,120000.0,5.000661155286621e-06,0.9964833879132281,C
shampoo sticker red 250 ml,Shampoo Sticker Red 250 ML,3,3,120000.0,5.000661155286621e-06,0.9964883885743834,C
filter cloth 1 x 0 83 mtr butterfly t,FILTER CLOTH- 1 X 0.83 MTR (BUTTERFLY T),1,1,120000.0,5.000661155286621e-06,0.9964933892355387,C
shampoo sticker green 250 ml,Shampoo Sticker Green 250 ML,3,3,120000.0,5.000661155286621e-06,0.9964983898966939,C
animunin liq,Animunin LIQ.,5,5,119280.0,4.970657188354901e-06,0.9965033605538823,C
apfc panel 60 kvar,APFC Panel - 60 KVAR,1,1,118968.0,4.957655469351155e-06,0.9965083182093517,C
gi square pipe 1 5 x1 5 x2 0mm x6 0 mtr,"GI Square Pipe 1.5""x1.5""x2.0MM x6.0 Mtr.",2,2,118649.84,4.944397049741439e-06,0.9965132626064015,C
pure pet 3ply corrugated box 500gmx12jar,Pure Pet 3Ply Corrugated Box-500gmx12Jar,4,4,118532.8,4.939519738227983e-06,0.9965182021261397,C
steam heat exchanger,Steam Heat Exchanger,1,1,118142.0,4.923234251732266e-06,0.9965231253603914,C
computer cpu,COMPUTER CPU,1,1,117796.6,4.9088406820403e-06,0.9965280342010735,C
amc for lto tape library serial no,AMC for LTO Tape Library (Serial No:,1,1,117753.0,4.907023775153879e-06,0.9965329412248487,C
enrocin,Enrocin,2,2,117660.0,4.903148262758531e-06,0.9965378443731114,C
bearing ring for pump type cr32 14,Bearing Ring for Pump Type CR32-14,1,1,117600.0,4.900647932180888e-06,0.9965427450210436,C
ms plate 4 mm,Ms Plate 4 Mm,1,1,117436.0,4.8938136952686635e-06,0.9965476388347388,C
cooling pads 40 45 degree 2000x600x150,Cooling Pads - 40*45 Degree 2000x600x150,5,5,117158.4,4.882245499129433e-06,0.996552521080238,C
crdnil,CRDnil,9,9,117000.0,4.875644626404455e-06,0.9965573967248643,C
stall participation in feed tech expo,Stall Participation in Feed Tech Expo,1,1,117000.0,4.875644626404455e-06,0.9965622723694907,C
purepet cat adult sea food 7 kg,Purepet Cat Adult sea food 7 kg,2,2,116524.8,4.855842008229521e-06,0.996567128211499,C
ms pipe 12 10 3 mm 79 71 kg mtr,"MS Pipe 12"" 10.3 mm, 79.71 kg / mtr",1,1,115918.27,4.830566583141887e-06,0.9965719587780821,C
ge bbl door female 7 5 x18,"Ge Bbl Door Female 7.5""X18""",1,1,115304.8,4.805001953150773e-06,0.9965767637800352,C
ge bbl door female 9 5 x18,"Ge Bbl Door Female 9.5""X18""",1,1,115304.6,4.804993618715514e-06,0.996581568773654,C
insulation work 100 density al sheet 2,"Insulation work, 100 Density, Al sheet 2",1,1,115200.0,4.800634709075156e-06,0.9965863694083631,C
pid control panel,PID Control Panel,1,1,115000.0,4.792300273816344e-06,0.9965911617086369,C
poster drools,Poster Drools,3,3,114760.0,4.782298951505772e-06,0.9965959440075884,C
armod cable 4 sqmm x 4 core cu,Armod Cable - 4 Sqmm X 4 Core - Cu,1,1,114650.0,4.777715012113425e-06,0.9966007217226005,C
rice,Rice,9,9,114200.0,4.7589625327811005e-06,0.9966054806851333,C
mcb switch 10 amp 3 pole,Mcb Switch -10 Amp- 3 Pole,2,2,114100.0,4.754795315151695e-06,0.9966102354804485,C
vitamin k3,Vitamin K3,2,2,113875.0,4.745419075485533e-06,0.9966149808995239,C
visi cooler,Visi Cooler,1,1,113559.32,4.732264002873026e-06,0.9966197131635268,C
civil work bottom washbin,Civil Work Bottom Washbin,1,1,113453.38,4.727849252516434e-06,0.9966244410127794,C
flue gas ducting,Flue Gas Ducting,3,1,113256.0,4.719623998359513e-06,0.9966291606367778,C
ss sheet 2 mm,SS Sheet - 2 mm,1,1,113215.5,4.717936275219603e-06,0.996633878573053,C
civil work dead pit,Civil work dead pit,1,1,113161.99,4.715706397066109e-06,0.99663859427945,C
freight charges,Freight charges,1,1,113000.0,4.7089559212282345e-06,0.9966433032353712,C
bearing 6002 2rs,Bearing 6002 2Rs,6,6,112200.0,4.675618180192991e-06,0.9966479788535514,C
elisa kit for ibv,Elisa Kit for IBV,2,2,111780.0,4.658115866149487e-06,0.9966526369694175,C
engine oil 40 no,Engine Oil 40 No,2,2,111720.0,4.655615535571844e-06,0.9966572925849531,C
load cell 0782 30t 13m 71201709,Load cell 0782 30T 13M  (71201709),1,1,111400.0,4.642280439157746e-06,0.9966619348653922,C
pouch 100 veg puppy 3 kg,pouch 100% Veg Puppy 3 kg,2,2,111339.36,4.639753438387274e-06,0.9966665746188306,C
purepet cat adult 100 gm,Purepet Cat Adult  100 Gm,3,3,111284.44,4.637464802465205e-06,0.9966712120836331,C
accidental repair work shivnath a ab5948,Accidental Repair Work Shivnath A.AB5948,2,1,111195.78,4.633770147314974e-06,0.9966758458537804,C
display card,Display Card,1,1,111000.0,4.625611568640124e-06,0.9966804714653491,C
load cell 0782 20t 13m 71201708,Load cell 0782 20T 13M  (71201708),1,1,111000.0,4.625611568640124e-06,0.9966850970769178,C
canine creek cartoon 4 kg x 4,CANINE CREEK CARTOON 4 KG x 4,3,3,110527.55,4.605923548949998e-06,0.9966897030004667,C
cable tray ladder type 24,"Cable Tray Ladder Type 24""",1,1,110000.0,4.583939392346069e-06,0.9966942869398591,C
logger pri 3rd party 32 channel,Logger PRI - 3RD Party (32 Channel),1,1,110000.0,4.583939392346069e-06,0.9966988708792515,C
stall design pune feed tech expo,Stall Design Pune Feed Tech Expo,1,1,110000.0,4.583939392346069e-06,0.9967034548186439,C
freight charges for wall sheet,Freight Charges for Wall sheet,1,1,110000.0,4.583939392346069e-06,0.9967080387580363,C
curtain strip mtr,Curtain Strip (Mtr.),2,2,109200.0,4.550601651310825e-06,0.9967125893596875,C
p d pump hwp 44,P.D PUMP HWP-44,1,1,109120.0,4.5472678772073e-06,0.9967171366275648,C
30t pdx cell and boot 42904883 mtms,30T PDX Cell and boot-(42904883-MTMS),1,1,108500.0,4.5214311279049865e-06,0.9967216580586927,C
ms tmt 32 mm,Ms Tmt 32 Mm,1,1,108350.0,4.515180301460878e-06,0.9967261732389942,C
diprosin plus a,Diprosin Plus A,4,4,108000.0,4.500595039757958e-06,0.9967306738340339,C
pouch lets bite lab adult 12 kg,Pouch Lets Bite Lab Adult 12 kg,1,1,107986.05,4.500013712898657e-06,0.9967351738477468,C
pani pipe 1,"Pani Pipe 1""",6,6,107880.68,4.495622715682552e-06,0.9967396694704624,C
hydrolic oil 68,Hydrolic Oil 68,3,3,107396.1,4.475429212493979e-06,0.9967441448996749,C
composite can for skin coat 300ml,Composite Can for Skin & Coat 300ml,1,1,107250.0,4.469340907537417e-06,0.9967486142405825,C
aux contact with 2no 2nc 3rh2122 1ap00,Aux Contact with 2NO+2NC - 3RH2122-1AP00,3,3,107180.0,4.4664238551968335e-06,0.9967530806644377,C
brick work for 115mm width,Brick Work : for 115mm width,1,1,107100.0,4.463090081093309e-06,0.9967575437545187,C
oxygen cylinder,Oxygen Cylinder,29,24,107008.0,4.459256240874256e-06,0.9967620030107597,C
welding cable 50 sqmm,Welding Cable 50 Sqmm,2,1,107000.0,4.458922863463903e-06,0.9967664619336232,C
door rod 5x2773mm b0059,Door Rod 5x2773mm - B0059,1,1,106748.1,4.448425642255431e-06,0.9967709103592655,C
felt packing,Felt Packing,3,3,106592.0,4.441920615535929e-06,0.996775352279881,C
armod cable 70 sqmm x 3 5 core all,Armod Cable - 70 Sqmm X 3.5 Core - All.,1,1,106395.0,4.433711196806e-06,0.9967797859910779,C
tcs 1 tata lpk 1615 36 bs iv,"TCS @1% Tata LPK 1615/36, BS-IV",1,1,106250.0,4.427668731243362e-06,0.9967842136598091,C
pouch cat ocean fish 3kg,Pouch CAT Ocean Fish 3kg,1,1,106092.36,4.421099529372367e-06,0.9967886347593384,C
lets bite cat clumping litter 06 kg,Lets Bite Cat Clumping Litter 06 kg,1,1,106090.0,4.421001183036313e-06,0.9967930557605215,C
pilling work,Pilling Work :,2,2,105410.0,4.392664103156356e-06,0.9967974484246246,C
kala polithin,Kala Polithin,3,3,105084.0,4.379078973684494e-06,0.9968018275035982,C
hydrolic oil 68 no,Hydrolic Oil 68 No,2,2,105000.0,4.375578510875793e-06,0.9968062030821091,C
wr24m9960 washing machine,WR24M9960 (Washing machine),1,1,104661.0,4.361451643112109e-06,0.9968105645337522,C
paint silver,Paint Silver,13,13,104595.0,4.3587012794767e-06,0.9968149232350316,C
armod cable 25sqmm x 3 5 core all,Armod Cable 25Sqmm X 3.5 Core -All.,2,2,104500.0,4.354742422728766e-06,0.9968192779774544,C
r2b vaccine,R2B Vaccine,7,7,104400.0,4.3505752050993596e-06,0.9968236285526595,C
bracket hanger pvc,Bracket Hanger (PVC),2,2,104188.6,4.341765707030797e-06,0.9968279703183666,C
car washer double cylinder brand everest,"Car Washer Double Cylinder Brand""Everest",1,1,104000.0,4.333906334581738e-06,0.9968323042247011,C
double sided polyster tape 91088,Double Sided Polyster Tape 91088,1,1,104000.0,4.333906334581738e-06,0.9968366381310357,C
absolute calcium bone label,Absolute Calcium Bone label,4,4,103900.0,4.329739116952332e-06,0.9968409678701526,C
clear water 200ml,Clear Water 200Ml,6,6,103728.0,4.322571502629755e-06,0.9968452904416553,C
cup 80ml 080040h,Cup 80ml (080040H),1,1,103000.0,4.292234158287683e-06,0.9968495826758136,C
v groove swivel caster steel pb3157,V groove swivel caster steel ( PB3157),3,3,102050.0,4.2526455908083305e-06,0.9968538353214044,C
rockwool 64 75 den thk 1000x500mm,Rockwool 64/75 Den/Thk 1000X500MM,1,1,102000.0,4.250561981993628e-06,0.9968580858833863,C
ammonia test kit,Ammonia Test Kit,1,1,101910.0,4.246811486127163e-06,0.9968623326948725,C
flood light 90 w,Flood Light - 90 W,1,1,101820.0,4.2430609902606975e-06,0.9968665757558627,C
flooring work at damri shed no 2,Flooring work at Damri shed No.2,1,1,101604.0,4.234059800181182e-06,0.9968708098156629,C
nec ip epabx system sl 2100,NEC IP EPABX System SL 2100,1,1,101200.0,4.217224240958384e-06,0.9968750270399038,C
ld polithin 12 x15,Ld Polithin 12'X15',2,2,100772.5,4.1994093855926745e-06,0.9968792264492894,C
maxtreat 3006,MAXTREAT 3006,6,6,100485.0,4.187428634908134e-06,0.9968834138779243,C
elisa kit for cav,Elisa Kit for CAV,2,2,100464.0,4.186553519205959e-06,0.9968876004314435,C
fancing wire,Fancing Wire,2,2,100423.72,4.184874963944834e-06,0.9968917853064074,C
pouch lets bite puppy 1 2 kg,Pouch Lets Bite puppy 1.2 kg,4,4,100405.8,4.1841281985456445e-06,0.996895969434606,C
mcb 63 amp 3 pole schneider,MCB 63 Amp 3 Pole (Schneider),1,1,100170.0,4.174301899375507e-06,0.9969001437365054,C
die holding ring rear 660 228,Die Holding Ring - Rear (660.228),1,1,100000.0,4.167217629405517e-06,0.9969043109541348,C
consulting services of structural design,Consulting Services of structural design,2,2,100000.0,4.167217629405517e-06,0.9969084781717642,C
pouchpurepet chicken vagetable puppy 3kg,PouchPurepet Chicken&Vagetable Puppy 3Kg,1,1,99689.94,4.1542967544237825e-06,0.9969126324685186,C
upvc pipe 2,"Upvc Pipe 2 """,1,1,99394.5,4.141985126659467e-06,0.9969167744536452,C
piston valve 300 150 nb,Piston Valve # 300-150 NB,1,1,99150.0,4.13179627955557e-06,0.9969209062499248,C
geared motor 5 hp 280 rpm,Geared Motor 5 Hp - 280 Rpm,2,2,99051.62,4.127696570851761e-06,0.9969250339464957,C
composite can for vitamins 300ml,Composite Can for Vitamins 300ml,1,1,99000.0,4.125545453111462e-06,0.9969291594919488,C
dg rent 30 k v,DG Rent 30 K.V,3,3,99000.0,4.125545453111462e-06,0.996933285037402,C
nec digital ip epabx system sl 1000,NEC Digital IP EPABX System SL 1000,1,1,99000.0,4.125545453111462e-06,0.9969374105828551,C
composite can for calcium 300ml,Composite Can for Calcium 300ml,1,1,99000.0,4.125545453111462e-06,0.9969415361283083,C
label for 1000 ml bottle,Label For 1000 Ml Bottle,3,3,98898.5,4.121315727217615e-06,0.9969456574440355,C
safety shoes 6 no,Safety Shoes 6 No,9,9,98750.0,4.115127409037948e-06,0.9969497725714446,C
assembly foam with piston,Assembly foam with piston,2,2,98700.0,4.113043800223246e-06,0.9969538856152448,C
elisa kit for reo biochek,Elisa Kit for REO (Biochek),2,2,98640.0,4.1105434696456025e-06,0.9969579961587144,C
ss pipe 6,"SS PIPE - 6""",1,1,98500.0,4.104709364964435e-06,0.9969621008680793,C
fd dvs yf 3331 50u,FD DVS YF 3331 (50U),2,2,98100.0,4.088040494446813e-06,0.9969661889085738,C
bottle box 1000 ml,Bottle Box 1000 Ml,2,2,97800.0,4.075538841558596e-06,0.9969702644474153,C
pouchpurepet chicken vagetable adult 3kg,PouchPurepet Chicken&Vagetable Adult 3Kg,1,1,97592.04,4.066872695776484e-06,0.9969743313201112,C
empty panal box 2300 x 1200 x 600 mm,EMPTY PANAL BOX- 2300 X 1200 X 600 MM,3,3,97500.0,4.06303718867038e-06,0.9969783943572998,C
tyre 7x50x16 rear,Tyre 7X50X16 Rear,2,2,97462.08,4.061456979745308e-06,0.9969824558142796,C
bearing grease ep 2,Bearing  Grease - Ep 2,1,1,97200.0,4.050535535782162e-06,0.9969865063498153,C
ups 6 kva,UPS 6 KVA,2,2,96750.0,4.031783056449838e-06,0.9969905381328718,C
focus 5ply corrugated box 1 2kgx6pkt,Focus 5ply Corrugated Box - 1.2kgx6pkt,5,5,96684.7,4.029061863337836e-06,0.9969945671947351,C
refrigerator 697 ltr,Refrigerator 697 Ltr,1,1,96610.16,4.025955619316878e-06,0.9969985931503544,C
v belt a 88,V Belt A-88,1,1,96000.0,4.0005289242292964e-06,0.9970025936792787,C
temprature sensor,Temprature Sensor,5,3,96000.0,4.0005289242292964e-06,0.9970065942082029,C
hammer mill screen dia 5mm 396x700mm,"Hammer Mill Screen Dia-5mm, (396x700mm)",1,1,96000.0,4.0005289242292964e-06,0.9970105947371272,C
ele shielded wire 0 75 sqmm x 6 core,Ele. Shielded Wire 0.75 Sqmm X 6 Core,2,2,95800.0,3.9921944889704854e-06,0.9970145869316162,C
sentring tar,Sentring Tar,4,4,95762.72,3.990640950238243e-06,0.9970185775725664,C
tyre 8x25x20 sml front,Tyre 8X25X20  Sml(Front),2,2,95398.95999999999,3.9754822793895175e-06,0.9970225530548458,C
jar box 15 ltr,Jar Box - 15 Ltr,2,2,95280.0,3.970524957297577e-06,0.997026523579803,C
gysum false ceiling,Gysum False Ceiling,1,1,95225.0,3.9682329876014034e-06,0.9970304918127907,C
sulphomic acid,Sulphomic Acid,2,2,95000.0,3.9588567479352415e-06,0.9970344506695387,C
pouch roll 200ml kg,POUCH ROLL 200ML_KG,1,1,94750.0,3.948438703861728e-06,0.9970383991082425,C
pouch meat up 3 kg puppy,Pouch Meat Up 3 Kg Puppy,1,1,94258.08,3.927939326899156e-06,0.9970423270475695,C
ms pipe 1 25 b class 3 2 mm 3 1 kg m,"MS Pipe 1.25"" B Class 3.2 mm, 3.1 kg / m",1,1,93960.0,3.915517684589424e-06,0.9970462425652541,C
column pipe 2,"Column Pipe 2""",6,5,93600.0,3.900515701123564e-06,0.9970501430809552,C
cable tie 410x7 0mm metal lock,Cable tie 410x7.0mm Metal Lock,1,1,93600.0,3.900515701123564e-06,0.9970540435966563,C
laptop bag,Laptop Bag,2,2,93178.0,3.882930042727473e-06,0.997057926526699,C
coolent,Coolent,2,2,93168.6,3.882538324270309e-06,0.9970618090650233,C
elisa kit for ibd biocheck,Elisa Kit For IBD Biocheck,3,3,93150.0,3.881763221791239e-06,0.997065690828245,C
bearing no skf 22222 ek,Bearing No Skf- 22222 Ek,1,1,93136.0,3.881179811323123e-06,0.9970695720080563,C
pouch purepet puppy 3 kg,Pouch Purepet Puppy 3 kg,1,1,93135.42,3.881155641460872e-06,0.9970734531636978,C
ms angle 25x25x3 1 10 kg mtr,"MS Angle 25X25X3, 1.10 kg / mtr",7,7,93024.64,3.876539197771017e-06,0.9970773297028955,C
welding machine 3 phase 400 600a 440v,Welding Machine - 3 Phase 400-600A 440V,3,3,92800.0,3.86717796008832e-06,0.9970811968808556,C
mtrb 81013 820 sieve wood 100 200,MTRB-81013-820 - sieve wood 100/200,1,1,92562.0,3.857259982130335e-06,0.9970850541408377,C
pouch meat up 1 2 kg adult,Pouch Meat Up 1.2 Kg Adult,1,1,92511.72,3.85516470510627e-06,0.9970889093055428,C
ci die plate od 900x181x55 hole 6 8,"Ci Die Plate OD: 900X181X55, Hole: 6/8",1,1,92500.0,3.854676307200103e-06,0.99709276398185,C
whytheat k acc 50 kg0,Whytheat - K (ACC) (50 kg0,2,2,92500.0,3.854676307200103e-06,0.9970966186581571,C
liv 52 protch pfs,Liv-52 Protch PFs,2,2,92188.0,3.841674588196358e-06,0.9971004603327454,C
wooden partition works,Wooden Partition Works,1,1,92160.0,3.8405077672601245e-06,0.9971043008405126,C
bearing nu 2226 ecp,Bearing - NU 2226 ECP,1,1,92042.0,3.835590450457426e-06,0.9971081364309631,C
portable autoclave 7407st 16lit medica,Portable Autoclave 7407ST 16LIT Medica,2,2,92000.0,3.833840219053076e-06,0.9971119702711821,C
metricef,Metricef,1,1,91980.0,3.833006775527195e-06,0.9971158032779577,C
pp bag broiler pre starter crumbs 50kg,PP Bag Broiler Pre-Starter Crumbs (50Kg),1,1,91350.0,3.80675330446194e-06,0.9971196100312621,C
pouch vetpro adult 3kg,Pouch Vetpro Adult 3kg,1,1,91309.68,3.8050730823137632e-06,0.9971234151043444,C
clean clear aqua,Clean & clear Aqua,6,6,91000.0,3.7921680427590205e-06,0.9971272072723872,C
hoarding rent 20x10,Hoarding Rent (20X10),4,4,91000.0,3.7921680427590205e-06,0.99713099944043,C
junction box 400x400x150 mm,Junction Box - 400X400X150 mm,1,1,91000.0,3.7921680427590205e-06,0.9971347916084728,C
locker,Locker,2,2,90677.96,3.7787479351052835e-06,0.997138570356408,C
pp bag finisher 1 integration p 50kg,PP Bag Finisher 1(Integration-P) 50kg,3,3,90644.0,3.777332747998337e-06,0.997142347689156,C
pvc pipe 2 5,"Pvc Pipe 2.5""",1,1,90500.0,3.771331954611993e-06,0.9971461190211106,C
inner corten 80 gm x 12 pouch new,INNER CORTEN 80 GM X 12 POUCH NEW,2,2,90482.0,3.7705818554387003e-06,0.997149889602966,C
ferrul for tube thermax,Ferrul for Tube (Thermax),1,1,90300.0,3.762997519353182e-06,0.9971536526004854,C
ph test kit,PH Test Kit,1,1,90300.0,3.762997519353182e-06,0.9971574155980047,C
engine oil 15w40 rx turbo castrol,Engine Oil 15W40 RX Turbo Castrol,2,2,90029.1,3.7517085267951228e-06,0.9971611673065316,C
lactose,Lactose,1,1,90000.0,3.7504958664649656e-06,0.997164917802398,C
pouch abis bm 5 liter,Pouch Abis BM 5 Liter,1,1,89793.5,3.741890562060243e-06,0.9971686596929601,C
white cement,White Cement,4,4,89778.44,3.741262979085255e-06,0.9971724009559392,C
gear oil 220,Gear Oil - 220,2,2,89602.8,3.733943678040967e-06,0.9971761348996172,C
betan holder,Betan Holder,3,3,89460.85,3.728028312616026e-06,0.9971798629279298,C
maxtreat 7770,Maxtreat 7770,5,5,89250.0,3.719241734244424e-06,0.9971835821696641,C
milk roll natural 200ml,Milk Roll Natural 200ML,2,2,89087.65,3.712476256423084e-06,0.9971872946459205,C
mcb 6 amp 1 pole schneider,MCB 6 Amp 1 Pole (Schneider),2,2,88862.0,3.7030729298423308e-06,0.9971909977188503,C
ss angle 40 x 40 x 4mm,SS ANGLE 40 X 40 X 4MM,2,2,88850.0,3.702572863726802e-06,0.9971947002917141,C
hammer mill screen dia 5mm 420x795mm,"Hammer Mill Screen Dia-5mm, (420x795mm)",1,1,88800.0,3.7004892549120992e-06,0.997198400780969,C
relay 11 point,Relay 11 Point,2,1,88650.0,3.694238428467991e-06,0.9972020950193975,C
rs2a174864 gulf eng oil 15w40 le duramax,RS2A174864 Gulf Eng.Oil 15W40 LE DuraMax,1,1,88200.0,3.6754859491356663e-06,0.9972057705053466,C
armod cable 2 5 sqmm x 4 core cu,Armod Cable - 2.5 Sqmm X 4 Core - Cu,1,1,88050.0,3.669235122691558e-06,0.9972094397404694,C
vitamin c poultry,Vitamin C (Poultry),1,1,88000.0,3.6671515138768553e-06,0.9972131068919833,C
fd dvs yo flex express 1 0 50u,FD DVS YO FLEX EXPRESS 1.0(50U),2,2,87750.0,3.6567334698033415e-06,0.9972167636254531,C
composite can for 150 ml,Composite can for 150 ml,1,1,87750.0,3.6567334698033415e-06,0.9972204203589229,C
amul butter,Amul Butter,13,13,87479.2,3.6454486444629113e-06,0.9972240658075674,C
ms checkered plate 4 mm,Ms Checkered Plate 4 Mm,2,2,87262.5,3.6364182838599896e-06,0.9972277022258512,C
ele wire 185 sqmm,Ele. Wire 185 Sqmm,1,1,87042.0,3.6272295689871503e-06,0.9972313294554203,C
labels skin coat 110tab,Labels Skin & Coat 110Tab,2,2,87000.0,3.6254793375828e-06,0.9972349549347579,C
freight charges silo foundations,Freight Charges silo foundations,1,1,87000.0,3.6254793375828e-06,0.9972385804140955,C
pouch roll abis kadi dahi 200gm,Pouch Roll Abis Kadi Dahi 200gm,1,1,86999.62,3.625463502155808e-06,0.9972422058775977,C
preventor vspd 2,Preventor Vspd - 2,2,2,86750.0,3.615061293509286e-06,0.9972458209388912,C
maxtreat 3200,Maxtreat 3200,3,3,86625.0,3.6098522714725293e-06,0.9972494307911627,C
parent chicken biryani acf,Parent Chicken (Biryani) ACF,75,75,86455.42,3.6027855038165835e-06,0.9972530335766665,C
filter kit 2901194802,Filter Kit (2901194802),2,2,86344.0,3.5981423899339e-06,0.9972566317190564,C
ms bucket 287mm l 171mm w 120mm d,"MS BUCKET-287MM(L),171MM(W),120MM(D)",1,1,86000.0,3.583807161288745e-06,0.9972602155262177,C
rccb 25 amp 2 pole,Rccb 25 Amp - 2 Pole,1,1,85790.0,3.575056004266993e-06,0.9972637905822219,C
ms plate 8 mm,Ms Plate 8 Mm,3,3,85517.1,3.563683667356346e-06,0.9972673542658893,C
xyrofur 1gm,Xyrofur 1gm,2,2,85498.0,3.562887728789129e-06,0.997270917153618,C
3354285 ext long life gear oil 80w90,3354285 EXT Long Life Gear Oil 80W90,2,2,85031.1,3.543430989677435e-06,0.9972744605846077,C
poulkey 100ml,Poulkey 100ML,4,4,85008.0,3.542468362405042e-06,0.9972780030529701,C
cabin repair work frm bittu truck ae3792,Cabin Repair Work Frm Bittu Truck AE3792,1,1,85000.0,3.5421349849946896e-06,0.9972815451879551,C
temp store,Temp. Store,1,1,84745.76,3.531540250893689e-06,0.997285076728206,C
office store,Office & Store,1,1,84745.7,3.5315377505631112e-06,0.9972886082659566,C
mud pump 3 hp,MUD PUMP 3 HP,2,2,84600.0,3.5254661144770677e-06,0.997292133732071,C
nimovet inj 90ml,Nimovet Inj 90ml,3,3,84516.0,3.521965651668367e-06,0.9972956556977227,C
tea leaf,Tea Leaf,11,11,84305.0,3.5131728224703214e-06,0.9972991688705451,C
absolute can skin coat 400 grm,Absolute Can Skin & Coat 400 Grm,1,1,84160.5,3.5071511929958304e-06,0.9973026760217382,C
packing charges of rolls 16 x84,"Packing Charges of Rolls 16""X84""",1,1,84150.0,3.506713635144743e-06,0.9973061827353733,C
fire bricks standard i s 8 9 x4 5 x3,"FIRE BRICKS STANDARD (I-S-8) 9""X4.5""X3""",2,2,84000.0,3.5004628087006343e-06,0.997309683198182,C
box purepet kitten 250gm,Box Purepet Kitten 250gm,3,3,83947.5,3.4982750194451964e-06,0.9973131814732015,C
absolute can calcium 400 grm,Absolute Can Calcium 400 Grm,1,1,83904.0,3.496462279776405e-06,0.9973166779354813,C
ms strip 25x5,Ms Strip 25X5,7,7,83821.95,3.4930430777114778e-06,0.997320170978559,C
printing cylinder 410mmx700mm feed sup,Printing Cylinder 410mmx700mm (feed sup),2,2,83804.0,3.4922950621469997e-06,0.9973236632736211,C
slat conveyor chain 40mm pitch,Slat Conveyor Chain 40mm Pitch,1,1,83562.5,3.4822312315719855e-06,0.9973271455048527,C
safety shoes 9 no,Safety Shoes 9 No,9,9,83470.0,3.4783765552647852e-06,0.9973306238814079,C
butyric acid,Butyric Acid,3,3,83300.0,3.471292285294796e-06,0.9973340951736932,C
icewarp mail server license upgrade,IceWarp Mail Server License Upgrade,1,1,83000.0,3.4587906324065793e-06,0.9973375539643257,C
trough bracket ger new,Trough Bracket Ger New,1,1,82845.6,3.4523564483867774e-06,0.997341006320774,C
pouch abis cm 5 liter,Pouch Abis CM 5 Liter,1,1,82767.0,3.4490810153300646e-06,0.9973444554017894,C
ele pipe 1,Ele. Pipe - 1'',5,4,82758.6,3.4487309690491945e-06,0.9973479041327584,C
solucal,Solucal,3,3,82560.0,3.440454874837195e-06,0.9973513445876333,C
valeron ava rolls 1250 mm x 96 mtr,Valeron AVA Rolls 1250 mm x 96 Mtr,1,1,82560.0,3.440454874837195e-06,0.9973547850425082,C
ht bolt 10 x 30mm,HT BOLT 10 X 30mm,1,1,82280.0,3.4287866654748597e-06,0.9973582138291737,C
paper label 100 x 100 mm,Paper Label 100 x 100 mm,2,2,82250.0,3.4275365001860377e-06,0.9973616413656738,C
jar box 2 ltrs 1x6 rb,JAR BOX 2 LTRS (1X6) RB,1,1,82000.0,3.417118456112524e-06,0.9973650584841299,C
bio d,Bio D,1,1,81600.0,3.400449585594902e-06,0.9973684589337155,C
milk,Milk,50,49,81501.77,3.3963561277175373e-06,0.9973718552898432,C
ge bbl female side support 1 f x 3 5w,Ge Bbl Female Side Support(1 F X 3.5W,1,1,81161.5,3.382176336289959e-06,0.9973752374661795,C
ss milk can lid,SS Milk Can Lid,2,2,81000.0,3.375446279818469e-06,0.9973786129124593,C
uhmw sheet 330mmx12mmx2 5mtr,Uhmw Sheet - 330mmX12mmX2.5mtr.,1,1,81000.0,3.375446279818469e-06,0.9973819883587391,C
ipad pro,iPad pro,1,1,80932.2,3.372620906265732e-06,0.9973853609796454,C
bottle box 500 ml,Bottle Box 500 Ml,1,1,80900.0,3.3712790621890636e-06,0.9973887322587075,C
25 kg jar natural colour with export,25 KG JAR Natural Colour with Export,1,1,80850.0,3.369195453374361e-06,0.9973921014541609,C
mtrb 81013 810 sieve wood 100 200,MTRB-81013-810 - sieve wood 100/200,1,1,80816.0,3.367778599380363e-06,0.9973954692327602,C
armod cable 50 sqmm x 3 5 core all,Armod Cable - 50 Sqmm X 3.5 Core - All.,1,1,80715.0,3.363569709574663e-06,0.9973988328024698,C
500 ml pouch box palm oil,500  ML pouch box ( PALM OIL ),1,1,80600.0,3.358777409300847e-06,0.9974021915798791,C
air riveter,Air Riveter,3,3,80400.0,3.3504429740420357e-06,0.9974055420228531,C
freight charges for material dispatch,FREIGHT CHARGES FOR MATERIAL DISPATCH,27,27,79750.0,3.3233560594509e-06,0.9974088653789126,C
bearing 22211 k skf,Bearing 22211 K Skf,1,1,79596.0,3.3169385443016153e-06,0.9974121823174569,C
t r f t,T.R. & F.T.,13,1,79300.0,3.3046035801185752e-06,0.997415486921037,C
foot rest female b0662,Foot Rest Female (B0662),1,1,79100.0,3.2962691448597643e-06,0.9974187831901818,C
rispoval 20 ml vac 1000 dose,Rispoval_20 ML VAC. (1000 Dose),2,2,78993.9,3.2918477269549645e-06,0.9974220750379088,C
tmgo diesel eng oil ci4 plus 15w40,TMGO DIESEL ENG.OIL CI4 PLUS 15W40,1,1,78964.2,3.2906100633190312e-06,0.9974253656479721,C
battery mhd 1500 exide express,Battery MHD 1500 Exide Express,2,2,78399.0,3.2670569492776316e-06,0.9974286327049214,C
plain curd cup 200 gm,Plain Curd Cup 200 gm.,1,1,78000.0,3.2504297509363034e-06,0.9974318831346723,C
sum cabel 2 5 sqmm x 3 core,Sum.Cabel 2.5 Sqmm X 3 Core,2,2,77970.0,3.249179585647482e-06,0.997435132314258,C
brut shape bottle 300 ml,Brut Shape Bottle 300 ml,2,2,77696.0,3.2377614093429105e-06,0.9974383700756673,C
machine roll thermal,Machine Roll (Thermal),2,2,77500.0,3.229593662789276e-06,0.9974415996693301,C
tyre 1000 20,Tyre 1000 - 20,1,1,76875.04,3.203550219492543e-06,0.9974448032195496,C
ge bbl door female 13 x18,"Ge Bbl Door Female 13""X18""",1,1,76869.9,3.2033360245063916e-06,0.9974480065555742,C
amc for dell power vault nx gkx882s,AMC for Dell Power Vault NX-GKX882S,1,1,76780.0,3.1995896958575563e-06,0.99745120614527,C
soya ref oil 5 ltr jar box abis gold,Soya Ref. Oil (5 Ltr Jar Box) ABIS GOLD,3,3,76253.29000000001,3.177640543881715e-06,0.997454383785814,C
labrador puppy 100 gm,Labrador Puppy 100 Gm,1,1,76170.16,3.1741763358663896e-06,0.9974575579621499,C
gas cutting pipe blue,Gas Cutting Pipe Blue,8,8,76164.0,3.173919635260418e-06,0.9974607318817851,C
earthing pipe 78 mm,Earthing Pipe 78 mm,1,1,76100.0,3.1712526159775986e-06,0.997463903134401,C
nirma powder,Nirma Powder,12,12,76044.8,3.168952311846167e-06,0.9974670720867129,C
perforated sieve 985mmx645mmx2mm,Perforated Sieve 985mmX645mmX2mm,1,1,76000.0,3.167085398348193e-06,0.9974702391721113,C
1x30w flood lfle11 30 cdl,1X30W FLOOD LFLE11-30-CDL,1,1,76000.0,3.167085398348193e-06,0.9974734062575097,C
drools box 1 2kg x 15 pkt 590x367x285,DROOLS BOX 1.2KG X 15 PKT (590X367X285),1,1,75667.5,3.1532293997304196e-06,0.9974765594869094,C
sabourad dextrose m 063 500gm,Sabourad Dextrose M 063 500gm,1,1,75000.0,3.1254132220541378e-06,0.9974796849001314,C
hammer beater 135x50x5 mm,Hammer Beater 135X50X5 mm,1,1,75000.0,3.1254132220541378e-06,0.9974828103133534,C
lebricine ltr,LEBRICINE LTR,1,1,74880.0,3.120412560898851e-06,0.9974859307259143,C
rack,Rack,17,17,74768.21,3.115754028310939e-06,0.9974890464799426,C
lets bite active kitten 1 2kg,Lets Bite Active Kitten 1.2kg,1,1,74521.84,3.1054872542373724e-06,0.9974921519671969,C
flytrol 5kg,FLYTROL-5KG,2,2,74255.0,3.0943674507150668e-06,0.9974952463346476,C
lysine sulphate,Lysine Sulphate,3,3,74160.0,3.0904085939671314e-06,0.9974983367432415,C
ragister 200 page,Ragister 200 Page,5,5,74157.5,3.0903044135263964e-06,0.997501427047655,C
web cam,Web Cam,1,1,74000.0,3.083741045760083e-06,0.9975045107887007,C
application charges for 50mm thick,"Application Charges for 50mm Thick,",1,1,74000.0,3.083741045760083e-06,0.9975075945297465,C
phenile,Phenile,2,2,73725.0,3.0722811972792177e-06,0.9975106668109437,C
boric acid,Boric Acid,1,1,73500.0,3.0629049576130554e-06,0.9975137297159014,C
labels vitamin 50 tab,Labels Vitamin 50 Tab,3,3,73476.0,3.0619048253819978e-06,0.9975167916207267,C
tcs 1,TCS @1%,3,1,73416.0,3.0594044948043546e-06,0.9975198510252216,C
amc for atlas copco compressor with drye,AMC for ATLAS Copco Compressor with Drye,3,2,73373.0,3.05761259122371e-06,0.9975229086378128,C
pouch purepet cat adult 3 kg,Pouch Purepet Cat Adult 3 Kg,1,1,73343.86,3.0563982640065015e-06,0.9975259650360768,C
shocket spanner rachet,Shocket Spanner Rachet,1,1,73200.0,3.0504033047248385e-06,0.9975290154393816,C
civil work meter room,Civil Work Meter Room,1,1,73106.78,3.046518624450707e-06,0.997532061958006,C
ib hatchable egg 57th week,IB_Hatchable_Egg_57th_Week,1,1,72978.14,3.0411579156922395e-06,0.9975351031159218,C
fevicol,Fevicol,7,7,72906.25,3.03816210293846e-06,0.9975381412780246,C
pouch vet pro puppy 1 2kg,Pouch Vet pro Puppy 1.2kg,1,1,72825.04,3.034777905501619e-06,0.9975411760559302,C
pouch focus starter 100 grms,Pouch Focus Starter 100 grms,1,1,72792.72,3.033431060763796e-06,0.997544209486991,C
pp plain colour bag blue 24 x40,"PP Plain Colour Bag - Blue (24""x40"")",1,1,72701.82,3.0296430599386664e-06,0.997547239130051,C
ms pipe 1 b class 3 2 mm 2 41 kg mtr,"MS Pipe 1"" B Class 3.2 mm, 2.41 kg / mtr",1,1,72661.5,3.02796283779049e-06,0.9975502670928887,C
gas cutting pipe red,Gas Cutting Pipe Red,7,7,72600.0,3.0253999989484055e-06,0.9975532924928877,C
bearing 22226 cck w33,Bearing 22226 Cck/W33,1,1,72382.0,3.0163154645163013e-06,0.9975563088083522,C
pouch vetpro adult 100 grms,Pouch VetPro Adult 100 grms,1,1,72340.24,3.014575234434262e-06,0.9975593233835867,C
tower ligth,TOWER LIGTH,2,2,72200.0,3.0087311284307835e-06,0.9975623321147151,C
b 904,B - 904,2,2,72098.4,3.0044972353193073e-06,0.9975653366119505,C
drools 5ply gorrugated box 15x1 vetpro,Drools 5ply Gorrugated Box - 15X1 Vetpro,3,3,72080.0,3.003730467275497e-06,0.9975683403424177,C
basmati rice golden sela,Basmati Rice (Golden Sela),3,3,72002.35999999999,3.0004950395080256e-06,0.9975713408374572,C
drools 3ply gorrugated box 10pktx150gm,Drools 3Ply Gorrugated Box - 10PktX150gm,1,1,72000.0,3.0003966931719725e-06,0.9975743412341505,C
ele weight machine 300 kg,Ele. Weight Machine 300 Kg,5,2,72000.0,3.0003966931719725e-06,0.9975773416308437,C
ai tips,Ai Tips,2,2,72000.0,3.0003966931719725e-06,0.9975803420275369,C
abis dahi pouch 5kg,Abis Dahi Pouch (5kg),1,1,71953.0,2.998438100886152e-06,0.9975833404656378,C
bushing shaft support 31959 107,Bushing Shaft Support  - 31959-107,1,1,71898.0,2.9961461311899786e-06,0.997586336611769,C
repair main work from sparsh aa 4482,Repair & Main Work From Sparsh AA 4482,3,2,71839.11,2.993692056728022e-06,0.9975893303038257,C
battery mhd 1500 150 ah exide express,"Battery MHD 1500,150 AH Exide Express",3,3,71672.0,2.9867282193475225e-06,0.997592317032045,C
plain flex pouch with tsh 315 x 360mm,Plain flex. Pouch with tsh 315 x 360mm,1,1,71640.0,2.9853947097061125e-06,0.9975953024267546,C
recon eng change from jaika automo l0828,Recon Eng.Change From Jaika Automo.L0828,2,1,71615.48000000001,2.9843729079433828e-06,0.9975982867996626,C
castrol vecton 15w40 ci4 plus bsiii,Castrol Vecton 15W40 Ci4 Plus Bsiii,1,1,71362.2,2.973818179131624e-06,0.9976012606178417,C
ss ball valve 2,Ss Ball Valve 2'',3,3,71322.0,2.972142957644603e-06,0.9976042327607993,C
industrial plug socket 63 a 5 pin,"Industrial Plug & Socket 63 A, 5 Pin",2,2,71295.0,2.9710178088846635e-06,0.9976072037786082,C
rubber hose pipe 3,"Rubber Hose Pipe 3""",1,1,71100.0,2.9628917345073227e-06,0.9976101666703427,C
i phone x 64gb,I Phone X 64gb,1,1,70982.15,2.957980668531068e-06,0.9976131246510113,C
silver sulphate,Silver Sulphate,1,1,70900.0,2.9545572992485117e-06,0.9976160792083105,C
vj 816 plus twin line printhead,VJ 816 Plus Twin Line Printhead,1,1,70686.0,2.945639453521584e-06,0.997619024847764,C
dog feeder bowl,Dog Feeder (Bowl),1,1,70500.0,2.9378884287308897e-06,0.9976219627361927,C
canine creek cartoon 1 2 kg x 6,CANINE CREEK CARTOON 1.2 KG x 6,2,2,70436.8,2.9352547471891055e-06,0.9976248979909399,C
kaju,Kaju,10,7,70347.54,2.9315350887330977e-06,0.9976278295260286,C
vac safe,VAC SAFE,2,2,69839.4,2.9103597890710367e-06,0.9976307398858176,C
copper lugz pin 1 5 mm,Copper Lugz Pin 1.5 Mm,5,5,69440.0,2.8937159218591912e-06,0.9976336336017395,C
copper lugz pin 2 5 mm,Copper Lugz Pin 2.5 Mm,6,5,69080.0,2.878713938393331e-06,0.997636512315678,C
carring roller bc700,Carring Roller - BC700,1,1,69000.0,2.875380164289807e-06,0.9976393876958423,C
lm ir300b ink ribbon black 50m roll,LM-IR300B Ink Ribbon Black (50m/Roll),4,4,69000.0,2.875380164289807e-06,0.9976422630760066,C
carrier assemble for side seam welding m,CARRIER ASSEMBLE FOR SIDE SEAM WELDING M,2,2,68690.0,2.8624617896386496e-06,0.9976451255377962,C
k oil,K Oil,1,1,68661.6,2.8612782998318988e-06,0.997647986816096,C
medicine pouch box 500gm x 20 pouch,Medicine pouch box (500gm x 20 pouch),1,1,68500.0,2.8545440761427794e-06,0.9976508413601721,C
pvc cable tray,Pvc Cable Tray,19,6,68455.0,2.852668828209547e-06,0.9976536940290003,C
load cells 100 kg,Load Cells 100 Kg,1,1,68400.0,2.850376858513374e-06,0.9976565444058588,C
pouch focus puppy 100 grms,Pouch Focus Puppy 100 grms,1,1,68203.28,2.842179107992807e-06,0.9976593865849668,C
bed folding,BED FOLDING,5,5,68200.0,2.842042423254563e-06,0.9976622286273901,C
pouch vetpro puppy 100 grms,Pouch VetPro Puppy 100 grms,1,1,68029.56,2.834939817527004e-06,0.9976650635672076,C
pinion,PINION,1,1,68000.0,2.8337079879957515e-06,0.9976678972751957,C
perforated screen for classifier dia 3mm,"Perforated Screen For Classifier,Dia-3MM",1,1,68000.0,2.8337079879957515e-06,0.9976707309831837,C
m 450621 assy vaccume booster 9 8 sfc,"M 450621 Assy Vaccume Booster 9+8"" SFC",5,5,67950.3,2.8316368808339375e-06,0.9976735626200646,C
ele wire 0 5 sqmm,Ele. Wire - 0.5 Sqmm,21,9,67905.0,2.8297491312478167e-06,0.9976763923691958,C
pouch 100 veg adult 3 kg,Pouch 100% Veg Adult 3 kg,1,1,67710.4,2.821639725740993e-06,0.9976792140089216,C
elisa kit for ae biochek,Elisa Kit for AE (Biochek),2,2,67500.0,2.812871899848724e-06,0.9976820268808214,C
service charges,Service Charges,3,3,67500.0,2.812871899848724e-06,0.9976848397527213,C
toxin premix,Toxin Premix,7,7,67300.0,2.804537464589913e-06,0.9976876442901859,C
product catalog,Product Catalog,1,1,67297.9,2.8044499530196952e-06,0.9976904487401389,C
pid controller,PID Controller,3,3,67260.0,2.8028705775381507e-06,0.9976932516107164,C
apple watch n s3 42 sg a b cell,Apple Watch N+S3 42 SG A/B Cell,2,1,66949.16,2.7899171982589067e-06,0.9976960415279147,C
insurance charges,Insurance Charges,10,6,66594.0,2.7751169081263102e-06,0.9976988166448229,C
ld polithin 15 x18,"Ld Polithin 15""X18""",2,2,66545.0,2.7730749714879013e-06,0.9977015897197944,C
rto a c,RTO A/c,11,6,66489.84,2.7707763342435213e-06,0.9977043604961287,C
pouch cat ocean fish 100 grams,Pouch Cat Ocean Fish 100 grams,1,1,66395.86,2.766859983115406e-06,0.9977071273561118,C
ms strip 25x3,MS STRIP - 25X3,7,7,66253.96,2.76094670129928e-06,0.997709888302813,C
fd dvs exact dahi 2 50uc,FD DVS Exact Dahi-2 (50Uc),2,2,66000.0,2.7503636354076412e-06,0.9977126386664484,C
pp bag 24 x 38,PP Bag 24 x 38,2,2,66000.0,2.7503636354076412e-06,0.9977153890300838,C
endless belt 700mm x 10mm x 26000mm,Endless Belt 700mm X 10mm X 26000mm,1,1,66000.0,2.7503636354076412e-06,0.9977181393937192,C
exhaust fan,Exhaust fan,1,1,65954.0,2.748446715298115e-06,0.9977208878404346,C
milk roll power 450ml,Milk Roll Power 450ml,1,1,65930.24,2.7474565843893683e-06,0.9977236352970189,C
ups battery 42ah 12v,UPS Battery 42AH 12V,3,3,65780.0,2.741195756622949e-06,0.9977263764927755,C
urea,Urea,7,6,65561.33,2.732083301832728e-06,0.9977291085760773,C
mud pump 2 hp,MUD PUMP 2 HP,2,2,65520.0,2.730360990786495e-06,0.9977318389370681,C
refractory works for thermax boiler 24mt,Refractory Works for Thermax Boiler 24MT,1,1,65500.0,2.7295275472606138e-06,0.9977345684646153,C
air bubble sheet,Air Bubble Sheet,3,3,65360.0,2.723693442579446e-06,0.9977372921580578,C
foot mounted motor 3 hp 1440 rpm,Foot Mounted Motor 3 Hp - 1440 Rpm,1,1,65200.0,2.7170258943723973e-06,0.9977400091839522,C
curd dahi,Curd (Dahi),73,55,65076.92,2.711896882914125e-06,0.9977427210808352,C
pouch abis natural milk 2l,Pouch Abis Natural Milk 2L,1,1,65001.0,2.70873313128988e-06,0.9977454298139664,C
acrylic board small,Acrylic board Small,1,1,65000.0,2.7086914591135863e-06,0.9977481385054255,C
agrofat cattle feed,AGROFAT CATTLE FEED,1,1,65000.0,2.7086914591135863e-06,0.9977508471968847,C
canine creek cartoon 1 5 kg x 3,CANINE CREEK CARTOON 1.5 KG x 3,2,2,64976.740000000005,2.707722164292987e-06,0.9977535549190489,C
beaten rice,Beaten Rice,16,16,64965.0,2.707232932943294e-06,0.9977562621519819,C
fd dvs exact dahi 2 200uc,FD DVS Exact Dahi-2 (200Uc),1,1,64900.0,2.704524241484181e-06,0.9977589666762233,C
kinley mineral water 1 ltr,Kinley Mineral Water - 1 Ltr.,9,9,64830.0,2.701607189143597e-06,0.9977616682834125,C
tyre 1000x20 front,Tyre 1000X20 Front,1,1,64801.2,2.700407030466328e-06,0.9977643686904429,C
smoke flavour 110305,Smoke Flavour 110305,2,2,64800.0,2.7003570238547753e-06,0.9977670690474668,C
ms strip 50x5,Ms Strip 50X5,5,5,64684.11,2.695527635344057e-06,0.9977697645751021,C
pouch abis slim dahi 5kg,Pouch Abis Slim Dahi 5Kg,1,1,64651.3,2.694160371239849e-06,0.9977724587354734,C
ethanol alcohol,Ethanol Alcohol,3,3,63750.0,2.6566012387460172e-06,0.9977751153367121,C
table top induction seal machine,Table Top Induction Seal Machine,1,1,63725.0,2.655559434338666e-06,0.9977777708961465,C
bag let s bite active adult 100grm,Bag Let’s Bite Active Adult 100grm,1,1,63706.76,2.6547993338430625e-06,0.9977804256954803,C
dg foundation,DG Foundation,1,1,63559.32,2.648655188170267e-06,0.9977830743506685,C
chassis grease,Chassis Grease,1,1,63554.4,2.6484501610629e-06,0.9977857228008296,C
civil work dg fdn,Civil Work DG FDN,1,1,63479.66,2.6453355826066827e-06,0.9977883681364121,C
milk roll pure malai 500ml,Milk Roll Pure Malai 500ml,1,1,63475.2,2.6451497247004105e-06,0.9977910132861368,C
milk roll pure cow 500ml,Milk Roll Pure Cow 500ml,1,1,63475.2,2.6451497247004105e-06,0.9977936584358615,C
meatup sleeve 1kg,Meatup sleeve 1kg,1,1,63210.0,2.6340982635472274e-06,0.997796292534125,C
cleaing solution v901 q,Cleaing Solution (V901-Q),2,2,63120.0,2.6303477676807623e-06,0.9977989228818928,C
pouch purepet puppy 100g,Pouch Purepet Puppy 100g,2,2,63056.96000000001,2.6277207536871856e-06,0.9978015506026464,C
dell monitor 24 led,"Dell Monitor 24"" LED",2,2,63050.8,2.627464053081214e-06,0.9978041780666995,C
purepet sleeve 1 kg pink,Purepet Sleeve 1 kg Pink,1,1,63000.0,2.625347106525476e-06,0.997806803413806,C
aluminium door gates window cabin,ALUMINIUM DOOR/GATES/WINDOW/CABIN,9,7,63000.0,2.625347106525476e-06,0.9978094287609125,C
protexin soluble,Protexin Soluble,1,1,63000.0,2.625347106525476e-06,0.997812054108019,C
lcd projector,LCD Projector,2,2,63000.0,2.625347106525476e-06,0.9978146794551255,C
purepet sleeve 1 kg blue,Purepet Sleeve 1 kg Blue,1,1,63000.0,2.625347106525476e-06,0.997817304802232,C
purepet sleeve 1 kg red,Purepet Sleeve 1 kg Red,1,1,63000.0,2.625347106525476e-06,0.9978199301493385,C
ms channel 75x40 mm 6 80 kg mtr,"MS Channel 75X40 mm, 6.80 kg / mtr",4,4,62720.880000000005,2.613715568678279e-06,0.9978225438649071,C
box real liver sticks 340gm,Box Real Liver Sticks 340gm,1,1,62550.0,2.606594627193151e-06,0.9978251504595342,C
zebra printer ez320,Zebra Printer EZ320,1,1,62500.0,2.604511018378448e-06,0.9978277549705526,C
banner 2 x 3,Banner ( 2' X 3' ),1,1,62500.0,2.604511018378448e-06,0.9978303594815711,C
dicrysticin ds 5gm,Dicrysticin-Ds (5Gm),5,5,62060.0,2.586175260809064e-06,0.9978329456568319,C
armod cable 35 sqmm x 3 5 core all,Armod Cable - 35 Sqmm X 3.5 Core - All.,1,1,61910.0,2.5799244343649556e-06,0.9978355255812663,C
fire extinguisher abc 6 kgs,Fire Extinguisher ABC - 6 Kgs,5,5,61850.0,2.5774241037873124e-06,0.9978381030053701,C
chick box cover,Chick Box Cover,2,2,61760.0,2.5736736079208473e-06,0.997840676678978,C
zerox printing charges canon printer,Zerox & Printing Charges - Canon Printer,10,10,61718.479999999996,2.571943379161118e-06,0.9978432486223572,C
inner bag 25 x 43,Inner Bag 25 x 43,2,2,61404.0,2.5588383131601637e-06,0.9978458074606703,C
paneer gusset pouch 1kg,Paneer Gusset Pouch (1kg),1,1,61320.0,2.555337850351463e-06,0.9978483627985206,C
cisco routers model rv320,CISCO ROUTERS (MODEL-RV320),1,1,61200.0,2.5503371891961767e-06,0.9978509131357098,C
nefrotec vet liq,Nefrotec Vet Liq.,4,4,61110.0,2.5465866933297116e-06,0.9978534597224031,C
pouch vetpro skin coat 100 grms,Pouch VetPro Skin & Coat 100 grms,1,1,60874.72,2.5367820636912465e-06,0.9978559965044669,C
air compressor make elgi lg series 1hp,"Air Compressor(Make ELGI,LG Series 1hp)",1,1,60840.0,2.5353352057303167e-06,0.9978585318396727,C
inner bag 19 5 x 41,"Inner Bag 19.5"" x 41",1,1,60682.5,2.528771837964003e-06,0.9978610606115106,C
labour charge from jaika auto cg08af1589,Labour Charge From Jaika Auto.CG08AF1589,1,1,60600.0,2.5253338834197433e-06,0.997863585945394,C
dreel machine,Dreel Machine,8,8,60499.0,2.521124993614044e-06,0.9978661070703877,C
absolute 3ply gorru box 50p x 8 inner,Absolute 3Ply Gorru Box (50p x 8) Inner,6,6,60457.5,2.5193955982978404e-06,0.997868626465986,C
pvc t 2,"Pvc T 2""",1,1,60200.0,2.5086650129021214e-06,0.9978711351309989,C
civil work external road,Civil work External Road,1,1,60165.76,2.507238157585813e-06,0.9978736423691564,C
replacement of aph tube,Replacement of APH Tube,1,1,60000.0,2.5003305776433104e-06,0.9978761426997341,C
supervision of weighbridge,Supervision of Weighbridge,3,1,60000.0,2.5003305776433104e-06,0.9978786430303118,C
rto tata lpk 1615 36 bs iv,"RTO - Tata LPK 1615/36, BS-IV",1,1,60000.0,2.5003305776433104e-06,0.9978811433608895,C
empty panal box 2300 x 1000 x 600 mm,EMPTY PANAL BOX- 2300 X 1000 X 600 MM,2,2,60000.0,2.5003305776433104e-06,0.9978836436914672,C
vetmulin 80,VETMULIN 80%,1,1,60000.0,2.5003305776433104e-06,0.9978861440220449,C
vnxe 1600 1 2tb 10k sas 2sx2 s u g,"VNXE 1600 1.2TB,10K SAS 2SX2.S U/G",1,1,60000.0,2.5003305776433104e-06,0.9978886443526226,C
dust,Dust,5,4,59970.0,2.499080412354489e-06,0.997891143433035,C
metalic packing sheet 5 mm,Metalic Packing Sheet 5 Mm,2,2,59856.0,2.4943297842569665e-06,0.9978936377628193,C
safety shoes,Safety Shoes,6,2,59700.0,2.487828924755094e-06,0.997896125591744,C
pressure roller rubber,PRESSURE ROLLER RUBBER,1,1,59598.0,2.4835783627731e-06,0.9978986091701068,C
vanilla 500,Vanilla - 500,2,2,59400.0,2.4753272718668774e-06,0.9979010844973786,C
avicare liquide,Avicare Liquide,1,1,59375.0,2.474285467459526e-06,0.9979035587828461,C
induction wad 102mm,Induction Wad - 102mm,2,2,59250.0,2.4690764454227688e-06,0.9979060278592915,C
wocktrose,Wocktrose,3,3,59024.0,2.4596585335803126e-06,0.9979084875178251,C
dell power edge r 900,Dell Power Edge R-900,1,1,59000.0,2.458658401349255e-06,0.9979109461762264,C
endless belt 700mm x 10mm x 22500mm,Endless Belt 700mm X 10mm X 22500MM,1,1,59000.0,2.458658401349255e-06,0.9979134048346278,C
development charges flm kaccha aam 180m,development charges FlM Kaccha Aam 180m,1,1,58500.0,2.4378223132022276e-06,0.997915842656941,C
development charges abis lassi 200ml,development charges Abis Lassi 200ml,1,1,58500.0,2.4378223132022276e-06,0.9979182804792542,C
riser tube od 76 2mmx3 66mm t ibr,"RISER TUBE-OD-76.2MMX3.66MM (T),IBR",1,1,58500.0,2.4378223132022276e-06,0.9979207183015675,C
nitrite kit,Nitrite Kit,1,1,58500.0,2.4378223132022276e-06,0.9979231561238807,C
compressure make hitachi 230volt 1300w,"Compressure (Make-Hitachi)230Volt,1300W",1,1,58500.0,2.4378223132022276e-06,0.997925593946194,C
land survey work godri,Land Survey work Godri,1,1,58268.0,2.4281543683020066e-06,0.9979280221005623,C
253409130305 air filter pimary 407 bs 3,253409130305 Air Filter Pimary 407 BS 3,5,5,58046.450000000004,2.418921897644059e-06,0.99793044102246,C
plastic cap 96mm 1 kg red,Plastic Cap 96mm 1 kg Red,3,3,57760.0,2.4069849027446267e-06,0.9979328480073627,C
thermal wrap bubble insulation 4mm,Thermal wrap Bubble insulation 4mm,2,2,57750.0,2.4065681809816864e-06,0.9979352545755437,C
armor wax ribbon 110 x 300mtr,Armor Wax Ribbon - 110 x 300mtr,2,2,57750.0,2.4065681809816864e-06,0.9979376611437246,C
onion,Onion,33,33,57683.49,2.4037965645363684e-06,0.9979400649402892,C
bearing nj 2320 ecmc c3,Bearing Nj 2320 Ecmc/C3,1,1,57600.0,2.400317354537578e-06,0.9979424652576437,C
service installation charges,Service & Installation Charges,3,3,57500.0,2.396150136908172e-06,0.9979448614077806,C
cable tray perforated type 2,"Cable Tray Perforated Type 2""",3,3,57385.0,2.391357836634356e-06,0.9979472527656172,C
relay ply base,Relay Ply  Base,6,5,57370.0,2.390732753989945e-06,0.9979496434983712,C
ele wire 2 5 x 4 core,Ele. Wire - 2.5 X 4 Core,4,3,57360.0,2.3903160322270048e-06,0.9979520338144034,C
ele wire 0 75 sqmm x 3core,Ele. Wire - 0.75 Sqmm X 3Core,1,1,57350.0,2.389899310464064e-06,0.9979544237137139,C
primer,Primer,11,11,57315.0,2.388440784293772e-06,0.9979568121544982,C
samsung galaxy s 9 plus,SAMSUNG GALAXY S-9 PLUS,1,1,57292.86,2.387518162310622e-06,0.9979591996726604,C
junction box 300 x 250 x 200,junction box 300 x 250 x 200,4,4,57100.0,2.3794812663905502e-06,0.9979615791539268,C
metup real nutrition kitten 1 2 kg,Metup Real Nutrition Kitten 1.2 kg,1,1,57093.26,2.3792003959223285e-06,0.9979639583543227,C
stone dust providing laying,Stone Dust Providing & Laying,1,1,56950.0,2.373230439946442e-06,0.9979663315847627,C
ms checkered plate 6 mm,Ms Checkered Plate 6 Mm,1,1,56777.5,2.3660419895357175e-06,0.9979686976267522,C
mineral oil,Mineral Oil,1,1,56700.0,2.3628123958729283e-06,0.9979710604391481,C
ele wire 4 sqmm 4 core,Ele. Wire 4 Sqmm 4 Core,3,3,56614.0,2.3592285887116395e-06,0.9979734196677368,C
ss seamless pipe 80 nb,Ss Seamless Pipe 80 Nb,2,2,56400.0,2.3503107429847118e-06,0.9979757699784798,C
civil work dg foundation,Civil work DG Foundation,1,1,56374.58,2.349251436263317e-06,0.9979781192299161,C
bearing no 1218,Bearing No. 1218,1,1,56322.0,2.3470603132337755e-06,0.9979804662902293,C
un wash tin u,Un Wash Tin (U),2,2,56018.0,2.3343919716403826e-06,0.9979828006822009,C
plastic cap 83mm 500 blue,Plastic Cap 83mm 500 Blue,2,2,56000.0,2.33364187246709e-06,0.9979851343240734,C
ups 2 kva,UPS 2 KVA,1,1,55668.0,2.3198067099374633e-06,0.9979874541307834,C
teflon bar 100mm x 150 mm x 1000mm,TEFLON BAR 100MM X 150 MM X 1000MM,1,1,55660.0,2.319473332527111e-06,0.9979897736041159,C
power supply card for bagging controller,Power Supply Card for Bagging Controller,1,1,55600.0,2.3169730019494674e-06,0.9979920905771178,C
return roller bc600,Return Roller - BC600,1,1,55500.0,2.312805784320062e-06,0.9979944033829021,C
open well 2 hp,Open Well - 2 Hp,1,1,55200.0,2.3003041314318454e-06,0.9979967036870335,C
drools box 3kg x 4pkt 505x260x360,Drools Box- 3kg x 4Pkt (505X260X360),2,2,55177.92,2.2993840097792727e-06,0.9979990030710433,C
gulf spuer fleet eng oil 15w40 nxg b sae,Gulf Spuer Fleet Eng.oil 15W40 NXG B SAE,1,1,55169.1,2.299016461184359e-06,0.9980013020875045,C
ld polithin 11 x12,Ld Polithin 11'X12',1,1,55125.0,2.2971787182097913e-06,0.9980035992662227,C
intalyte,Intalyte,3,3,55078.8,2.295253463665006e-06,0.9980058945196864,C
v belt cc 210,V Belt - CC-210,1,1,55024.0,2.2929698284040916e-06,0.9980081874895148,C
insurance charges,insurance charges,7,7,55000.5,2.2919905322611815e-06,0.9980104794800471,C
absolute outer carton 80g x 24 pkt,Absolute outer Carton 80g x 24 pkt,1,1,55000.0,2.2919696961730344e-06,0.9980127714497432,C
over coat code 883 apron full,Over Coat  Code - 883  Apron Full,1,1,55000.0,2.2919696961730344e-06,0.9980150634194394,C
cotton waste,Cotton Waste,2,2,55000.0,2.2919696961730344e-06,0.9980173553891355,C
lenovo v5 30 desktop,Lenovo v5 30 desktop,1,1,55000.0,2.2919696961730344e-06,0.9980196473588316,C
corn guide book,Corn Guide book,1,1,55000.0,2.2919696961730344e-06,0.9980219393285278,C
perforated scren for classifier dia 10mm,"Perforated Scren For Classifier,Dia-10MM",1,1,55000.0,2.2919696961730344e-06,0.9980242312982239,C
label in kg soyal,Label In Kg (SOYAL),1,1,55000.0,2.2919696961730344e-06,0.9980265232679201,C
semen h f cross sanjay 0 25ml,Semen H.F. Cross - Sanjay 0.25Ml,7,7,55000.0,2.2919696961730344e-06,0.9980288152376162,C
recon eng change from jaika automo f0170,Recon Eng.Change From Jaika Automo.F0170,1,1,54960.0,2.290302809121272e-06,0.9980311055404253,C
abis khova pouch 5kg,Abis Khova Pouch (5kg),1,1,54919.5,2.288615085981363e-06,0.9980333941555113,C
ph orp meter with sensor po 850p,PH/ORP METER WITH SENSOR(PO-850P),1,1,54800.0,2.2836352609142235e-06,0.9980356777907722,C
ms plate 1 5 mm 4 x 8,Ms Plate 1.5 Mm (4 x 8),1,1,54791.4,2.2832768801980945e-06,0.9980379610676524,C
ele sheilded wire 0 5 sqmm x 06 core,ELE.SHEILDED WIRE 0.5 SQMM X 06 CORE,3,3,54750.0,2.2815516520995207e-06,0.9980402426193045,C
ht washer 10 mm,Ht Washer 10 Mm,3,3,54736.0,2.280968241631404e-06,0.9980425235875461,C
tyre 7x50x16 front,Tyre 7X50X16 Front,1,1,54702.4,2.2795680565079236e-06,0.9980448031556026,C
contactor ac3 5 5kw 1no 1nc lc1d12bd,Contactor AC3: 5.5KW 1NO+1NC - LC1D12BD,1,1,54500.0,2.271133608026007e-06,0.9980470742892107,C
extruder main motor 180kw siemens motor,Extruder -Main motor:180KW Siemens Motor,1,1,54429.26,2.2681857182749653e-06,0.9980493424749289,C
box purepet kitten tuna salmon 250 grm,Box Purepet Kitten Tuna & Salmon 250 grm,2,2,54405.0,2.2671747512780717e-06,0.9980516096496802,C
box purepet kitten mackerel 250 grm,Box Purepet Kitten Mackerel 250 grm,2,2,54382.5,2.2662371273114554e-06,0.9980538758868075,C
tyre 215 75 r 16,Tyre 215.75 R 16,2,2,54316.46,2.263485096788996e-06,0.9980561393719043,C
pure pet sleeve 500 grm pink,Pure pet Sleeve 500 grm Pink,2,2,54180.0,2.2577985116119093e-06,0.9980583971704159,C
pouch malai paneer 5 kg,Pouch Malai Paneer 5 kg,1,1,53603.5,2.2337745019783864e-06,0.9980606309449178,C
bearing no 1315,Bearing No. 1315,1,1,53592.0,2.2332952719510047e-06,0.9980628642401898,C
maxtreat 2521,Maxtreat 2521,3,3,53515.0,2.2300865143763626e-06,0.9980650943267041,C
pouch box 200 ml,Pouch Box 200 Ml,2,2,53400.0,2.225294214102546e-06,0.9980673196209182,C
pp bag starter intgration p 50 kg,PP Bag Starter (Intgration-P) 50 KG,2,2,53320.0,2.221960439999022e-06,0.9980695415813582,C
absolute 3ply gorru box 110 pcs inner,Absolute 3Ply Gorru Box 110 pcs Inner,6,6,53192.5,2.21664723752153e-06,0.9980717582285957,C
jcb transmission oil 20ltr 4000 0900 20,Jcb Transmission Oil 20Ltr.(4000/0900-20,2,2,53192.2,2.2166347358686416e-06,0.9980739748633316,C
canine creek cartoon 13 5 kg x 1 pkt,CANINE CREEK CARTOON 13.5 KG x 1 PKT,2,2,53190.0,2.2165430570807948e-06,0.9980761914063887,C
purepet sleeve 500 grm red,Purepet Sleeve 500 grm Red,2,2,52890.0,2.204041404192578e-06,0.9980783954477929,C
rto,RTO,1,1,52868.0,2.2031246163141087e-06,0.9980805985724092,C
tyre 16x9x28 jcb remould,TYRE 16X9X28 (JCB) Remould,4,2,52650.0,2.194040081882005e-06,0.998082792612491,C
ss pipe 2,Ss Pipe 2'',3,3,52608.0,2.1922898504776546e-06,0.9980849849023414,C
car washer hose pipe 1 2 r1,"Car Washer Hose Pipe 1/2"" R1",1,1,52576.0,2.1909563408362446e-06,0.9980871758586822,C
hammer drill machine,Hammer Drill Machine,1,1,52564.0,2.1904562747207162e-06,0.9980893663149569,C
promotional table,Promotional Table,1,1,52500.0,2.1877892554378967e-06,0.9980915541042124,C
repair maintenance charges,Repair & Maintenance Charges,1,1,52500.0,2.1877892554378967e-06,0.9980937418934678,C
citric acid,Citric Acid,1,1,52500.0,2.1877892554378967e-06,0.9980959296827232,C
hydrolic oil 46 no,Hydrolic Oil 46 No,1,1,52500.0,2.1877892554378967e-06,0.9980981174719786,C
development charges flm mango masti 180m,development charges FlM Mango Masti 180m,1,1,52000.0,2.166953167290869e-06,0.9981002844251459,C
led flood light 100w,Led Flood Light 100W,2,2,51900.0,2.1627859496614633e-06,0.9981024472110955,C
liquid nitrogen,Liquid Nitrogen,2,2,51782.25,2.1578790509028386e-06,0.9981046050901464,C
ele shielded wire 0 5 sqmm x 3 core,Ele. Shielded Wire 0.5 Sqmm X 3 Core,3,3,51750.0,2.156535123217355e-06,0.9981067616252697,C
silicon sealant,Silicon Sealant,11,11,51737.4,2.15601005379605e-06,0.9981089176353235,C
pouch purepet biscuit 100 grms,Pouch Purepet Biscuit 100 grms,1,1,51642.94,2.1520737000233137e-06,0.9981110697090235,C
cap general,Cap - General,1,1,51600.0,2.150284296773247e-06,0.9981132199933203,C
abs box calcium bone outer box 3 pcs,Abs Box Calcium Bone Outer Box 3 pcs,3,3,51200.0,2.133615426255625e-06,0.9981153536087465,C
jcb rear axle oil 20 ltrs 4000 0500 20,Jcb Rear Axle Oil 20 Ltrs.(4000/0500-20),1,1,51076.2,2.1284564108304206e-06,0.9981174820651573,C
pet jar 1 kg with handle,Pet Jar 1 Kg With Handle,1,1,51041.5,2.127010386313017e-06,0.9981196090755435,C
molecule water 250ml,Molecule Water 250Ml,7,6,51000.0,2.125280990996814e-06,0.9981217343565345,C
aqua dashboard to monitor the sales,Aqua Dashboard to Monitor the sales,1,1,51000.0,2.125280990996814e-06,0.9981238596375255,C
focus 12 kg x 1 pkt,FOCUS 12 KG X 1 PKT,2,2,50625.0,2.1096539248865433e-06,0.9981259692914504,C
clamp meter,Clamp Meter,7,6,50558.0,2.1068618890748415e-06,0.9981280761533394,C
cepravin dc,Cepravin DC,1,1,50508.0,2.1047782802601388e-06,0.9981301809316196,C
stablizar,Stablizar,2,2,50483.0,2.1037364758527874e-06,0.9981322846680954,C
pouch maxi cat persian 1 2 kg,Pouch Maxi Cat Persian 1.2 kg,1,1,50477.22,2.1034956106738077e-06,0.9981343881637061,C
ms plate 12 mm,Ms Plate 12 MM,3,3,50303.88,2.096272155634996e-06,0.9981364844358618,C
bakal plant hot insulation work,Bakal Plant Hot Insulation Work,1,1,50301.6,2.0961771430730457e-06,0.9981385806130049,C
prescription pad,Prescription Pad,1,1,50280.0,2.0952770240650942e-06,0.998140675890029,C
hooter 230v ac,Hooter 230V Ac,2,2,50250.0,2.0940268587762722e-06,0.9981427699168878,C
ele wire 120 sqmm,Ele. Wire 120 Sqmm,2,2,50192.0,2.091609872551217e-06,0.9981448615267603,C
stolz sieve 40 mesh 0 4mm,STOLZ SIEVE 40 MESH 0.4MM,1,1,50160.0,2.0902763629098076e-06,0.9981469518031232,C
make up v705 d,Make-Up (V705-D),1,1,50112.0,2.088276098447693e-06,0.9981490400792217,C
tyre change work from jaika z 5749,Tyre Change Work From Jaika Z 5749,1,1,50042.18,2.085366547098842e-06,0.9981511254457688,C
assy cabin cowl lpt 2515 3118,Assy Cabin Cowl LPT 2515/3118,1,1,50000.0,2.0836088147027585e-06,0.9981532090545835,C
orego stim liquid,Orego Stim Liquid,1,1,50000.0,2.0836088147027585e-06,0.9981552926633982,C
cabin repair work from bharat elec l0875,Cabin Repair Work From Bharat Elec.L0875,1,1,50000.0,2.0836088147027585e-06,0.9981573762722129,C
carriage charges,Carriage charges,1,1,50000.0,2.0836088147027585e-06,0.9981594598810276,C
float balance tank 100 ltr,Float balance tank 100 Ltr,1,1,50000.0,2.0836088147027585e-06,0.9981615434898423,C
cutomization fee,Cutomization Fee,1,1,50000.0,2.0836088147027585e-06,0.998163627098657,C
training fee,Training Fee,1,1,50000.0,2.0836088147027585e-06,0.9981657107074717,C
self supporting chimney erection,Self Supporting chimney Erection,1,1,50000.0,2.0836088147027585e-06,0.9981677943162864,C
erection charges,Erection charges,1,1,50000.0,2.0836088147027585e-06,0.9981698779251011,C
separator fuel water 3329289,"Separator, Fuel Water (3329289)",4,4,49901.86,2.0795191073212602e-06,0.9981719574442085,C
nutrient agar,Nutrient Agar,1,1,49800.0,2.0752743794439475e-06,0.998174032718588,C
pouch vetpro obesity 100 grms,Pouch VetPro Obesity 100 grms,1,1,49530.4,2.0640395607150703e-06,0.9981760967581487,C
uhmw sheet 50mmx8mmx2 5mtr,Uhmw Sheet - 50mmX8mmX2.5mtr.,1,1,49500.0,2.062772726555731e-06,0.9981781595308752,C
corrugated boxnv44,Corrugated BoxNV44,4,4,49497.0,2.062647710026849e-06,0.9981802221785853,C
ms pipe 2 5 b class 3 6 mm 6 42 kg,"MS Pipe 2.5"" B Class, 3.6 mm , 6.42 kg/",2,2,49429.0,2.059814002038853e-06,0.9981822819925873,C
cluch brake plate,Cluch brake plate,1,1,49200.0,2.0502710736675146e-06,0.998184332263661,C
plastic cap 96mm 1 kg blue,Plastic Cap 96mm 1 kg Blue,2,2,49160.0,2.048604186615752e-06,0.9981863808678476,C
absolute induction wad 55mm,Absolute Induction Wad 55mm,4,4,49025.0,2.042978442816055e-06,0.9981884238462905,C
b3b00802 sa cylinder block assy al 1012,B3B00802 SA CYLINDER BLOCK ASSY AL 1012,1,1,49000.0,2.0419366384087036e-06,0.9981904657829289,C
tube 8x25x16,Tube 8X25X16,8,8,48938.119999999995,2.039357964139627e-06,0.9981925051408931,C
box purepet sea food cat adult 250gm,Box Purepet Sea Food Cat Adult 250gm,2,2,48915.0,2.0383945034237087e-06,0.9981945435353965,C
box purepet mackerel cat adult 250gm,Box Purepet Mackerel Cat Adult 250gm,2,2,48903.75,2.0379256914404005e-06,0.9981965814610879,C
purepet cat ocean fish 250 grm,Purepet Cat Ocean Fish 250 grm,2,2,48813.75,2.034175195573936e-06,0.9981986156362835,C
stolz sieve 20 mesh 0 8mm,STOLZ SIEVE 20 MESH 0.8MM,1,1,48810.0,2.034018924912833e-06,0.9982006496552085,C
box purepet tuna salmon cat adult 250gm,Box Purepet Tuna &Salmon Cat Adult 250gm,2,2,48757.5,2.031831135657395e-06,0.9982026814863442,C
pouch maxi cat persian 3 kg,Pouch Maxi Cat Persian 3 kg,1,1,48686.18,2.028859076044103e-06,0.9982047103454202,C
civil work store room office,Civil work Store room & office,1,1,48600.0,2.025267767891081e-06,0.9982067356131882,C
finpipette 30 l 300 l 8 channels,FINPIPETTE 30µL-300µL (8 CHANNELS),1,1,48585.0,2.0246426852466706e-06,0.9982087602558735,C
industrial plug socket 80 125 a 5 pin,"Industrial Plug & Socket 80/125 A, 5 Pin",1,1,48540.0,2.022767437313438e-06,0.9982107830233108,C
endless belt 600mm x 10mm x 21500mm,Endless Belt 600mm X 10mm X 21500mm,1,1,48500.0,2.0211005502616757e-06,0.998212804123861,C
kanicin ab 100ml,Kanicin-Ab 100Ml,1,1,48480.0,2.020267106735795e-06,0.9982148243909678,C
chemical m 30,Chemical M-30,1,1,48400.0,2.01693333263227e-06,0.9982168413243004,C
glucono delta lactone gdl,Glucono Delta Lactone (GDL),2,2,48375.0,2.015891528224919e-06,0.9982188572158287,C
drools 3ply gorrugated box 10pktx150gx2,Drools 3Ply Gorrugated Box -10PktX150gX2,1,1,48300.0,2.0127661150028647e-06,0.9982208699819437,C
sodium sulfide solution na2s,Sodium Sulfide Solution (Na2s),3,3,48300.0,2.0127661150028647e-06,0.9982228827480587,C
mccb switch 800 a,Mccb  Switch 800 A,1,1,48090.0,2.0040149579811133e-06,0.9982248867630167,C
bearing 23132 cc w33,Bearing 23132 CC/W33,1,1,48074.0,2.0033482031604086e-06,0.9982268901112198,C
1 ton online water chiller,1 Ton Online Water Chiller,1,1,48000.0,2.0002644621146482e-06,0.9982288903756819,C
chromo labels 4 x 2,"Chromo Labels - 4"" x 2""",1,1,48000.0,2.0002644621146482e-06,0.9982308906401439,C
ball frame assembly for pc 1000,BALL FRAME ASSEMBLY FOR PC-1000,1,1,48000.0,2.0002644621146482e-06,0.998232890904606,C
maxtreat 2007,Maxtreat 2007,3,3,47880.0,1.9952638009593615e-06,0.9982348861684069,C
sample polithin,Sample Polithin,11,11,47776.0,1.99092989462478e-06,0.9982368770983016,C
3wt8 charging mechanism complete siemens,3WT8 Charging Mechanism Complete(Siemens,1,1,47700.0,1.9877628092264317e-06,0.9982388648611108,C
hanging scale 200 kg,HANGING SCALE 200 KG,1,1,47600.0,1.9835955915970262e-06,0.9982408484567024,C
ele wire 2 5 sqmm 3 core,Ele. Wire 2.5 Sqmm 3 Core,3,3,47560.0,1.981928704545264e-06,0.998242830385407,C
carrageenan,Carrageenan,2,2,47500.0,1.9794283739676208e-06,0.9982448098137809,C
septic tank for conveyors liquid waste,Septic Tank for Conveyors Liquid Waste,1,1,47500.0,1.9794283739676208e-06,0.9982467892421549,C
medicine vaccine challan,Medicine/Vaccine Challan,2,2,47388.0,1.9747610902226865e-06,0.9982487640032451,C
battery mhd 1000 100 ah exide express,"Battery MHD 1000, 100 AH Exide Express",7,7,47326.64,1.9722040854852832e-06,0.9982507362073306,C
pouch lamb and rice puppy 1 2kg,Pouch Lamb and Rice Puppy 1.2kg,1,1,47231.64,1.968245228737348e-06,0.9982527044525593,C
maxtreat 3222,Maxtreat 3222,4,4,47040.0,1.9602591728723552e-06,0.9982546647117322,C
banner drools,Banner Drools,2,1,47040.0,1.9602591728723552e-06,0.9982566249709051,C
mpcb 4 5 6 3a 3rv2011 1ga10,MPCB 4.5-6.3A - 3RV2011-1GA10,2,2,47025.0,1.9596340902279447e-06,0.9982585846049953,C
expense report changes in the aqua,Expense report changes in the aqua,1,1,47000.0,1.9585922858205933e-06,0.9982605431972811,C
drill bit 10 mm,Drill Bit 10 Mm,7,7,46895.0,1.954216707309717e-06,0.9982624974139884,C
civil work security guard room,Civil work Security Guard Room,1,1,46893.22,1.954142530835914e-06,0.9982644515565192,C
feed delivery challan,Feed Delivery Challan,2,2,46860.0,1.9527581811394254e-06,0.9982664043147004,C
label for 500ml bottle,Label For 500Ml Bottle,2,2,46850.0,1.9523414593764846e-06,0.9982683566561598,C
stone dust providing laying,Stone dust providing/ Laying,1,1,46822.1,1.9511788056578805e-06,0.9982703078349654,C
hanging scale 25kg,Hanging Scale 25Kg,21,2,46816.0,1.950924605382487e-06,0.9982722587595708,C
labels skin coat 50tab,Labels Skin & Coat 50Tab,2,2,46800.0,1.950257850561782e-06,0.9982742090174214,C
labels calcium 50 tab,Labels Calcium 50 Tab,2,2,46800.0,1.950257850561782e-06,0.9982761592752719,C
aw paint stick hc orange 1x12,AW Paint Stick HC-Orange (1x12),2,2,46800.0,1.950257850561782e-06,0.9982781095331225,C
plastick tub small,Plastick Tub Small,2,2,46800.0,1.950257850561782e-06,0.998280059790973,C
esl natural milk 500ml,ESL Natural Milk 500ml,1,1,46767.17,1.948889753014048e-06,0.998282008680726,C
coupons,Coupons,2,2,46600.0,1.941923415302971e-06,0.9982839506041413,C
gi courogated sheet,Gi Courogated Sheet,2,2,46545.7,1.939660616130204e-06,0.9982858902647574,C
ss sheet 22gauge,Ss Sheet 22Gauge,2,2,46413.75,1.934161972468203e-06,0.9982878244267299,C
hammer,Hammer,11,10,46364.0,1.932088781697574e-06,0.9982897565155117,C
ele wire 1 5 sqmm 3 core,Ele. Wire 1.5 Sqmm 3 Core,4,4,46360.0,1.931922092992398e-06,0.9982916884376046,C
air cylinder 2 bore 6 stroke,"Air Cylinder 2"""" Bore *6* Stroke """,1,1,46250.0,1.9273381536000517e-06,0.9982936157757583,C
face mask code 901,Face Mask Code - 901,9,9,46140.0,1.9227542142077058e-06,0.9982955385299724,C
5 ply corrugated box for paneer 5kgx3,5 Ply Corrugated Box For Paneer (5kgX3),1,1,46126.08,1.9221741375136925e-06,0.99829746070411,C
pouch kitten oceanfish 3 kg,Pouch Kitten Oceanfish 3 kg,1,1,46096.4,1.9209373073212847e-06,0.9982993816414173,C
fuse base 20 amp,Fuse Base - 20 Amp,1,1,46000.0,1.916920109526538e-06,0.9983012985615268,C
battery mhd 700 65 ah exide express,"Battery MHD 700, 65 AH Exide Express",4,4,45899.200000000004,1.9127195541560975e-06,0.998303211281081,C
civil work sock pit,Civil work Sock Pit,1,1,45724.58,1.9054427587316293e-06,0.9983051167238397,C
absolute immunity 110tab,Absolute Immunity 110Tab,1,1,45675.0,1.90337665223097e-06,0.9983070201004919,C
ele wire 6 sqmm x 4 core,Ele. Wire 6 Sqmm X 4 Core,1,1,45450.0,1.8940004125648075e-06,0.9983089141009045,C
bearing ucf 208,Bearing - UCF 208,2,2,45384.0,1.8912500489294e-06,0.9983108053509534,C
labels calcium 110 tab,Labels Calcium 110 Tab,1,1,45240.0,1.885249255543056e-06,0.998312690600209,C
labels vitamin 110 tab,Labels Vitamin 110 Tab,1,1,45240.0,1.885249255543056e-06,0.9983145758494646,C
meatup biscuits sleeve 500 grm,Meatup biscuits sleeve 500 grm,1,1,45220.0,1.884415812017175e-06,0.9983164602652767,C
maxtreat 608,MAXTREAT 608,2,2,45150.0,1.881498759676591e-06,0.9983183417640363,C
hytherm oil 600,Hytherm  Oil 600,1,1,45144.0,1.8812487266188266e-06,0.9983202230127629,C
cumin seed jeera,Cumin Seed (Jeera),14,14,45102.7,1.879527665737882e-06,0.9983221025404286,C
bearing ucp 209 w block,Bearing UCP 209 W/Block,1,1,45060.0,1.8777482638101261e-06,0.9983239802886924,C
dangler 10 x10,"Dangler 10""x10""",1,1,45000.0,1.8752479332324828e-06,0.9983258555366257,C
teflon gland rope 40 mm,Teflon Gland Rope 40 mm,1,1,45000.0,1.8752479332324828e-06,0.9983277307845589,C
rotary blower 610 no,Rotary Blower - 610 no,1,1,45000.0,1.8752479332324828e-06,0.9983296060324922,C
ethernet tcp ip network interface,Ethernet TCP/IP Network Interface,1,1,45000.0,1.8752479332324828e-06,0.9983314812804255,C
cap for 500ml ghee jar,Cap For 500ml Ghee Jar,1,1,45000.0,1.8752479332324828e-06,0.9983333565283588,C
rotary hammer,Rotary Hammer,2,2,44800.0,1.8669134979736718e-06,0.9983352234418568,C
mccb 100 amp 4 pole schneider,MCCB 100 Amp 4 Pole (Schneider),1,1,44800.0,1.8669134979736718e-06,0.9983370903553548,C
labour charge from shivnath auto ab 5948,Labour Charge From Shivnath Auto.AB-5948,1,1,44561.18,1.8569613488311254e-06,0.9983389473167036,C
tesioning element,Tesioning Element,1,1,44560.0,1.8569121756630984e-06,0.9983408042288793,C
numex batch coder,Numex Batch Coder,3,2,44491.65,1.8540638824134e-06,0.9983426582927617,C
cement sheet 2 5 mtr,Cement Sheet 2.5 Mtr,1,1,44490.0,1.8539951233225145e-06,0.998344512287885,C
ms angle 65x65x6 5 80 kg mtr,"MS Angle 65X65X6, 5.80 kg / mtr",3,3,44488.31,1.8539246973445775e-06,0.9983463662125823,C
80g meat up outer box,80g Meat-Up Outer Box,2,2,44431.5,1.8515573010093125e-06,0.9983482177698834,C
dissolved oxygen testing kit,Dissolved Oxygen Testing KIT,1,1,44400.0,1.8502446274560496e-06,0.9983500680145109,C
cable tray perforated type 12,"Cable Tray Perforated Type 12""",1,1,44375.0,1.8492028230486982e-06,0.998351917217334,C
1st party insurance eng trailor,1st Party Insurance (Eng. + Trailor),2,2,44000.0,1.8335757569384276e-06,0.9983537507930909,C
stone dust providing laying,Stone dust providing & laying,1,1,43908.54,1.8297644196945734e-06,0.9983555805575105,C
cable tray perforated type 4,"Cable Tray Perforated Type 4""",3,3,43905.0,1.8296169001904923e-06,0.9983574101744107,C
impeller for pump 80 50 cpx 200,Impeller for Pump 80-50 cpx 200,1,1,43900.0,1.8294085393090221e-06,0.99835923958295,C
mpcb 27 32a s0 3rv2021 4ea10,MPCB 27-32A; S0 - 3RV2021-4EA10,1,1,43860.0,1.8277416522572598e-06,0.9983610673246023,C
gi pipe 4,"Gi Pipe 4 """,3,1,43848.0,1.8272415861417312e-06,0.9983628945661884,C
bearing no 22215 ek s k f,Bearing No.- 22215 Ek - S.K.F.,3,3,43815.0,1.8258664043240274e-06,0.9983647204325927,C
angle grinder,Angle Grinder,5,4,43700.0,1.821074104050211e-06,0.9983665415066968,C
ss ball valve 2 5,"Ss Ball Valve 2.5""",1,1,43500.0,1.8127396687914e-06,0.9983683542463656,C
farm record card,Farm Record Card,2,2,43500.0,1.8127396687914e-06,0.9983701669860344,C
absolute mobility 110tab,Absolute Mobility 110Tab,1,1,43500.0,1.8127396687914e-06,0.9983719797257032,C
expense report in all instances,Expense report in all instances,1,1,43500.0,1.8127396687914e-06,0.9983737924653721,C
absolute digestion 110tab,Absolute Digestion 110Tab,1,1,43500.0,1.8127396687914e-06,0.9983756052050409,C
waste paper,Waste Paper,1,1,43500.0,1.8127396687914e-06,0.9983774179447097,C
repair main work from sparsh aa 3103,Repair & Main Work From Sparsh AA 3103,5,3,43482.07,1.8119924866704476e-06,0.9983792299371964,C
carton clip,Carton Clip,3,3,43450.0,1.8106560599766972e-06,0.9983810405932564,C
basmati decent rice,Basmati Decent Rice,4,4,43410.0,1.808989172924935e-06,0.9983828495824293,C
plywood,Plywood,11,9,43380.270000000004,1.807750259123713e-06,0.9983846573326884,C
liquid soap,Liquid Soap,2,2,43376.0,1.807572318930937e-06,0.9983864649050074,C
ele wire 4 sqmm,Ele. Wire 4 Sqmm,9,6,43346.0,1.8063221536421155e-06,0.998388271227161,C
ci tapper rollar od 280x246x150x165,Ci Tapper Rollar OD: 280X246X150X165,1,1,43200.0,1.8002380159031835e-06,0.9983900714651769,C
mud mitti,Mud (Mitti),2,2,43200.0,1.8002380159031835e-06,0.9983918717031928,C
pvc bend 2,"Pvc Bend 2""",1,1,43200.0,1.8002380159031835e-06,0.9983936719412086,C
corrugated box nv32,Corrugated Box NV32,4,4,43164.0,1.7987378175565975e-06,0.9983954706790262,C
ac gas 22 no,Ac Gas 22 No,7,7,43148.0,1.7980710627358925e-06,0.9983972687500889,C
corrugated boxnv36,Corrugated BoxNV36,2,2,43100.0,1.796070798273778e-06,0.9983990648208872,C
rubber washer,Rubber Washer,2,1,43100.0,1.796070798273778e-06,0.9984008608916856,C
submersible pump 2 hp 3 phase,Submersible Pump 2 Hp - 3 Phase,2,1,43070.0,1.7948206329849562e-06,0.9984026557123186,C
jcb hvi hydralic oil 20ltr 229 00024 20,Jcb HVI Hydralic Oil 20Ltr(229/00024-20),1,1,42890.4,1.787336310122544e-06,0.9984044430486287,C
bearing 3209 c3,BEARING-3209 C3,1,1,42752.0,1.7815688809234468e-06,0.9984062246175097,C
ms square pipe 1 5 x1 5 4 0mm 4 20 k,"MS Square Pipe 1.5""X1.5"" , 4.0mm, 4.20 k",2,2,42729.6,1.78063542417446e-06,0.9984080052529339,C
tyre 8x25x20 radial s3k4 ttf,Tyre 8X25X20 Radial S3K4 TTF,1,1,42667.6,1.7780517492442284e-06,0.9984097833046832,C
ms pipe 3 a class 3 2 mm 6 72 kg mt,"MS Pipe 3"" A Class, 3.2 mm , 6.72 kg/ mt",2,2,42566.98,1.7738586948655207e-06,0.998411557163378,C
paint white,Paint White,11,10,42536.869999999995,1.7726039456373065e-06,0.9984133297673237,C
ms angle 32x3,Ms Angle 32X3,1,1,42370.0,1.7656501095791175e-06,0.9984150954174332,C
drill bit 8mm,Drill Bit 8Mm,8,8,42361.8,1.7653083977335065e-06,0.9984168607258309,C
food oil,Food Oil,9,9,42354.54,1.7650058577336116e-06,0.9984186257316886,C
pottassium chloride,Pottassium Chloride,3,3,42040.0,1.7518982914020795e-06,0.99842037762998,C
flange head bolt 5 16 1,"Flange Head Bolt 5/16""*1""",2,2,42032.0,1.751564913991727e-06,0.998422129194894,C
pvc reduser 2x1,Pvc Reduser 2X1,1,1,42000.0,1.7502314043503171e-06,0.9984238794262984,C
welding rod,WELDING ROD,12,10,41935.0,1.7475227128912036e-06,0.9984256269490113,C
repair main work from karan v 4295,Repair & Main Work From Karan V 4295,3,2,41917.0,1.7467726137179106e-06,0.9984273737216249,C
egg,Egg,5,5,41825.0,1.7429387734988575e-06,0.9984291166603985,C
flood light 60 w,Flood Light - 60 W,1,1,41820.0,1.7427304126173873e-06,0.9984308593908111,C
1x30w braket light lfle11 30 cdl,1X30W BRAKET LIGHT LFLE11-30-CDL,1,1,41800.0,1.7418969690915062e-06,0.9984326012877802,C
soya ref oil pouch 1 ltr abis gold,Soya Ref.Oil ( Pouch 1 Ltr. ) ABIS GOLD,1,1,41656.95,1.7359357642726414e-06,0.9984343372235445,C
mcb switch 10 amp 1 pole,Mcb Switch 10 Amp 1 Pole,1,1,41600.0,1.7335625338326952e-06,0.9984360707860783,C
packing strip roll,Packing Strip Roll,1,1,41500.0,1.7293953162032897e-06,0.9984378001813945,C
ht bolt 10 x35,"Ht Bolt 10""X35""",1,1,41480.0,1.7285618726774085e-06,0.9984395287432671,C
alluminim ladder,Alluminim Ladder,3,1,41390.0,1.7248113768109436e-06,0.998441253554644,C
insurance includes ep rti mga kit,Insurance (Includes EP & RTI) + MGA Kit,1,1,41325.0,1.72210268535183e-06,0.9984429756573293,C
uniform jumpsuit technician,Uniform Jumpsuit (Technician),4,1,41250.0,1.718977272129776e-06,0.9984446946346014,C
amul processing cheese,Amul Processing Cheese,6,6,41208.1,1.7172312079430548e-06,0.9984464118658093,C
neomycine sul,Neomycine Sul.,1,1,40735.2,1.6975244357735961e-06,0.9984481093902451,C
submersible pump 5 5 hp,Submersible Pump - 5.5  Hp,1,1,40733.0,1.6974327569857493e-06,0.9984498068230021,C
bilasa water 300ml,Bilasa Water 300ml,3,3,40600.0,1.69189035753864e-06,0.9984514987133597,C
meatup inner box plain white,Meatup Inner Box Plain White,2,2,40575.0,1.6908485531312886e-06,0.9984531895619129,C
water tank lock tank 1000 ltr,Water Tank (Lock Tank) - 1000 Ltr.,3,3,40508.43,1.6880744363553934e-06,0.9984548776363492,C
oxymycin w s,OXYMYCIN W/S,1,1,40500.0,1.6877231399092345e-06,0.9984565653594891,C
hammer beater 179x50x6 mm,Hammer Beater 179X50X6 mm,1,1,40500.0,1.6877231399092345e-06,0.998458253082629,C
transparent pouch with zipper 230 x 400,Transparent Pouch With Zipper 230 x 400,2,2,40470.5,1.6864938107085599e-06,0.9984599395764397,C
battery mhd 1300,Battery MHD 1300,3,3,40468.75,1.6864208844000452e-06,0.9984616259973241,C
272425400138 assy pr plate coil typ 330d,272425400138_Assy Pr.Plate Coil Typ 330D,2,2,40468.75,1.6864208844000452e-06,0.9984633124182085,C
civil work column,Civil work column,1,1,40392.0,1.6832225448694764e-06,0.9984649956407534,C
rear aux a leaf spring 1109 bsiii,Rear Aux A Leaf Spring 1109 BSIII,2,2,40384.76,1.6829208383131076e-06,0.9984666785615918,C
wiper,Wiper,4,4,40320.0,1.6802221481763045e-06,0.99846835878374,C
tarpin tel,Tarpin Tel,12,12,40316.5,1.6800762955592754e-06,0.9984700388600355,C
ms angle channel 35 5,MS ANGLE CHANNEL 35*5,3,3,40265.490000000005,1.6779505978465157e-06,0.9984717168106333,C
hydraulic jack cylender and pump type,HYDRAULIC JACK (CYLENDER AND PUMP TYPE),1,1,40180.3,1.6744005451480251e-06,0.9984733912111784,C
maxtreat 3100 l,Maxtreat 3100 L,3,3,40180.0,1.6743880434951369e-06,0.998475065599222,C
mcb switch 63 amp 4pole,Mcb Switch - 63 Amp -4Pole,6,6,40146.0,1.6729711895011389e-06,0.9984767385704114,C
major cup,Major Cup,1,1,40140.0,1.6727211564433747e-06,0.9984784112915679,C
foundation nut 14 mm,Foundation Nut 14 Mm,1,1,40000.0,1.6668870517622068e-06,0.9984800781786196,C
absolute inner carton 80g x 12 pkt,Absolute Inner Carton 80g x 12 pkt,1,1,40000.0,1.6668870517622068e-06,0.9984817450656713,C
252701100160 assy cyl block 909 bsiii,252701100160 Assy CYL.Block 909 BSIII,1,1,39997.66,1.666789538869679e-06,0.9984834118552102,C
ms angle 75x75x10 11 00 kg mtr,"MS Angle 75X75X10, 11.00 kg / mtr",1,1,39975.0,1.6658452473548555e-06,0.9984850777004575,C
two way pressure regulator component,Two-Way Pressure Regulator Component,1,1,39900.0,1.6627198341328014e-06,0.9984867404202916,C
refrigerator 451 ltr,Refrigerator 451 Ltr,1,1,39830.5,1.6598236178803645e-06,0.9984884002439095,C
tyre 16x9x28 loader tractor,Tyre 16X9X28 (Loader Tractor),1,1,39770.12,1.6573074518757296e-06,0.9984900575513613,C
induction wad 106mm plain,Induction Wad - 106mm - PLAIN,1,1,39500.0,1.6460509636151794e-06,0.998491703602325,C
cable tray perforated type 10,"Cable Tray Perforated Type 10""",1,1,39375.0,1.6408419415784223e-06,0.9984933444442665,C
absolute 3ply gorru box 110pcs x 8 outer,Absolute 3Ply Gorru Box 110pcs x 8 outer,3,3,39324.0,1.6387166605874256e-06,0.9984949831609271,C
paper roll epson,Paper Roll-Epson,2,2,39324.0,1.6387166605874256e-06,0.9984966218775877,C
amul fresh cream,Amul Fresh Cream,8,8,39146.64,1.631325683399912e-06,0.9984982532032711,C
ss square pipe 25mm x 25mm,SS Square Pipe 25mm X 25mm,1,1,39000.0,1.6252148754681517e-06,0.9984998784181466,C
chain block 2 ton lifting chain 15mtr l,"CHAIN BLOCK 2 TON,LIFTING CHAIN 15MTR L",1,1,39000.0,1.6252148754681517e-06,0.998501503633022,C
jerkin,Jerkin,2,2,39000.0,1.6252148754681517e-06,0.9985031288478975,C
mcb switch 16 amp 1 pole,Mcb Switch - 16 Amp-1 Pole,3,3,38978.0,1.6242980875896825e-06,0.9985047531459851,C
mcb box 16 way,Mcb Box 16 Way,1,1,38885.0,1.6204225751943354e-06,0.9985063735685603,C
absolute 3ply gorru box 50p x 8 outer,Absolute 3Ply Gorru Box (50p x 8) Outer,3,3,38836.0,1.6183806385559267e-06,0.9985079919491988,C
belcha,Belcha,1,1,38760.0,1.6152135531575786e-06,0.9985096071627519,C
ragister 100 page,Ragister 100 Page,3,3,38532.0,1.6057122969625338e-06,0.998511212875049,C
submersible pump 3 hp 12 stage,Submersible Pump 3 Hp - 12 Stage,1,1,38500.0,1.604378787321124e-06,0.9985128172538362,C
ge bbl lh door female 12 x18 1,"Ge Bbl Lh Door Female 12""X18.1""",1,1,38434.8,1.6016617614267519e-06,0.9985144189155977,C
momento in wooden with gold,Momento in Wooden with Gold,1,1,38400.0,1.6002115696917185e-06,0.9985160191271674,C
labour charge from city wheels l 1588,Labour Charge From City Wheels L-1588,1,1,38385.44,1.5996048228048772e-06,0.9985176187319902,C
avr automatic voltage regulator,AVR - Automatic Voltage Regulator,2,2,38257.53,1.5942745347351046e-06,0.9985192130065249,C
spare 32t thermal print head,SPARE 32T THERMAL PRINT HEAD,1,1,38160.0,1.5902102473811454e-06,0.9985208032167723,C
elgi reciprocating air compressor 2 hp,Elgi Reciprocating Air Compressor 2 HP,1,1,38000.0,1.5835426991740966e-06,0.9985223867594715,C
tyre 235 75r17 5 tubeless,Tyre 235/75R17.5 Tubeless,1,1,37786.84,1.5746598580752555e-06,0.9985239614193295,C
pendistrin sh,Pendistrin Sh,2,2,37720.0,1.571874489811761e-06,0.9985255332938193,C
8 blade for kleen kut k1,"8"" Blade for Kleen Kut K1",1,1,37600.0,1.5668738286564744e-06,0.998527100167648,C
cage with venturi 3h x 3v x 20 wire,CAGE WITH VENTURI 3H X 3V X 20 WIRE,1,1,37500.0,1.5627066110270689e-06,0.998528662874259,C
kent water purifiers,Kent Water Purifiers,4,3,37337.6,1.5559390495969144e-06,0.9985302188133086,C
pottasium permang,Pottasium Permang.,1,1,37000.0,1.5418705228800414e-06,0.9985317606838315,C
geaser,Geaser,2,2,36898.32,1.5376332959944619e-06,0.9985332983171276,C
bearing block sn 528,Bearing Block SN-528,1,1,36892.0,1.5373699278402833e-06,0.9985348356870554,C
land survey work narodhi gandai,Land Survey work Narodhi (Gandai),1,1,36841.0,1.5352446468492866e-06,0.9985363709317022,C
arhar dall,Arhar Dall,11,11,36750.0,1.5314524788065277e-06,0.998537902384181,C
maxtreat 9001,Maxtreat 9001,2,2,36360.0,1.515200330051846e-06,0.9985394175845111,C
rcc m 25 as per mix design,RCC (M-25)As per mix design,1,1,36225.0,1.5095745862521486e-06,0.9985409271590974,C
civil work transformer fdn,Civil Work Transformer FDN,1,1,36180.5,1.5077201744070632e-06,0.9985424348792717,C
sodium citrate iafi,Sodium Citrate (IAFI),1,1,36000.0,1.5001983465859863e-06,0.9985439350776183,C
inductive proximity switch sw 4153 no d6,Inductive Proximity Switch SW 4153 NO D6,2,1,36000.0,1.5001983465859863e-06,0.9985454352759648,C
tr reg engine trailor,TR + Reg. (Engine + Trailor),2,2,36000.0,1.5001983465859863e-06,0.9985469354743114,C
ms perforated sheet 5 mm,MS Perforated Sheet 5 MM,1,1,36000.0,1.5001983465859863e-06,0.9985484356726579,C
dry paira,Dry Paira,7,7,36000.0,1.5001983465859863e-06,0.9985499358710045,C
strip machine cartoon,Strip Machine - Cartoon,3,2,35950.0,1.4981147377712835e-06,0.9985514339857423,C
fmd vaccine,Fmd Vaccine,1,1,35813.7,1.4924348201424036e-06,0.9985529264205625,C
gland sealing stack seal for piston valv,Gland Sealing Stack(seal)for piston valv,1,1,35800.0,1.491863911327175e-06,0.9985544182844738,C
bearing 6308 zz c3,Bearing 6308 ZZ/C3,7,7,35796.0,1.4916972226219989e-06,0.9985559099816964,C
dinning table,Dinning Table,8,8,35754.25,1.489957409261722e-06,0.9985573999391056,C
abis rice plus 5 ltr jar lable,Abis Rice Plus + 5 Ltr. Jar Lable,1,1,35700.0,1.4876966936977696e-06,0.9985588876357994,C
mcb switch 63 amp 3 pole,Mcb Switch -63 Amp-3 Pole,5,5,35415.0,1.4758201234539639e-06,0.9985603634559228,C
box shampoo 250ml x 12,Box - Shampoo 250ml x 12,3,3,35328.0,1.4721946441163812e-06,0.9985618356505669,C
make up cartridge 825ml mc 295bk,Make Up Cartridge 825ml (MC 295BK),1,1,35280.0,1.4701943796542664e-06,0.9985633058449466,C
886399000003 die exh fulid uriya bs 4,886399000003 Die.Exh.Fulid (Uriya) BS-4,2,2,35256.0,1.469194247423209e-06,0.9985647750391939,C
manganese screw flight 185x60x3mm thk,Manganese Screw Flight 185X60X3mm Thk,2,2,35250.0,1.4689442143654449e-06,0.9985662439834083,C
land survey work andi,Land Survey work Andi,1,1,35238.0,1.468444148249916e-06,0.9985677124275566,C
seven layer 11meters oven steam heating,Seven-layer 11meters oven(Steam heating),1,1,35169.68,1.4655971051655064e-06,0.9985691780246617,C
mud pump 1 hp single phase,Mud Pump 1 Hp - Single Phase,2,2,35160.0,1.46519371849898e-06,0.9985706432183802,C
clutch plate m loader,Clutch Plate M - Loader,1,1,35100.0,1.4626933879213366e-06,0.9985721059117681,C
civil work shed front side bw,Civil Work Shed Front Side BW,1,1,35074.58,1.4616340811999417e-06,0.9985735675458494,C
civil work shed front side brick work,Civil work Shed Front Side Brick Work,1,1,35074.57,1.4616336644781787e-06,0.9985750291795138,C
lassi plain glass 200 ml pp,Lassi Plain Glass 200 ML (PP),1,1,35055.0,1.460818139988104e-06,0.9985764899976538,C
plastic cap 83mm,Plastic Cap 83mm,2,2,35000.0,1.4585261702919311e-06,0.9985779485238241,C
labour charge from jaika auto mp05g7789,Labour Charge From Jaika Auto MP05G7789,1,1,35000.0,1.4585261702919311e-06,0.9985794070499944,C
pailletgaine poultry insemination straw,Pailletgaine-Poultry Insemination Straw,1,1,35000.0,1.4585261702919311e-06,0.9985808655761647,C
wire 8 mm,Wire 8 mm,3,3,34903.7,1.4545131397148134e-06,0.9985823200893044,C
endless belt 600mm x 10mm x 14600mm,Endless Belt 600mm X 10mm X 14600mm,1,1,34900.0,1.4543589526625254e-06,0.9985837744482571,C
bearing uc 206,Bearing - Uc 206,2,2,34891.0,1.453983903075879e-06,0.9985852284321601,C
overload relay 50 200 amp 3rb21534fw2,Overload Relay -50-200 Amp - 3RB21534FW2,1,1,34860.0,1.4526920656107633e-06,0.9985866811242258,C
element air cleaner 4055280,"Element, Air Cleaner (4055280)",4,2,34848.78,1.452224503792744e-06,0.9985881333487295,C
alum,Alum,1,1,34760.0,1.4485248479813578e-06,0.9985895818735775,C
panel box 600 l x 600 h x 300 d,Panel Box - 600(L) X 600(H) X 300(D),1,1,34750.0,1.4481081262184172e-06,0.9985910299817037,C
kota stone,Kota Stone,1,1,34650.0,1.4439409085890117e-06,0.9985924739226123,C
garbage polythin bag,Garbage Polythin Bag,4,3,34587.5,1.4413363975706333e-06,0.9985939152590099,C
drill bit 6 mm,Drill Bit 6 Mm,9,9,34574.2,1.4407821576259222e-06,0.9985953560411674,C
earth filling for external road site 3,Earth filling for External Road Site-3,1,1,34549.15,1.4397382696097563e-06,0.998596795779437,C
hub for blade gigola fan,Hub for Blade (Gigola Fan),1,1,34290.0,1.4289389251231519e-06,0.9985982247183621,C
ms pipe 8 b class 5 6mm 29 5kg mtr,"MS Pipe 8"" B Class, 5.6mm, 29.5kg/mtr",1,1,34200.0,1.425188429256687e-06,0.9985996499067914,C
mcb 32 amp 3 pole schneider,MCB 32 Amp 3 Pole (Schneider),1,1,34100.0,1.4210212116272815e-06,0.998601070928003,C
abs box chickengravy supp35ps innerwhite,Abs Box ChickenGravy Supp35ps innerWhite,3,3,34100.0,1.4210212116272815e-06,0.9986024919492146,C
sulphas excel,Sulphas (Excel),2,2,33982.7,1.4161330653479885e-06,0.99860390808228,C
classic 5l hawkins,CLASSIC 5L HAWKINS,2,2,33964.32,1.415367130747704e-06,0.9986053234494107,C
meter room,Meter Room,1,1,33898.3,1.4126159336687705e-06,0.9986067360653443,C
uhmw sheet 2500 x 500 x 10 mm,UHMW SHEET 2500 X 500 X 10 MM,1,1,33792.0,1.4081861813287124e-06,0.9986081442515257,C
cable tray perforated type 8,"Cable Tray Perforated Type 8""",1,1,33750.0,1.406435949924362e-06,0.9986095506874756,C
gud,Gud,13,12,33659.25,1.4026541999256765e-06,0.9986109533416755,C
refrigration gas,Refrigration Gas,6,6,33627.1,1.4013144394578226e-06,0.998612354656115,C
safety shoes 10 no,Safety Shoes 10 No,5,5,33600.0,1.4001851234802538e-06,0.9986137548412385,C
corrugated boxnt4,Corrugated BoxNT4,4,4,33594.0,1.3999350904224894e-06,0.9986151547763289,C
tcs 1 ecomet 1618 4x2 tipper 3607,TCS @ 1% - Ecomet 1618 4x2 Tipper - 3607,1,1,33593.76,1.399925089100179e-06,0.998616554701418,C
repair main work from speed dw 1786,Repair & Main Work From Speed DW 1786,3,2,33536.83,1.3975526921037585e-06,0.9986179522541101,C
lot work visibility to all employees,LOT work visibility to all employees,1,1,33500.0,1.3960179058508483e-06,0.9986193482720159,C
cutting wheel 4,"Cutting Wheel 4""",17,17,33425.0,1.3928924926287942e-06,0.9986207411645086,C
bearing ucp 203,Bearing - UCP 203,1,1,33420.0,1.3926841317473238e-06,0.9986221338486404,C
2527091303 air filter primary 909 1109,2527091303 Air Filter Primary 909/1109,2,2,33331.45,1.388994060536485e-06,0.998623522842701,C
shearbar moly 86632788 p,Shearbar Moly (86632788.P),1,1,33283.04,1.38697671048209e-06,0.9986249098194114,C
durt blaster hd 6 15,Durt Blaster (HD 6/15),2,2,33278.4,1.3867833515840856e-06,0.998626296602763,C
dust proof light set 1x36 w,Dust Proof Light Set 1X36 W,1,1,33045.0,1.3770570656370532e-06,0.9986276736598286,C
repair of ac frequency drive 5 5 7 5 kw,Repair of AC Frequency Drive 5.5/7.5 KW,3,2,33000.0,1.3751818177038206e-06,0.9986290488416464,C
t q oil,T Q Oil,1,1,32970.0,1.373931652414999e-06,0.9986304227732988,C
pvc elbow 1,"Pvc Elbow 1""",4,4,32948.0,1.3730148645365299e-06,0.9986317957881634,C
fd dvs yf l903 50u lassi,FD DVS YF L903 (50U) Lassi,1,1,32940.0,1.3726814871261773e-06,0.9986331684696506,C
welding cable 35 sqmm,Welding Cable 35 Sqmm,2,2,32900.0,1.3710146000744151e-06,0.9986345394842506,C
mccb switch 630 a,Mccb  Switch 630 A,1,1,32880.0,1.3701811565485342e-06,0.9986359096654072,C
bearing 6310 m c3,Bearing 6310 M / C3,1,1,32692.0,1.3623467874052518e-06,0.9986372720121945,C
rintose,Rintose,3,3,32687.5,1.3621592626119285e-06,0.9986386341714572,C
floxidin 10 inj,Floxidin 10% Inj.,2,2,32677.199999999997,1.3617300391960996e-06,0.9986399959014963,C
health nutrition carton 4 kg x 3 pcs,HEALTH NUTRITION CARTON (4 KG X 3 PCS),1,1,32560.0,1.3568460601344365e-06,0.9986413527475565,C
land survey work bannawagaon,Land Survey work Bannawagaon,1,1,32522.0,1.3552625174352623e-06,0.9986427080100739,C
tube light rod 40w yellow,Tube Light Rod 40W (Yellow),1,1,32500.0,1.3543457295567932e-06,0.9986440623558035,C
ms angle 90x90x10 13 4 kg mtr,"Ms Angle 90X90X10, 13.4 Kg / Mtr",1,1,32460.0,1.3526788425050308e-06,0.998645415034646,C
grinding wheel 178 mm x 80 mm x 31 75 mm,GRINDING WHEEL 178 MM x 80 mm x 31.75 mm,1,1,32420.0,1.3510119554532686e-06,0.9986467660466014,C
grinding wheel 178 x 80 x 31 75 smooth,Grinding Wheel 178 X 80 X 31.75(SMOOTH),1,1,32420.0,1.3510119554532686e-06,0.9986481170585568,C
hrc fuse 710a 690v ac dc,HRC Fuse 710A / 690V AC/DC,1,1,32304.0,1.3461779830031584e-06,0.9986494632365398,C
power factor controller 14 stage,Power Factor Controller 14 Stage,1,1,32280.0,1.345177850772101e-06,0.9986508084143906,C
memory card 751235,Memory Card - 751235,3,3,32250.0,1.3439276854832792e-06,0.998652152342076,C
ele wire 1 00 sqmm,Ele. Wire 1.00 Sqmm,13,8,32196.0,1.3416773879634003e-06,0.998653494019464,C
cutting wheel ag 14,"Cutting Wheel Ag- 14""",5,5,32189.0,1.3413856827293419e-06,0.9986548354051468,C
sum cable 1 5 sqmm x 3 core,Sum. Cable 1.5 SQMM X 3 Core,2,2,32168.0,1.3405105670271667e-06,0.9986561759157138,C
acc repair work from karan ac6322,Acc. REpair Work From Karan AC6322,2,1,32128.0,1.3388436799754045e-06,0.9986575147593937,C
dipal concentrate 35 lit 3400800310,Dipal Concentrate 35 lit. (3400800310),1,1,32100.0,1.337676859039171e-06,0.9986588524362527,C
all the number should be converted,All the number should be converted,2,2,32000.0,1.3335096414097655e-06,0.9986601859458941,C
high tensile bolt box,High tensile bolt (Box),1,1,32000.0,1.3335096414097655e-06,0.9986615194555355,C
automatic vaccinator,Automatic Vaccinator,1,1,32000.0,1.3335096414097655e-06,0.9986628529651769,C
automatic label dispenser 1150 d,AUTOMATIC LABEL DISPENSER 1150 D,1,1,32000.0,1.3335096414097655e-06,0.9986641864748182,C
high tensile bolt,High tensile bolt,1,1,32000.0,1.3335096414097655e-06,0.9986655199844596,C
mcb switch 2 amp 1 pole,Mcb Switch -2 Amp -1 Pole,1,1,32000.0,1.3335096414097655e-06,0.998666853494101,C
mccb 250 amp 4 pole schneider,MCCB 250 Amp 4 Pole (Schneider),1,1,32000.0,1.3335096414097655e-06,0.9986681870037424,C
cement sheet 1 mtr,Cement Sheet 1 Mtr,1,1,31948.8,1.33137602598351e-06,0.9986695183797684,C
civil work meter room,Civil work meter room,1,1,31922.88,1.330295883173968e-06,0.9986708486756516,C
cap curd jar 15l,Cap Curd Jar 15L,2,2,31920.0,1.3301758673062412e-06,0.9986721788515189,C
remi make centrifuge machine 6000 rpm,"REMI MAKE CENTRIFUGE MACHINE, 6000 RPM",1,1,31900.0,1.32934242378036e-06,0.9986735081939427,C
fire door thermopack vtb 10 119,Fire Door-Thermopack-VTB 10/119,1,1,31836.0,1.3266754044975405e-06,0.9986748348693473,C
copper lugz ring 185 mm,Copper Lugz Ring 185 Mm,2,1,31746.0,1.3229249086310756e-06,0.9986761577942559,C
spray machine,Spray Machine,2,2,31700.0,1.321007988521549e-06,0.9986774788022444,C
bearing 22228 cck w33,Bearing 22228 Cck/W33,1,1,31645.0,1.3187160188253759e-06,0.9986787975182633,C
bowl milk claw mc1 hcc 150 99670084,Bowl Milk Claw MC1/HCC 150 (99670084),1,1,31500.0,1.312673553262738e-06,0.9986801101918166,C
japan sheet,Japan Sheet,3,3,31447.12,1.3104699285803082e-06,0.9986814206617451,C
ibg 948 liq feed suppliment,IBG 948 (Liq. Feed Suppliment.),1,1,31401.8,1.3085813455506617e-06,0.9986827292430906,C
open well 7 5 hp,Open Well - 7.5 HP,1,1,31400.0,1.3085063356333323e-06,0.9986840377494263,C
pvc bend 1,"Pvc Bend 1""",3,3,31390.65,1.308116700784983e-06,0.998685345866127,C
rc without hp,RC without HP,1,1,31299.0,1.3042974458276328e-06,0.9986866501635728,C
tyre 13 00 24 mrk n2 ttf hydra,Tyre 13.00-24 MRK N2 TTF Hydra,1,1,31135.3,1.297475710568296e-06,0.9986879476392834,C
uhmw sheet 12mm x 180 mm x 2200 mm,Uhmw Sheet -12Mm X 180 Mm X 2200 Mm,1,1,31125.0,1.2970464871524672e-06,0.9986892446857705,C
bearing p 215,Bearing - P 215,1,1,31104.0,1.296171371450292e-06,0.9986905408571419,C
ele shielded wire 0 25 sqmm x 6 core,Ele. Shielded Wire 0.25 Sqmm X 6 Core,1,1,31079.5,1.2951504031310878e-06,0.9986918360075451,C
c i pully 370 mm dia 8g x d section,"C.I. PULLY 370 MM DIA, 8G X D SECTION",1,1,31000.0,1.2918374651157103e-06,0.9986931278450102,C
continuous voltage transformer 1kva,CONTINUOUS VOLTAGE TRANSFORMER 1KVA,1,1,31000.0,1.2918374651157103e-06,0.9986944196824753,C
halal tub,Halal Tub,2,2,31000.0,1.2918374651157103e-06,0.9986957115199404,C
heat insulator l 250mm,Heat Insulator L-250mm,1,1,31000.0,1.2918374651157103e-06,0.9986970033574055,C
foot rest male b0667,Foot Rest Male (B0667),1,1,31000.0,1.2918374651157103e-06,0.9986982951948706,C
mcb box 12 way,Mcb Box 12 Way,3,3,30900.0,1.2876702474863048e-06,0.9986995828651182,C
274789110108 cabin shock absorber 1109,274789110108 Cabin Shock Absorber 1109,2,2,30832.16,1.2848432070465162e-06,0.9987008677083252,C
guide shoe,Guide Shoe,1,1,30800.0,1.2835030298568993e-06,0.9987021512113551,C
lets bite 3 ply corr box 800g x 12 pkt,Lets Bite 3 ply Corr. Box 800g x 12 pkt,1,1,30750.0,1.2814194210421966e-06,0.9987034326307761,C
gi earthing strip 25x5,Gi Earthing Strip 25X5,1,1,30720.0,1.2801692557533748e-06,0.9987047128000318,C
ele wire 1 5 sqmm 2 core,Ele. Wire 1.5 Sqmm 2 Core,2,2,30650.0,1.2772522034127911e-06,0.9987059900522353,C
ele wire 10 sqmm,Ele. Wire - 10 Sqmm,3,3,30644.0,1.2770021703550267e-06,0.9987072670544056,C
drill bit 1 2,Drill Bit  1/2'',2,2,30634.0,1.2765854485920861e-06,0.9987085436398542,C
hygenious nova acid,Hygenious Nova Acid,1,1,30600.0,1.2751685945980884e-06,0.9987098188084488,C
kunda chota,Kunda Chota,1,1,30599.89,1.275164010658696e-06,0.9987110939724594,C
heater element hatcher 1000 watt 230 v,Heater Element Hatcher 1000 Watt.230 V,1,1,30500.0,1.2710013769686827e-06,0.9987123649738363,C
bearing ucp 206,Bearing - Ucp 206,2,2,30338.0,1.2642504844090458e-06,0.9987136292243207,C
flexible laminated with zip lock 200x177,Flexible Laminated with ZIP Lock 200X177,1,1,30268.0,1.261333432068462e-06,0.9987148905577528,C
do module make bnr x20 do 9322,"DO MODULE MAKE BNR, X20 DO 9322",1,1,30260.0,1.2610000546581095e-06,0.9987161515578075,C
ms plate 3 mm,Ms Plate 3 Mm,2,2,30252.0,1.2606666772477571e-06,0.9987174122244847,C
stator nitrile for pump 2hwp 33,Stator Nitrile For Pump 2Hwp-33,2,2,30100.0,1.2543325064510607e-06,0.9987186665569912,C
marker pen permanent,Marker Pen - Permanent,5,5,30023.72,1.2511537528433502e-06,0.998719917710744,C
mamol 5gm intramammery tube,Mamol 5gm (Intramammery tube),2,2,30000.0,1.2501652888216552e-06,0.9987211678760328,C
consultancy preparation of feasibility,Consultancy & Preparation of Feasibility,1,1,30000.0,1.2501652888216552e-06,0.9987224180413217,C
hand operated cable cutter suitable for,Hand Operated Cable Cutter Suitable for,1,1,30000.0,1.2501652888216552e-06,0.9987236682066105,C
rent for trailor,Rent for Trailor,2,2,30000.0,1.2501652888216552e-06,0.9987249183718994,C
l kill,L-KILL,1,1,30000.0,1.2501652888216552e-06,0.9987261685371882,C
bearing no nj 214,Bearing No. - NJ 214,1,1,29888.0,1.245498005076721e-06,0.9987274140351933,C
pressing bush,Pressing Bush,1,1,29760.0,1.2401639665110818e-06,0.9987286541991598,C
s s sheet thinkness 0 6mm,"S.S. Sheet, Thinkness- 0.6mm",1,1,29700.0,1.2376636359334387e-06,0.9987298918627957,C
transformer foundation,Transformer Foundation,1,1,29661.02,1.2360392545014964e-06,0.9987311279020502,C
wind shield glass lpt,Wind Shield Glass Lpt,2,2,29661.0,1.2360384210579705e-06,0.9987323639404713,C
252520100124 water pump assy 909 bs iii,252520100124 Water Pump Assy 909 BS III,4,4,29594.62,1.233272221995571e-06,0.9987335972126933,C
led bulb 15w,LED Bulb 15W,3,2,29582.87,1.232782573924116e-06,0.9987348299952672,C
pillow,Pillow,3,3,29538.600000000002,1.2309377466795782e-06,0.9987360609330139,C
wall putti jk,Wall Putti - Jk,8,8,29530.0,1.2305793659634493e-06,0.9987372915123799,C
misti dahi 80gm printed sleeves,Misti Dahi 80Gm Printed Sleeves,1,1,29452.5,1.2273497723006599e-06,0.9987385188621521,C
safty belt,Safty Belt,2,2,29400.0,1.225161983045222e-06,0.9987397440241352,C
rotor for pd pump 2hwp 44,ROTOR FOR PD PUMP 2HWP-44,1,1,29400.0,1.225161983045222e-06,0.9987409691861183,C
rubber dipherm,Rubber Dipherm,2,2,29375.0,1.2241201786378706e-06,0.998742193306297,C
mpcb 9 10a 3rv2011 1ka10,MPCB 9-10A - 3RV2011-1KA10,2,2,29370.0,1.2239118177564005e-06,0.9987434172181148,C
labour charges of car rep work af 0575,Labour Charges Of Car Rep. Work AF 0575,2,2,29301.8,1.2210697753331459e-06,0.9987446382878901,C
control transformer 1 kva,Control Transformer 1 KVA,3,3,29300.0,1.2209947654158165e-06,0.9987458592826555,C
letter pad small acd,Letter Pad - Small (ACD),1,1,29250.0,1.2189111566011138e-06,0.998747078193812,C
apple airpods hin mmef2h a,Apple Airpods - HIN MMEF2H/A,1,1,29237.25,1.2183798363533645e-06,0.9987482965736484,C
flooring work at mahul jhopdi shed 17,Flooring work at Mahul jhopdi shed 17,1,1,29205.0,1.2170359086678812e-06,0.9987495136095571,C
led pilot light blue 230v ac,LED Pilot Light Blue 230V AC,2,2,29200.0,1.216827547786411e-06,0.9987507304371049,C
trolly wheel 6,"Trolly Wheel 6""",2,2,29120.0,1.2134937736828865e-06,0.9987519439308786,C
bearing 6316 c3 rs,Bearing 6316 c3-rs,1,1,29108.0,1.212993707567358e-06,0.9987531569245862,C
mcb switch 4 amp 3 pole,Mcb Switch -4 Amp- 3 Pole,2,2,29095.0,1.2124519692755351e-06,0.9987543693765555,C
air cooler,Air Cooler,2,2,29050.0,1.2105767213423028e-06,0.9987555799532768,C
tyre 14 00 25 jcb rear n20 remold,Tyre 14.00-25(JCB Rear) N20 Remold,2,1,29050.0,1.2105767213423028e-06,0.9987567905299981,C
bearing 6206 2rs1,Bearing 6206 2RS1,1,1,28980.0,1.2076596690017189e-06,0.9987579981896672,C
land survey work survey pachpedi,Land Survey work survey Pachpedi,1,1,28938.0,1.2059094375973685e-06,0.9987592040991048,C
plastic cap 96mm 1 kg pink,Plastic Cap 96mm 1 kg Pink,2,2,28856.0,1.202492319141256e-06,0.998760406591424,C
5 ply corrugated box for paneer 1kg 10,5 Ply Corrugated Box For Paneer (1kg*10),1,1,28854.72,1.2024389787555996e-06,0.9987616090304027,C
tomato,Tomato,47,46,28791.23,1.1997932122826901e-06,0.998762808823615,C
common salt mt,Common Salt (MT),2,2,28740.0,1.1976583466911457e-06,0.9987640064819617,C
damping cylinder assembley,Damping Cylinder Assembley,1,1,28700.0,1.1959914596393834e-06,0.9987652024734214,C
element separator 10s 010350060,Element Separator 10S (010350060),1,1,28658.0,1.1942412282350332e-06,0.9987663967146496,C
pvc t 1,"Pvc T 1""",6,6,28600.5,1.191845078098125e-06,0.9987675885597277,C
drill bit 11mm,Drill Bit 11Mm,2,2,28600.0,1.1918242420099779e-06,0.9987687803839697,C
weld wheel 100mm dia u 9145 unfilled,Weld Wheel 100mm Dia: U-9145 (Unfilled),2,2,28600.0,1.1918242420099779e-06,0.9987699722082116,C
lan cable cat 6 utp,Lan Cable Cat 6 - Utp,5,5,28506.6,1.187932060744113e-06,0.9987711601402723,C
toughened glass 6mm 72 x 72,Toughened Glass 6mm 72 x 72,1,1,28500.0,1.1876570243805724e-06,0.9987723477972967,C
dosing pump r o,Dosing Pump (R.O.),1,1,28500.0,1.1876570243805724e-06,0.9987735354543211,C
welding rod modi ms ss,Welding Rod Modi Ms+Ss,3,3,28488.600000000002,1.1871819615708203e-06,0.9987747226362828,C
ms nrv 40 nb spring loaded,MS NRV 40 NB (SPRING LOADED),1,1,28400.0,1.1834898067511669e-06,0.9987759061260895,C
labour charges,Labour Charges,11,11,28397.29,1.18337687515341e-06,0.9987770895029646,C
v c cooler bottle cooler 500 ltr,V.C.COOLER (BOTTLE COOLER) 500 LTR,1,1,28389.83,1.1830660007182565e-06,0.9987782725689653,C
ci ball valve 4,"Ci Ball Valve 4""",3,3,28240.0,1.176822258544118e-06,0.9987794493912239,C
load cells cable mtr,Load Cells Cable (MTR),2,2,28200.0,1.1751553714923559e-06,0.9987806245465953,C
acc repair work from jain k 1681,Acc. Repair Work From Jain K 1681,2,1,28006.74,1.1671018067017668e-06,0.9987817916484021,C
repairing of weigh indicator panther,Repairing of Weigh Indicator Panther,1,1,28000.0,1.166820936233545e-06,0.9987829584693383,C
stack emission monitoring,Stack Emission Monitoring,4,4,28000.0,1.166820936233545e-06,0.9987841252902745,C
riveter pt no 69 646,Riveter (Pt. No. 69-646),2,2,27950.0,1.1647373274188422e-06,0.9987852900276019,C
abs box chickengravy supplement 35gx35ps,Abs Box ChickenGravy Supplement 35gx35ps,2,2,27887.5,1.1621328164004635e-06,0.9987864521604183,C
eng over houling work city wheels ds2793,Eng.Over Houling Work City Wheels DS2793,2,1,27835.760000000002,1.1599766979990093e-06,0.9987876121371163,C
mechanical seal sp 3l,Mechanical Seal - Sp 3L,1,1,27800.0,1.1584865009747337e-06,0.9987887706236173,C
feed pump and accessories,Feed Pump and accessories,1,1,27772.0,1.1573196800385003e-06,0.9987899279432974,C
fip injector repair g k diesel f0170,FIP & Injector Repair G K Diesel F0170,2,1,27745.67,1.1562224516366777e-06,0.998791084165749,C
piston kit sealing ring kit for piston,Piston Kit & Sealing Ring Kit for Piston,1,1,27700.0,1.1543192833453282e-06,0.9987922384850324,C
cage plateform complete sfc 407,Cage Plateform complete SFC 407,2,2,27700.0,1.1543192833453282e-06,0.9987933928043158,C
007602227 king pin bush mahindra tractor,007602227 King Pin Bush Mahindra Tractor,2,2,27692.0,1.1539859059349758e-06,0.9987945467902217,C
milk tube rubb 14 5 25 7 90840480,Milk Tube Rubb 14.5/25.7 (90840480),1,1,27660.0,1.152652396293566e-06,0.998795699442618,C
glass wool,Glass wool,1,1,27657.5,1.152548215852831e-06,0.9987968519908339,C
isopropanol,Isopropanol,2,2,27630.0,1.1514022310047445e-06,0.9987980033930649,C
maida,Maida,8,8,27570.0,1.1489019004271012e-06,0.9987991522949653,C
gi wire 16 no,Gi Wire 16 No,1,1,27500.0,1.1459848480865172e-06,0.9988002982798134,C
label in 15kg abis silver,LABEL IN 15KG (ABIS SILVER),1,1,27500.0,1.1459848480865172e-06,0.9988014442646616,C
bearing no 633313,Bearing No. 633313,1,1,27500.0,1.1459848480865172e-06,0.9988025902495097,C
safety helmet yellow,Safety Helmet - Yellow,3,3,27400.0,1.1418176304571117e-06,0.9988037320671401,C
tyre 165 80 r 14 tt,Tyre 165/80 R 14 TT,1,1,27322.08,1.138570534480279e-06,0.9988048706376746,C
conbextra gp2,CONBEXTRA GP2,2,2,27320.0,1.1384838563535872e-06,0.998806009121531,C
ink cartridge ic 2bk009,Ink Cartridge (IC-2BK009),1,1,27320.0,1.1384838563535872e-06,0.9988071476053872,C
submersible pump 3 hp 6 stage,Submersible Pump 3 Hp - 6 Stage,1,1,27300.0,1.1376504128277062e-06,0.9988082852558001,C
vanilla ice cream,Vanilla Ice Cream,12,11,27283.2,1.136950320265966e-06,0.9988094222061203,C
gi earthing strip 40x5 mm,Gi Earthing Strip 40X5 Mm,2,2,27180.0,1.1326497516724196e-06,0.998810554855872,C
allen bolt 1 x4,"Allen Bolt - 1""X4""",1,1,27132.0,1.130649487210305e-06,0.9988116855053593,C
toilet septic tank,Toilet & Septic Tank,1,1,27118.64,1.1300927469350163e-06,0.9988128155981062,C
absolute 5ply gorru box 300ml x 6 pcs,Absolute 5Ply Gorru Box 300ml x 6 pcs,3,3,27040.2,1.1268239814265108e-06,0.9988139424220877,C
junction box 1000 x 600 x 500,junction box 1000 x 600 x 500,1,1,27032.0,1.1264822695808993e-06,0.9988150689043572,C
nobilis d78,Nobilis D78,2,2,27006.0,1.125398792997254e-06,0.9988161943031503,C
left side shutter bearing assy with spri,Left Side Shutter Bearing Assy with Spri,2,2,27000.0,1.1251487599394895e-06,0.9988173194519102,C
c i pully 8g d section dia 330mm,"C.I. Pully 8G, D Section , Dia - 330mm",1,1,27000.0,1.1251487599394895e-06,0.9988184446006702,C
return roller bc700,Return Roller - BC700,1,1,27000.0,1.1251487599394895e-06,0.9988195697494301,C
right side shutter bearing assy with spr,Right Side Shutter Bearing Assy with Spr,2,2,27000.0,1.1251487599394895e-06,0.99882069489819,C
3wl charging mechanism complete siemens,3WL Charging Mechanism Complete (Siemens,1,1,26960.0,1.1234818728877274e-06,0.9988218183800629,C
pm spares set a series gp pm902,PM Spares set A-series GP PM902,1,1,26950.0,1.1230651511247868e-06,0.998822941445214,C
gi channel 75x40x5 mm 7 14 kg mtr,GI Channel 75x40x5 MM  7.14 Kg / Mtr,1,1,26905.0,1.1211899031915545e-06,0.9988240626351171,C
gi channel 100x50x5 mm 9 56 kg mtr,GI Channel 100x50x5 MM  9.56 Kg / Mtr,1,1,26905.0,1.1211899031915545e-06,0.9988251838250203,C
voxim 3gm,Voxim 3gm,1,1,26864.4,1.1194980128340158e-06,0.9988263033230331,C
fip injector repair kamal diesel l1030,FIP & Injector Repair Kamal Diesel L1030,2,1,26845.4,1.1187062414844288e-06,0.9988274220292747,C
cordless impact wrench siw 22t a case,Cordless Impact Wrench SIW 22T-A Case,1,1,26800.0,1.1168143246806786e-06,0.9988285388435993,C
calcium lactate iafi,Calcium Lactate (IAFI),1,1,26800.0,1.1168143246806786e-06,0.998829655657924,C
801012ve0a door shell assy lh al partner,801012VE0A Door Shell Assy LH AL Partner,1,1,26780.48,1.1160008837994186e-06,0.9988307716588078,C
painting work shed no 17,Painting work shed no-17,1,1,26648.49,1.1105005732503663e-06,0.9988318821593811,C
painting work shed no 12,Painting work shed no-12,1,1,26648.49,1.1105005732503663e-06,0.9988329926599544,C
head light cutout wire 12v,Head Light Cutout ( Wire) 12V,3,3,26583.8,1.107804800165904e-06,0.9988341004647545,C
tonophosphan 100ml,Tonophosphan 100ml,1,1,26569.2,1.1071963863920106e-06,0.9988352076611409,C
stiching m c crank shaft assly 800520a,Stiching M/c Crank Shaft Assly (800520A),1,1,26500.0,1.104312671792462e-06,0.9988363119738126,C
solenoid valve scg225b002 24v dc asco,"Solenoid Valve, SCG225B002-24V DC - Asco",1,1,26410.0,1.1005621759259972e-06,0.9988374125359886,C
lm tp309w tape cassette white 8mtr 9mm,LM-TP309W Tape Cassette-White (8mtr) 9mm,4,4,26400.0,1.1001454541630566e-06,0.9988385126814427,C
fd dvs exact dahi 3 50uc,FD DVS Exact Dahi-3 (50Uc),1,1,26400.0,1.1001454541630566e-06,0.9988396128268969,C
tyre 1000x20 remold,Tyre 1000X20 Remold,3,2,26270.0,1.0947280712448293e-06,0.9988407075549681,C
copper strip 50 x 5 mm,Copper Strip 50 x 5 mm,1,1,26250.0,1.0938946277189483e-06,0.9988418014495959,C
ss sheet 4mm,Ss Sheet - 4Mm,1,1,26245.0,1.093686266837478e-06,0.9988428951358628,C
land survey work maharajpur,Land Survey work Maharajpur,1,1,26124.0,1.0886439335058973e-06,0.9988439837797963,C
pneumatic actuator,Pneumatic Actuator,1,1,26110.0,1.0880605230377805e-06,0.9988450718403193,C
crossing hub es140,Crossing Hub ES140,1,1,26100.0,1.0876438012748399e-06,0.9988461594841206,C
supa,Supa,3,3,26100.0,1.0876438012748399e-06,0.9988472471279218,C
gulf crown ep2 chassis grease,Gulf Crown EP2 Chassis Grease,1,1,26100.0,1.0876438012748399e-06,0.9988483347717231,C
gland 19mm,Gland 19Mm,3,3,26080.0,1.086810357748959e-06,0.9988494215820808,C
di module make bnr x20 di9371,"DI MODULE MAKE BNR, X20 DI9371,",1,1,26080.0,1.086810357748959e-06,0.9988505083924385,C
drill bit 5 mm,Drill Bit 5 Mm,6,6,26021.0,1.0843516993476096e-06,0.9988515927441378,C
repair of power module,Repair of Power Module,2,2,26000.0,1.0834765836454344e-06,0.9988526762207215,C
cotton carry bag,Cotton Carry Bag,3,3,25999.35,1.0834494967308434e-06,0.9988537596702183,C
surgical glove 7 1 2 poultry,"Surgical Glove 7-1/2""(Poultry)",3,3,25990.0,1.083059861882494e-06,0.9988548427300802,C
gun metal round bar,Gun Metal Round Bar,2,2,25930.8,1.0805928690458858e-06,0.9988559233229493,C
electronic choke,Electronic Choke,6,5,25920.0,1.08014280954191e-06,0.9988570034657588,C
flooring work at mahul jhopdi shed 12,Flooring work at Mahul jhopdi shed 12,1,1,25905.0,1.0795177268974993e-06,0.9988580829834857,C
264254209901 ecu assy 12v 709 bsiv,264254209901 ECU Assy 12V 709 BSIV,1,1,25836.44,1.0766606824907788e-06,0.9988591596441682,C
pvc elbow 2,"Pvc Elbow 2""",9,8,25820.0,1.0759755919125046e-06,0.9988602356197601,C
concrit drill bit 25 mm,Concrit Drill Bit - 25 mm,2,1,25811.0,1.075600542325858e-06,0.9988613112203024,C
absolute digestion 50tab,Absolute Digestion 50Tab,1,1,25740.0,1.07264181780898e-06,0.9988623838621202,C
land survey work machanpar,Land Survey work Machanpar,1,1,25711.0,1.0714333246964525e-06,0.998863455295445,C
pvc pipe 3 4,"Pvc Pipe 3/4""",4,4,25640.0,1.0684746001795746e-06,0.9988645237700451,C
inspection testing certification work,"Inspection, Testing & Certification Work",1,1,25600.0,1.0668077131278124e-06,0.9988655905777583,C
seleant gun pu gun,Seleant Gun (PU Gun),1,1,25600.0,1.0668077131278124e-06,0.9988666573854714,C
ele weight machine 10 kg,Ele. Weight Machine 10 Kg,1,1,25600.0,1.0668077131278124e-06,0.9988677241931846,C
gi earthing strip 50x5,Gi Earthing Strip 50X5,1,1,25600.0,1.0668077131278124e-06,0.9988687910008978,C
tyre 8x25x20 remold,Tyre 8X25X20 Remold,3,2,25600.0,1.0668077131278124e-06,0.9988698578086109,C
bearing 6205 zz skf,Bearing 6205 Zz Skf,3,3,25578.0,1.0658909252493433e-06,0.9988709236995362,C
potato,Potato,34,33,25519.25,1.0634426848920675e-06,0.9988719871422211,C
ele weight machine 30 kg,Ele. Weight Machine 30 Kg,2,2,25500.0,1.062640495498407e-06,0.9988730497827166,C
induction wad 93mm plain,Induction Wad - 93mm - PLAIN,1,1,25500.0,1.062640495498407e-06,0.9988741124232121,C
high beam torch,High beam torch,1,1,25424.0,1.0594734101000586e-06,0.9988751718966222,C
disco papad,Disco Papad,8,7,25368.0,1.0571397682275917e-06,0.9988762290363905,C
bearing rn 206 m,Bearing - RN 206 M,1,1,25284.0,1.053639305418891e-06,0.998877282675696,C
diving cylinder delay coupling,DIVING CYLINDER DELAY COUPLING,3,3,25220.0,1.0509722861360714e-06,0.9988783336479821,C
cement cap for cement sheet,Cement Cap For Cement Sheet,2,2,25213.5,1.0507014169901601e-06,0.998879384349399,C
liv 52 protec liq,Liv - 52 Protec Liq.,1,1,25200.0,1.0501388426101902e-06,0.9988804344882417,C
plaster work,Plaster Work,1,1,25200.0,1.0501388426101902e-06,0.9988814846270844,C
repair main work from sparsh k 1766,Repair & Main Work From Sparsh K 1766,2,1,25160.97,1.0485123775694335e-06,0.998882533139462,C
engine oil castrol 10w30,Engine Oil Castrol 10W30,3,3,25152.8,1.0481719158891109e-06,0.9988835813113779,C
tube light rod 40 w,Tube Light Rod 40 W,6,6,25102.8,1.046088307074408e-06,0.998884627399685,C
06505092c91assy synchronsing kit m arjun,06505092C91Assy Synchronsing Kit M-Arjun,1,1,25100.0,1.0459716249807847e-06,0.99888567337131,C
thali 5 cp everwell,THALI - 5 CP EVERWELL,2,2,25069.2,1.044688121950928e-06,0.9988867180594319,C
anchor fastner 10x100mm,Anchor Fastner 10X100Mm,7,7,25020.0,1.0426378508772604e-06,0.9988877606972827,C
structural design charges of peb,Structural design charges of PEB,1,1,25000.0,1.0418044073513793e-06,0.99888880250169,C
rental services of tent materials,Rental Services of Tent Materials,3,1,25000.0,1.0418044073513793e-06,0.9988898443060973,C
abis rice plus 2 ltr jar lable,Abis Rice Plus + 2 Ltr. Jar Lable,1,1,25000.0,1.0418044073513793e-06,0.9988908861105046,C
battery din 65 lh exide max,Battery DIN 65 (LH) Exide MAX,3,3,24975.770000000004,1.0407946905197744e-06,0.9988919269051951,C
uhmw strip 65mm x 10mm x 3000mm,UHMW strip 65mm x 10mm x 3000mm,1,1,24900.0,1.0376371897219738e-06,0.9988929645423849,C
uxn 48103 049 rubber hollow spring d 96x,UXN-48103-049 Rubber Hollow Spring D=96x,1,1,24888.0,1.0371371236064452e-06,0.9988940016795085,C
absolute mobility 50tab,Absolute Mobility 50Tab,1,1,24804.0,1.0336366607977445e-06,0.9988950353161693,C
nipple pipe with 8 nipple,Nipple Pipe with 8 Nipple,1,1,24800.0,1.0334699720925683e-06,0.9988960687861413,C
penchis,Penchis,5,5,24795.0,1.033261611211098e-06,0.9988971020477525,C
bearing 22210ekc3,BEARING-22210EKC3,1,1,24780.0,1.032636528566687e-06,0.9988981346842811,C
lm tp305w tape cassette white 8mtr 5mm,LM-TP305W Tape Cassette-White (8mtr) 5mm,4,4,24750.0,1.0313863632778655e-06,0.9988991660706444,C
bearing 6312 zz c3 skf,Bearing 6312 Zz C3 Skf,2,2,24695.0,1.0290943935816924e-06,0.998900195165038,C
hexane resistance high temp grease,Hexane Resistance & High Temp. Grease,1,1,24600.0,1.0251355368337573e-06,0.9989012203005748,C
slinding plate ve atc 039 stiching m c,Slinding Plate -VE-ATC-039/(STICHING M/C,1,1,24600.0,1.0251355368337573e-06,0.9989022454361116,C
upper drive roller for seam welder m c,Upper Drive Roller for Seam Welder M/c,2,2,24600.0,1.0251355368337573e-06,0.9989032705716484,C
bearing ucf 210,Bearing Ucf 210,1,1,24552.0,1.0231352723716425e-06,0.9989042937069208,C
copper wire 18 5 swg,Copper Wire 18.5 Swg,2,2,24530.0,1.0222184844931734e-06,0.9989053159254053,C
p 2 bit harry carry,P-2 BIT HARRY CARRY,2,2,24500.0,1.0209683192043518e-06,0.9989063368937245,C
ms perforated sheet 1 mm,MS Perforated Sheet 1 mm,1,1,24500.0,1.0209683192043518e-06,0.9989073578620438,C
open well 10 hp,Open Well -10 Hp,1,1,24500.0,1.0209683192043518e-06,0.998908378830363,C
bearing 6309,Bearing 6309,1,1,24500.0,1.0209683192043518e-06,0.9989093997986822,C
mangnese screw flight 185x60x3mm 175 pi,Mangnese Screw Flight 185X60X3mm(175 PI),2,2,24480.0,1.0201348756784706e-06,0.9989104199335579,C
tyre lt185 80 d14 savarilug n8 tt nylon,Tyre LT185/80 D14 SavariLug N8 TT(Nylon),2,2,24477.579999999998,1.0200340290118388e-06,0.9989114399675869,C
singal page leaflet,Singal Page Leaflet,3,3,24400.0,1.0168011015749463e-06,0.9989124567686885,C
calcium gluconate iafi,Calcium Gluconate (IAFI),1,1,24400.0,1.0168011015749463e-06,0.99891347356979,C
piston ring std 4mm 407 909,Piston Ring STD 4mm 407/909,7,7,24375.04,1.0157609640546467e-06,0.998914489330754,C
wire rope 12 mm,Wire Rope 12 Mm,2,2,24360.0,1.015134214523184e-06,0.9989155044649686,C
repair main work from sparsh u 6900,Repair & Main Work From Sparsh U 6900,2,1,24330.72,1.0139140532012942e-06,0.9989165183790217,C
mattress gadda,Mattress (Gadda),6,6,24300.0,1.0126338839455406e-06,0.9989175310129057,C
rear aux b leaf spring 1109 bs iii,Rear Aux B Leaf Spring 1109 BS III,1,1,24267.0,1.0112587021278368e-06,0.9989185422716078,C
272425400151clutch cover 1 75spline 380d,272425400151Clutch Cover 1.75Spline 380D,1,1,24218.74,1.0092476028998858e-06,0.9989195515192107,C
element lub oil filter 3889310,"Element, Lub Oil Filter (3889310)",3,3,24209.920000000002,1.0088800543049724e-06,0.998920560399265,C
ht bolt 8x25,Ht Bolt 8X25,3,2,24206.0,1.0087166993738995e-06,0.9989215691159644,C
exp pay voucher iafi,Exp/Pay Voucher IAFI,2,2,24192.0,1.0081332889057827e-06,0.9989225772492534,C
dispovan syringe 2ml,Dispovan Syringe 2Ml,5,5,24150.0,1.0063830575014323e-06,0.9989235836323109,C
door aldrop 10,"DOOR ALDROP 10""",6,4,24037.2,1.0016824360154631e-06,0.9989245853147469,C
rubber sheet,Rubber Sheet,1,1,24025.0,1.0011740354646755e-06,0.9989255864887824,C
labour charges of car rep work cj 8618,Labour Charges Of Car Rep. Work CJ 8618,1,1,24005.0,1.0003405919387945e-06,0.9989265868293743,C
injector nozzel change city wheels l1582,Injector Nozzel Change City Wheels L1582,2,1,24004.69,1.000327673564143e-06,0.9989275871570479,C
rotary compressor 2 mt,Rotary Compressor 2 MT,3,3,24000.0,1.0001322310573241e-06,0.9989285872892789,C
plastic ghamela,Plastic Ghamela,3,3,24000.0,1.0001322310573241e-06,0.99892958742151,C
napkin,Napkin,1,1,24000.0,1.0001322310573241e-06,0.998930587553741,C
junction box 250 x 200 x 150,junction box 250 X 200 X 150,1,1,24000.0,1.0001322310573241e-06,0.998931587685972,C
ahu filter dripak packet 592x592x533mm,AHU Filter (Dripak) Packet 592X592X533MM,1,1,24000.0,1.0001322310573241e-06,0.998932587818203,C
cattle feed salt,Cattle feed salt,8,8,24000.0,1.0001322310573241e-06,0.9989335879504341,C
bengal nolengur flavour,BENGAL NOLENGUR FLAVOUR,1,1,24000.0,1.0001322310573241e-06,0.9989345880826651,C
screen for pc 1000 hole dia round 8 mm,"SCREEN FOR PC-1000,HOLE DIA(ROUND-8 MM)",1,1,24000.0,1.0001322310573241e-06,0.9989355882148961,C
screen for pc 1000 hole dia round 2 mm,"SCREEN FOR PC-1000,HOLE DIA(ROUND-2 MM)",1,1,24000.0,1.0001322310573241e-06,0.9989365883471272,C
education training of bakal workshop,Education Training Of Bakal Workshop,1,1,24000.0,1.0001322310573241e-06,0.9989375884793582,C
plastick tub big,Plastick Tub Big,2,2,23899.2,9.959316756868835e-07,0.9989385844110339,C
rotor for pd pump 2hwp 33,ROTOR FOR PD PUMP 2HWP-33,1,1,23850.0,9.938814046132159e-07,0.9989395782924385,C
gland 16mm,Gland 16Mm,2,2,23800.0,9.917977957985131e-07,0.9989405700902343,C
bird delivery instruction book,Bird Delivery Instruction Book,2,2,23779.0,9.90922680096338e-07,0.9989415610129144,C
silicon sheet,Silicon Sheet,1,1,23750.0,9.897141869838104e-07,0.9989425507271014,C
led bulb 3w,LED Bulb 3W,5,4,23743.08,9.894258155238555e-07,0.9989435401529169,C
bhusa tokana,Bhusa Tokana,2,2,23700.0,9.876305781691076e-07,0.9989445277834951,C
repair main work from kaizen af 0575,Repair & Main Work From Kaizen AF 0575,4,2,23594.55,9.832362471788993e-07,0.9989455110197423,C
top hood assy drabur rod hyd pipe,Top Hood Assy + Drabur Rod + Hyd. Pipe +,2,2,23572.0,9.822965396034686e-07,0.9989464933162818,C
jhonson buds,Jhonson Buds,1,1,23543.04,9.810897133779928e-07,0.9989474744059952,C
fip injector repair kamal diesel l0951,FIP & Injector Repair Kamal Diesel L0951,2,1,23509.0,9.79671192496943e-07,0.9989484540771877,C
absolute immunity 50tab,Absolute Immunity 50Tab,1,1,23400.0,9.75128925280891e-07,0.998949429206113,C
labour charges of car rep work s 8589,Labour Charges Of Car Rep. Work S 8589,2,2,23390.0,9.747122035179506e-07,0.9989504039183165,C
yelintra 8gm intramammery tube,Yelintra 8Gm (Intramammery Tube),1,1,23385.0,9.745038426364802e-07,0.9989513784221591,C
civil work shed front side bw,Civil work Shed Front Side BW,1,1,23383.05,9.744225818927067e-07,0.9989523528447409,C
printer cartiridge 1018 hp,Printer Cartiridge 1018 - HP,4,4,23347.32,9.729336350337201e-07,0.9989533257783759,C
abnormal noisy work city wheels ds 2792,Abnormal Noisy Work City Wheels DS-2792,2,1,23305.829999999998,9.712046564392798e-07,0.9989542969830324,C
rear 3rd leaf spring 1109 bs iii,Rear 3rd Leaf Spring 1109 BS III,3,3,23300.0,9.709617076514854e-07,0.9989552679447401,C
gland 70 mm,Gland 70 Mm,1,1,23280.0,9.701282641256045e-07,0.9989562380730043,C
induction wad 90mm,Induction Wad - 90mm,2,2,23256.0,9.69128131894547e-07,0.9989572072011361,C
lower gear wheel no 1,Lower Gear Wheel No. 1,1,1,23240.0,9.68461377073842e-07,0.9989581756625132,C
upper gear wheel no 1,Upper Gear Wheel No. 1,1,1,23240.0,9.68461377073842e-07,0.9989591441238903,C
dissolved acetylene da gas cylinder,Dissolved Acetylene (DA) Gas Cylinder,4,4,23198.0,9.66711145669492e-07,0.998960110835036,C
load cell 300 kg,Load Cell 300 KG,2,2,23100.0,9.626272723926745e-07,0.9989610734623083,C
ctr 50a 230v ac 3rt10351al20,CTR 50A 230V AC - 3RT10351AL20,1,1,23060.0,9.609603853409123e-07,0.9989620344226937,C
tyre 165 80 r 14,Tyre 165 / 80 R 14,1,1,23054.3,9.607228539360362e-07,0.9989629951455476,C
floor tiles fitting,Floor Tiles Fitting,1,1,23040.0,9.601269418150311e-07,0.9989639552724895,C
labour charges of car rep work aa 3103,Labour Charges Of Car Rep. Work AA 3103,3,3,23014.0,9.590434652313858e-07,0.9989649143159547,C
hanna make pen type ph conductivity tds,Hanna make pen type PH/Conductivity/TDS,1,1,23000.0,9.58460054763269e-07,0.9989658727760095,C
insurance mahindra bolero camper gold,Insurance - Mahindra Bolero Camper Gold,1,1,23000.0,9.58460054763269e-07,0.9989668312360642,C
insulation bricks,Insulation Bricks,2,2,23000.0,9.58460054763269e-07,0.998967789696119,C
magnet plate,Magnet Plate,1,1,23000.0,9.58460054763269e-07,0.9989687481561738,C
label 15 kg jar sticker label,Label 15 Kg Jar (Sticker Label),1,1,23000.0,9.58460054763269e-07,0.9989697066162285,C
252509120239 fuel water separator spin,252509120239 Fuel /Water Separator Spin,1,1,22980.6,9.576516145431643e-07,0.9989706642678431,C
ele saddle 3 4 pvc,"Ele. Saddle - 3/4"" Pvc",7,6,22980.0,9.576266112373878e-07,0.9989716218944543,C
mpcb 5 5 8a s00 3rv2011 1ha10,"MPCB 5.5-8A, S00 - 3RV2011-1HA10",1,1,22925.0,9.553346415412148e-07,0.9989725772290958,C
impact ready accessory set,Impact Ready Accessory Set,3,3,22923.0,9.552512971886266e-07,0.998973532480393,C
civil work electrical pannel room,Civil work electrical pannel room,1,1,22839.83,9.517854222862502e-07,0.9989744842658153,C
amc for dell server power edge r900,"AMC for Dell Server Power Edge R900,",1,1,22815.0,9.507507021488688e-07,0.9989754350165174,C
absolute 3ply corru box 800gm x 12 pkt,Absolute 3Ply corru box 800gm x 12 pkt,1,1,22780.0,9.492921759785768e-07,0.9989763843086934,C
lpg regulator ador,LPG REGULATOR (ADOR),2,2,22780.0,9.492921759785768e-07,0.9989773336008694,C
horn vehicle,Horn (Vehicle),1,1,22740.0,9.476252889268146e-07,0.9989782812261583,C
metalic packing sheet 3 mm,Metalic Packing Sheet - 3 Mm,1,1,22700.0,9.459584018750524e-07,0.9989792271845601,C
civil work k external earth work,Civil work k External Earth Work,1,1,22672.88,9.448282524539577e-07,0.9989801720128125,C
hair sampoo pouch,Hair Sampoo Pouch,3,3,22579.2,9.409244029787305e-07,0.9989811129372155,C
ratchet 10 36mm nuts,½ Ratchet 10-36mm Nuts,1,1,22575.0,9.407493798382955e-07,0.9989820536865953,C
ms sheet 3 mm,Ms Sheet 3 Mm,1,1,22500.0,9.376239666162414e-07,0.9989829913105619,C
spider coupling 225x110x35mm with 10 leg,Spider Coupling 225X110X35mm with 10 Leg,2,2,22500.0,9.376239666162414e-07,0.9989839289345285,C
soft tissue box,Soft Tissue Box,1,1,22500.0,9.376239666162414e-07,0.998984866558495,C
iscohlor tab,Iscohlor tab,1,1,22500.0,9.376239666162414e-07,0.9989858041824616,C
cable tray perforated type 6,"Cable Tray Perforated Type 6""",1,1,22500.0,9.376239666162414e-07,0.9989867418064282,C
gas cutting tourch ador,GAS CUTTING TOURCH (ADOR),2,2,22400.0,9.334567489868359e-07,0.9989876752631772,C
chicken wings drummettes,Chicken Wings/Drummettes,48,48,22386.12,9.328783391798743e-07,0.9989886081415164,C
labour charges of car rep work ac 6322,Labour Charges Of Car Rep. Work AC 6322,1,1,22350.0,9.31373140172133e-07,0.9989895395146565,C
labour charges for water proofing works,Labour Charges for Water Proofing Works,1,1,22300.0,9.292895313574303e-07,0.9989904688041878,C
ring spanner 6x7 to 30x32,Ring Spanner 6X7 To 30X32,3,3,22295.0,9.290811704759601e-07,0.9989913978853583,C
tube light patti comp,Tube Light Patti Comp.,3,3,22280.87,9.28492342624925e-07,0.998992326377701,C
paint welvet touch,Paint Welvet Touch,4,4,22279.5,9.284352517434022e-07,0.9989932548129528,C
precipitated silica feed grade,Precipitated Silica (Feed Grade),1,1,22250.0,9.272059225427276e-07,0.9989941820188754,C
tape machne,Tape Machne,3,3,22232.17,9.264629076394045e-07,0.998995108481783,C
cage plateform parts only,Cage Plateform Parts Only,2,2,22228.0,9.262891346642584e-07,0.9989960347709176,C
bearing rn 206,Bearing - RN 206,2,2,22200.0,9.251223137280248e-07,0.9989969598932313,C
battery 120 ah ax1013420 cummins,Battery 120 AH (AX1013420) Cummins,1,1,22200.0,9.251223137280248e-07,0.9989978850155451,C
pet jar 200 ml with cap,Pet Jar - 200 ml With Cap,1,1,22113.0,9.21496834390442e-07,0.9989988065123795,C
mccb switch 160 a,Mccb  Switch 160 A,1,1,22080.0,9.201216525727382e-07,0.998999726634032,C
water proof tube light set 40 w,Water Proof Tube Light Set 40 w.,1,1,22030.0,9.180380437580355e-07,0.9990006446720758,C
table daraj box,Table Daraj Box,1,1,22000.0,9.167878784692138e-07,0.9990015614599543,C
moper,Moper,1,1,22000.0,9.167878784692138e-07,0.9990024782478328,C
brewers yeast golden,Brewers Yeast (Golden),2,2,22000.0,9.167878784692138e-07,0.9990033950357113,C
cvt constant voltage transformer,CVT (constant Voltage Transformer),1,1,22000.0,9.167878784692138e-07,0.9990043118235898,C
rto tvs sports,RTO - TVS Sports,1,1,21968.0,9.154543688278041e-07,0.9990052272779587,C
printing ink black ink reservoir 1 2lt,Printing Ink Black Ink Reservoir - 1.2Lt,2,2,21920.0,9.134541043656894e-07,0.9990061407320631,C
pvc pipe 1 2,"Pvc Pipe 1/2""",3,3,21900.0,9.126206608398082e-07,0.9990070533527239,C
concrit drill bit 16 mm,Concrit Drill Bit - 16 Mm,4,3,21867.0,9.112454790221045e-07,0.999007964598203,C
junction box assy ajb 005 114795,JUNCTION BOX ASSY-AJB-005 (114795),1,1,21800.0,9.084534432104027e-07,0.9990088730516462,C
drill bit 8 5 mm,Drill Bit 8.5 Mm,2,2,21790.0,9.080367214474622e-07,0.9990097810883677,C
rubber washer 8 mm,Rubber Washer 8 MM,3,2,21770.0,9.072032779215811e-07,0.9990106882916456,C
inhibitor corrosion 3167217,"Inhibitor, Corrosion (3167217)",3,3,21762.1,9.06874067728858e-07,0.9990115951657134,C
lf pl 858 22w r white,LF PL 858 22W R WHITE,1,1,21663.0,9.027443550581172e-07,0.9990124979100684,C
hand gloves cloth,Hand Gloves -Cloth,8,8,21660.0,9.026193385292351e-07,0.9990134005294069,C
ambient air quality monitoring,Ambient Air Quality Monitoring,2,2,21600.0,9.001190079515917e-07,0.9990143006484149,C
ms perforated sheet 10 mm,MS Perforated Sheet 10 mm,1,1,21600.0,9.001190079515917e-07,0.9990152007674229,C
socket set 1 4,"Socket Set 1/4""",1,1,21600.0,9.001190079515917e-07,0.9990161008864309,C
trolly wheel,Trolly Wheel,3,3,21600.0,9.001190079515917e-07,0.9990170010054389,C
i tech module qube01n,i-Tech Module (QUBE01N),1,1,21556.0,8.982854321946533e-07,0.999017899290871,C
atta,Atta,19,19,21543.4,8.977603627733483e-07,0.9990187970512339,C
tyre 600x16 tractor front,Tyre 600X16 Tractor Front,1,1,21515.12,8.965818736277522e-07,0.9990196936331075,C
standard sample cup agrionic for nir ana,Standard Sample Cup Agrionic for NIR Ana,1,1,21500.0,8.959517903221862e-07,0.9990205895848978,C
ahu filter dripak packet 460x592x533mm,AHU Filter (Dripak) Packet 460X592X533MM,1,1,21500.0,8.959517903221862e-07,0.9990214855366881,C
disc filter w cap 130mic 1 32mm,"DISC FILTER W/CAP 130MIC 1"" (32MM)",1,1,21500.0,8.959517903221862e-07,0.9990223814884784,C
lorexane,Lorexane,3,3,21498.4,8.958851148401157e-07,0.9990232773735933,C
7602810c92 assy tie rod end 605 m arjun,7602810C92 Assy Tie Rod End 605 M-ARJUN,2,2,21490.0,8.955350685592457e-07,0.9990241729086619,C
helmet bike,Helmet (Bike),1,1,21480.0,8.951183467963051e-07,0.9990250680270086,C
ele wire 16 sqmm,Ele. Wire 16 Sqmm,2,2,21451.0,8.939098536837775e-07,0.9990259619368623,C
labour charges of car rep work k 8888,Labour Charges Of Car Rep. Work K 8888,1,1,21440.0,8.934514597445429e-07,0.999026855388322,C
led flood light 50w,LED Flood Light 50W,2,2,21350.0,8.897009638780779e-07,0.9990277450892859,C
teflon tap,Teflon Tap,10,10,21318.88,8.884041257518069e-07,0.9990286334934116,C
rubber hose pipe 2,"Rubber Hose Pipe 2""",1,1,21300.0,8.876173550633752e-07,0.9990295211107667,C
cat litter,Cat Litter,3,3,21288.0,8.871172889478465e-07,0.9990304082280557,C
bearing 6202 2z s k f,Bearing 6202 - 2Z - S.K.F.,4,4,21285.0,8.869922724189644e-07,0.9990312952203281,C
bucket fastner fang type 10mm x 50mm,Bucket Fastner(Fang type)10mm x 50mm,1,1,21250.0,8.855337462486724e-07,0.9990321807540743,C
melatheon,Melatheon,2,2,21230.0,8.847003027227913e-07,0.999033065454377,C
filter fuel 3954904,"Filter, Fuel (3954904)",2,2,21179.44,8.825933574893638e-07,0.9990339480477345,C
dispovan syringe 50ml dairy,Dispovan Syringe 50Ml (Dairy),3,3,21120.0,8.801163633304452e-07,0.9990348281640978,C
ele wire 70 sqmm,Ele. Wire 70 Sqmm,1,1,21055.0,8.774076718713316e-07,0.9990357055717697,C
erw pipe 50 8 od x3 25 thk x6mtr length,ERW PIPE 50.8(OD)X3.25(THK)X6MTR(LENGTH),1,1,21040.0,8.767825892269208e-07,0.9990365823543589,C
alluminium sheet 24 gauge,Alluminium Sheet 24 Gauge,1,1,21000.0,8.751157021751586e-07,0.999037457470061,C
tillar with spring,TILLAR WITH SPRING,1,1,21000.0,8.751157021751586e-07,0.9990383325857631,C
washer with rubber,Washer with Rubber,1,1,21000.0,8.751157021751586e-07,0.9990392077014653,C
repair main work from karan v 4155,Repair & Main Work From Karan V 4155,6,3,20994.86,8.749015071890072e-07,0.9990400826029725,C
milling machine model 80b,Milling machine - Model:80B,1,1,20934.33,8.723790903579281e-07,0.9990409549820629,C
dust bin,Dust Bin,6,6,20894.6,8.707234547937651e-07,0.9990418257055177,C
remp work soil providing laying,Remp work soil providing & Laying,1,1,20847.6,8.687648625079445e-07,0.9990426944703802,C
other charges,Other Charges,1,1,20842.0,8.685314983206979e-07,0.9990435630018785,C
compact indicator white,Compact Indicator White,1,1,20800.0,8.667812669163476e-07,0.9990444297831453,C
coolent water,Coolent Water,1,1,20797.25,8.666666684315389e-07,0.9990452964498138,C
mccb dh 250 a,Mccb Dh - 250 A,1,1,20770.0,8.655311016275259e-07,0.9990461619809154,C
rear main leaf spring 709 truck,Rear Main Leaf Spring 709 Truck,2,2,20736.0,8.64114247633528e-07,0.999047026095163,C
hf fuse 63 amp,Hf Fuse 63 Amp,2,2,20720.0,8.634474928128232e-07,0.9990478895426559,C
motorized hd screen of 16 10 ratio,Motorized HD Screen of 16:10 ratio,1,1,20700.0,8.626140492869421e-07,0.9990487521567052,C
hm plastic polythene 11x15,HM plastic Polythene 11X15,1,1,20700.0,8.626140492869421e-07,0.9990496147707545,C
battery 180 ah exide,Battery 180 AH (Exide),2,2,20690.0,8.621973275240015e-07,0.999050476968082,C
corugatted box nv34,Corugatted Box NV34,2,2,20670.0,8.613638839981204e-07,0.999051338331966,C
pouch asolute trainer calcium 20 gm,Pouch Asolute Trainer Calcium 20 gm,1,1,20664.59,8.611384375243696e-07,0.9990521994704036,C
side broom for karchar sweeper m c,SIDE BROOM FOR KARCHAR SWEEPER M/C,1,1,20610.0,8.588635534204771e-07,0.999053058333957,C
cs steam valve 1 2,"CS Steam Valve 1/2""",1,1,20580.0,8.576133881316554e-07,0.999053915947345,C
tyre 700 x r 15 front radial,Tyre 700 x R 15 Front (Radial),1,1,20571.2,8.572466729802678e-07,0.999054773194018,C
panel box 500 w x 400 h x 250 d,Panel Box - 500(W) X 400(H) X 250(D),1,1,20510.0,8.546963357910716e-07,0.9990556278903538,C
maxclean 05 7860,Maxclean 05 (7860),1,1,20500.0,8.54279614028131e-07,0.9990564821699679,C
nytrogen gas cylinder,Nytrogen Gas Cylinder,2,2,20500.0,8.54279614028131e-07,0.999057336449582,C
pressur gauge 0 14 4,"Pressur Gauge 0 - 14- 4""",2,2,20460.0,8.526127269763688e-07,0.9990581890623089,C
oxygen regulator ador,OXYGEN REGULATOR (ADOR),2,2,20360.0,8.484455093469633e-07,0.9990590375078182,C
v belt b 132,V Belt - B 132,1,1,20360.0,8.484455093469633e-07,0.9990598859533275,C
ge bbl female side support 1 f x 3 5w 1,Ge Bbl Female Side Support(1 F X 3.5W& 1,1,1,20290.3,8.455409586592677e-07,0.9990607314942862,C
king pin unit set std 909,King Pin Unit Set STD 909,3,3,20258.0,8.441949473649697e-07,0.9990615756892336,C
dhoti kapada,Dhoti Kapada,1,1,20250.0,8.438615699546173e-07,0.9990624195508035,C
252709120259 fuel w separator 709 bs iii,252709120259 Fuel W/Separator 709 Bs III,1,1,20148.3,8.396235096255118e-07,0.9990632591743132,C
road cutting filling dressing,"Road cutting , filling & dressing",1,1,20100.0,8.376107435105089e-07,0.9990640967850567,C
pvc female 1,"Pvc Female 1""",6,6,20079.9,8.367731327669985e-07,0.9990649335581895,C
ctr 25a 1no 1nc s0 3rt2026 1al20,CTR 25A; 1NO+1NC; S0 - 3RT2026-1AL20,1,1,20050.0,8.355271346958062e-07,0.9990657690853242,C
2126716k01 air filter element tractor,2126716K01 Air Filter Element Tractor,1,1,20050.0,8.355271346958062e-07,0.9990666046124589,C
concrit dreel bit 6mm,Concrit Dreel Bit 6Mm,3,3,20020.0,8.342769694069845e-07,0.9990674388894283,C
star washer,Star Washer,1,1,20000.0,8.334435258811034e-07,0.9990682723329541,C
brewers yeast,Brewers Yeast,1,1,20000.0,8.334435258811034e-07,0.99906910577648,C
absolute label 300ml vitamin,Absolute Label 300ml Vitamin,1,1,20000.0,8.334435258811034e-07,0.9990699392200059,C
lot work for central india 40 hours,LOT work for central india (40 Hours),1,1,20000.0,8.334435258811034e-07,0.9990707726635317,C
stiching machine armature,Stiching Machine Armature,2,2,20000.0,8.334435258811034e-07,0.9990716061070576,C
ms perforated sheet 3 mm,MS Perforated Sheet 3 mm,1,1,20000.0,8.334435258811034e-07,0.9990724395505834,C
black saddle 1 2,"Black Saddle 1/2""",1,1,20000.0,8.334435258811034e-07,0.9990732729941093,C
absolute labels 300 ml salmon,Absolute Labels 300 ml Salmon,1,1,20000.0,8.334435258811034e-07,0.9990741064376352,C
stamping charges,Stamping Charges,7,7,20000.0,8.334435258811034e-07,0.999074939881161,C
lift work for central india 40 hours,Lift work for central india (40 Hours),1,1,20000.0,8.334435258811034e-07,0.9990757733246869,C
hf fuse 2 amp,Hf Fuse 2 Amp,2,2,20000.0,8.334435258811034e-07,0.9990766067682127,C
labour charges of conveyor belt jointing,Labour Charges of Conveyor Belt Jointing,3,2,19950.0,8.313599170664007e-07,0.9990774381281298,C
gi pipe 2,"Gi Pipe 2""",7,6,19920.0,8.30109751777579e-07,0.9990782682378816,C
tube 10 00 20 w flp,Tube 10.00-20 W/FLP,3,3,19821.8,8.260175440655028e-07,0.9990790942554256,C
lemon,Lemon,42,42,19813.0,8.256508289141151e-07,0.9990799199062546,C
38mm screw cap,38mm Screw cap,1,1,19800.0,8.251090906222924e-07,0.9990807450153452,C
a c compressure,A C Compressure,1,1,19800.0,8.251090906222924e-07,0.9990815701244358,C
dap,DAP,2,2,19800.0,8.251090906222924e-07,0.9990823952335264,C
compressor for chilling unit,Compressor for Chilling Unit,1,1,19800.0,8.251090906222924e-07,0.999083220342617,C
nylon cord in feet,Nylon Cord In Feet,1,1,19800.0,8.251090906222924e-07,0.9990840454517076,C
spunj sheet 1,"Spunj Sheet 1""",2,2,19795.0,8.249007297408221e-07,0.9990848703524373,C
chorulan 1500 iu,Chorulan 1500 Iu,2,2,19716.0,8.216086278135917e-07,0.9990856919610651,C
process indicator,Process Indicator,1,1,19710.0,8.213585947558274e-07,0.9990865133196599,C
lenovo ip320 bdin poc 4gb 1tb win10,Lenovo IP320-BDIN (POC/4GB/1TB/WIN10),1,1,19661.02,8.193174915609447e-07,0.9990873326371514,C
nylon rope 8mm,Nylon Rope 8Mm,2,2,19616.489999999998,8.174618295505703e-07,0.999088150098981,C
bearing 6206 zz c3,Bearing 6206 Zz/C3,4,4,19516.0,8.132741925547807e-07,0.9990889633731735,C
te97 3d unit w o supply cable 53560174,TE97 3D Unit (W/O Supply Cable) 53560174,1,1,19500.0,8.126074377340759e-07,0.9990897759806113,C
uhmw sheet 50mmx10mmx3mtr,UHMW Sheet - 50mmX10mmX3mtr.,1,1,19500.0,8.126074377340759e-07,0.9990905885880491,C
tr charges,TR Charges,3,1,19500.0,8.126074377340759e-07,0.9990914011954869,C
continous band sealer m c,Continous Band Sealer M/c,1,1,19500.0,8.126074377340759e-07,0.9990922138029247,C
pp bag plain white,PP Bag Plain White,1,1,19500.0,8.126074377340759e-07,0.9990930264103625,C
marshall stanmore eu brown,Marshall Stanmore EU Brown,1,1,19491.52,8.122540576791022e-07,0.9990938386644201,C
civil work weight bridge rework,Civil Work Weight Bridge Rework,1,1,19489.83,8.121836317011654e-07,0.9990946508480518,C
absolute carton 150ml x 6 pcs x 8pkt,Absolute carton 150ml x 6 pcs x 8pkt,1,1,19428.0,8.096070410409039e-07,0.9990954604550929,C
relay 14 pin 230 vac,"RELAY 14 PIN , 230 VAC",2,1,19425.0,8.094820245120217e-07,0.9990962699371174,C
ac exial fan 4,"Ac Exial Fan - 4""",5,5,19400.0,8.084402201046704e-07,0.9990970783773375,C
square pipe 32x32x2 5mm 6 mtr lenght,Square Pipe -32x32x2.5mm 6 Mtr Lenght,1,1,19350.0,8.063566112899676e-07,0.9990978847339488,C
pp bag pre starter intgration p 50 kg,PP Bag Pre-Starter (Intgration-P) 50 KG,1,1,19328.5,8.054606594996454e-07,0.9990986901946083,C
melonex plain,Melonex Plain,1,1,19285.2,8.036562542661128e-07,0.9990994938508625,C
ripit gun,Ripit Gun,5,5,19270.0,8.030228371864432e-07,0.9991002968736997,C
paint brush 4,"Paint Brush 4""",9,9,19264.54,8.027953071038777e-07,0.9991010996690068,C
civil work plinth beam,Civil work plinth beam,1,1,19250.0,8.02189393660562e-07,0.9991019018584005,C
led street light strada 40w,LED Street Light Strada 40W,2,2,19250.0,8.02189393660562e-07,0.9991027040477942,C
plier,PLIER,3,2,19245.0,8.019810327790918e-07,0.999103506028827,C
tyre 700x15 rear,Tyre 700X15 Rear,1,1,19236.08,8.016093169665489e-07,0.999104307638144,C
repair main work from satti cj 8618,Repair & Main Work From Satti CJ 8618,3,1,19202.05,8.001912128072621e-07,0.9991051078293568,C
compressure pipe 1 2,"Compressure Pipe 1/2""",2,2,19200.0,8.001057848458593e-07,0.9991059079351416,C
mccb switch 200 a,Mccb  Switch 200 A,1,1,19200.0,8.001057848458593e-07,0.9991067080409265,C
sheet fitting work shed no 1,Sheet Fitting work Shed No. 1,1,1,19200.0,8.001057848458593e-07,0.9991075081467113,C
gi earthing strip 35x5,Gi Earthing Strip 35X5,1,1,19200.0,8.001057848458593e-07,0.9991083082524962,C
bearing 6311 zz c3,BEARING-6311 ZZ C3,1,1,19180.0,7.992723413199782e-07,0.9991091075248375,C
civil work brick work near client office,Civil work Brick work near client office,1,1,19164.4,7.98622255369791e-07,0.9991099061470928,C
labour charges of car rep work aa 4482,Labour Charges Of Car Rep. Work AA 4482,2,2,19164.0,7.986055864992733e-07,0.9991107047526794,C
mini temperature data logger,Mini Temperature Data Logger,2,2,19144.0,7.977721429733922e-07,0.9991115025248224,C
p4313116 crown pinion set 8 41t al 1012,P4313116 Crown Pinion Set 8/41T AL 1012,1,1,19140.62,7.976312910175182e-07,0.9991123001561134,C
ms channel 75x40mm chassis rafter,MS Channel 75x40mm (Chassis Rafter),1,1,19125.0,7.969803716238051e-07,0.999113097136485,C
chin jhadu,Chin Jhadu,4,4,19100.0,7.959385672164538e-07,0.9991138930750522,C
line marking spray,Line Marking Spray,1,1,19068.0,7.94605057575044e-07,0.9991146876801097,C
godrej ref 221 ct,"GODREJ REF 221, CT",1,1,19067.8,7.945967231397852e-07,0.9991154822768328,C
insulated ice box,Insulated Ice Box,3,2,19041.31,7.934928271897557e-07,0.99911627576966,C
refilling for dcp type 5 kg,Refilling for DCP Type 5 Kg,3,3,19040.0,7.934382366388104e-07,0.9991170692078967,C
mother board,Mother Board,3,3,19000.0,7.917713495870483e-07,0.9991178609792463,C
discharge worm 14 expander,"Discharge worm - 14"" (expander)",1,1,19000.0,7.917713495870483e-07,0.9991186527505959,C
cement pipe,Cement Pipe,2,2,19000.0,7.917713495870483e-07,0.9991194445219455,C
oval star chamber bottle m c,oval star (Chamber Bottle m/c),1,1,19000.0,7.917713495870483e-07,0.999120236293295,C
ultrasonic bath sonicator,ULTRASONIC BATH(SONICATOR),1,1,19000.0,7.917713495870483e-07,0.9991210280646446,C
ink black v410 d,Ink Black (V410-D),1,1,18948.0,7.896043964197574e-07,0.9991218176690411,C
bisleri water 250ml,Bisleri Water 250ml,6,6,18947.5,7.895835603316103e-07,0.9991226072526014,C
stiching machine needle plate t210,Stiching Machine Needle Plate T210,1,1,18900.0,7.876041319576428e-07,0.9991233948567333,C
element kit ir gp123,Element Kit (IR GP123),1,1,18900.0,7.876041319576428e-07,0.9991241824608652,C
element kit ir he123,Element Kit (IR HE123),1,1,18900.0,7.876041319576428e-07,0.9991249700649971,C
new subscription before 15th oct 2018,New Subscription Before 15th Oct. 2018,1,1,18900.0,7.876041319576428e-07,0.999125757669129,C
pneumatic actulater 40mm,Pneumatic Actulater - 40mm,1,1,18865.0,7.861456057873508e-07,0.9991265438147349,C
hot case tiffin,HOT CASE (TIFFIN),2,2,18819.9,7.84266190636489e-07,0.9991273280809255,C
tie rod repair kit 1109 kf 3738,Tie Rod Repair Kit 1109  KF 3738,1,1,18800.0,7.834369143282372e-07,0.9991281115178399,C
finpipette 30ul 300ul,Finpipette 30ul - 300ul,1,1,18792.0,7.831035369178848e-07,0.9991288946213768,C
kitchen king masalaa,Kitchen King Masalaa,12,12,18787.190000000002,7.829030937499105e-07,0.9991296775244706,C
pressure plate assy 280 dai 709 909 bs2,Pressure Plate Assy 280 Dai 709/909 BS2,2,2,18781.72,7.826751469455819e-07,0.9991304601996175,C
steel thali,Steel Thali,2,2,18712.08,7.79773096588464e-07,0.999131239972714,C
thermameter wet dry zeal,Thermameter Wet & Dry Zeal,1,1,18700.0,7.792696966988317e-07,0.9991320192424107,C
e006505460c91 assy clutch cover m loder,E006505460C91 Assy Clutch Cover M-Loder,1,1,18699.0,7.792280245225377e-07,0.9991327984704352,C
dell monitor 18 5 led,"Dell Monitor 18.5"" LED",1,1,18644.05,7.769381384351793e-07,0.9991335754085736,C
satonil cold disinfectant,Satonil (Cold Disinfectant),1,1,18627.0,7.762276278293657e-07,0.9991343516362015,C
methenol,Methenol,2,2,18550.0,7.730188702547235e-07,0.9991351246550717,C
ele shielded wire 0 25 sqmm x 3 core,Ele. Shielded Wire 0.25 Sqmm X 3 Core,1,1,18518.5,7.717061967014607e-07,0.9991358963612684,C
battery n 150 ah,Battery - N-150 AH,1,1,18515.62,7.715861808337338e-07,0.9991366679474493,C
corugatted box nc19,Corugatted Box NC19,2,2,18510.0,7.713519832029612e-07,0.9991374392994324,C
neno 800 coating equivaler 5 16,"Neno 800 Coating Equivaler 5/16""",2,2,18500.0,7.709352614400207e-07,0.9991382102346938,C
battery 150 ah ax1013421 cummins,Battery 150 AH (AX1013421) Cummins,1,1,18500.0,7.709352614400207e-07,0.9991389811699553,C
mercury,Mercury,1,1,18500.0,7.709352614400207e-07,0.9991397521052167,C
ss flange sorf 50 nb,SS Flange SORF 50 NB,2,2,18490.0,7.705185396770801e-07,0.9991405226237563,C
acp sheet,ACP Sheet,3,3,18446.65,7.687120508347329e-07,0.9991412913358071,C
gi pipe 1,"Gi Pipe 1""",3,3,18403.98,7.669338990722655e-07,0.9991420582697061,C
maggar 1000v,Maggar 1000V,2,2,18400.0,7.667680438106152e-07,0.99914282503775,C
ht nut 8 mm,Ht Nut 8 Mm,3,2,18398.0,7.66684699458027e-07,0.9991435917224495,C
connecting rod auger ss 304 2hwp 44,Connecting Rod Auger SS-304 - 2HWP-44,1,1,18360.0,7.65101156758853e-07,0.9991443568236063,C
civil work weight bridge,Civil work weight bridge,1,1,18355.93,7.649315510013362e-07,0.9991451217551572,C
valve chamber 300,Valve Chamber 300,1,1,18343.2,7.644010641971129e-07,0.9991458861562215,C
compact indicator red,Compact Indicator Red,2,2,18300.0,7.626008261812096e-07,0.9991466487570476,C
power supply,Power Supply,2,2,18288.0,7.62100760065681e-07,0.9991474108578077,C
v belt spb 1500,V Belt - SPB 1500,1,1,18272.0,7.614340052449761e-07,0.999148172291813,C
contactor coil volt 220v lc1d12m7,Contactor (Coil Volt 220V) - LC1D12M7,4,4,18265.0,7.611423000109178e-07,0.9991489334341129,C
head caps code 924,Head Caps Code - 924,5,5,18261.0,7.609756113057415e-07,0.9991496944097242,C
pouch asolute trainer skin coat 20 gm,Pouch Asolute Trainer Skin&Coat 20 gm,1,1,18256.52,7.607889199559441e-07,0.9991504551986442,C
wash solution 1 ltr wl 200,Wash Solution 1 Ltr (WL 200),2,2,18240.0,7.601004956035664e-07,0.9991512152991399,C
absolute calcium bone outer box,Absolute Calcium Bone Outer Box,2,2,18216.0,7.59100363372509e-07,0.9991519743995032,C
copper wire 19 swg,Copper Wire 19 Swg,2,2,18213.58,7.589995167058774e-07,0.9991527333990199,C
ld white opeque pouch id 280x385 mm,LD White Opeque Pouch (ID 280x385 mm),1,1,18207.7,7.587544843092684e-07,0.9991534921535042,C
eng oil filter change jaika auto z8439,Eng.Oil & Filter Change Jaika Auto.Z8439,2,1,18175.23,7.574013887450004e-07,0.999154249554893,C
tyre 215 55 r 15 bridgestone tl,TYRE 215/55 R-15 BRIDGESTONE TL,1,1,18125.0,7.5530819532975e-07,0.9991550048630883,C
bearing 22220 e c3,Bearing 22220 E/C3,1,1,18109.0,7.546414405090451e-07,0.9991557595045288,C
bearing 22220 ek,Bearing 22220 EK,1,1,18109.0,7.546414405090451e-07,0.9991565141459694,C
copper lugz ring 120 mm,Copper Lugz Ring 120 Mm,3,2,18094.0,7.540163578646343e-07,0.9991572681623273,C
265154400201 head light indicator lh,265154400201 Head Light & Indicator LH,2,2,18071.16,7.53064565358078e-07,0.9991580212268927,C
i v set,I/V Set,4,4,18060.0,7.525995038706364e-07,0.9991587738263965,C
king pin unit set std 407,King Pin Unit Set Std 407,3,3,18045.0,7.519744212262256e-07,0.9991595258008177,C
ropp aluminium cap,Ropp Aluminium Cap,3,3,18025.0,7.511409777003445e-07,0.9991602769417954,C
broiler chick growing agreement,Broiler Chick Growing Agreement,1,1,18000.0,7.500991732929931e-07,0.9991610270409688,C
homerun cable asm 8 core shielded 20awg,Homerun Cable ASM (8 Core Shielded-20AWG,1,1,18000.0,7.500991732929931e-07,0.9991617771401421,C
septick brush plastick,Septick Brush Plastick,1,1,18000.0,7.500991732929931e-07,0.9991625272393154,C
carring roller bc600,Carring Roller - BC600,1,1,18000.0,7.500991732929931e-07,0.9991632773384888,C
bearing tx 55 clutch rel brg,Bearing TX-55 ( Clutch Rel Brg ),2,1,17992.0,7.497657958826406e-07,0.9991640271042846,C
garlic,Garlic,13,13,17942.75,7.477134412001584e-07,0.9991647748177258,C
tyre 195 55 r 16 t l ciaz,Tyre 195/55 R 16 T.L.CIAZ,1,1,17803.48,7.419097572076854e-07,0.999165516727483,C
msp 3 96 ddu mjr kit,MSP 3 / 96 DDU Mjr Kit,2,2,17801.52,7.41828079742149e-07,0.9991662585555627,C
acrylic sheet,Acrylic Sheet,1,1,17796.0,7.415980493290058e-07,0.999167000153612,C
mcb box 6 way,Mcb Box 6 Way,2,2,17720.0,7.384309639306576e-07,0.999167738584576,C
civil work sewerage toilet block,Civil work sewerage & toilet block,1,1,17705.08,7.378092150603504e-07,0.999168476393791,C
switch 6 amp,Switch - 6 Amp,14,14,17664.48,7.361173247028117e-07,0.9991692125111157,C
controller kit 3tf50 110 a,Controller Kit 3TF50 110 A,1,1,17650.0,7.355139115900738e-07,0.9991699480250272,C
corn starch food grade,Corn Starch (food Grade),1,1,17640.0,7.350971898271332e-07,0.999170683122217,C
colin 500ml,Colin 500ml,4,4,17638.0,7.350138454745451e-07,0.9991714181360625,C
ms perforated sheet 16 mm,MS Perforated Sheet 16 mm,1,1,17600.0,7.334303027753711e-07,0.9991721515663653,C
degi mirch powder,Degi Mirch Powder,7,7,17588.2,7.329385710951012e-07,0.9991728845049364,C
isolation transfarmer in 0 430vac out 0,"Isolation Transfarmer,IN:0-430Vac,Out:0-",3,3,17580.0,7.3259685924949e-07,0.9991736171017956,C
starter mk1 9 14 a,Starter Mk1 9-14 A,1,1,17550.0,7.313466939606683e-07,0.9991743484484896,C
compressor car washer gun,Compressor Car Washer Gun,1,1,17542.2,7.310216509855747e-07,0.9991750794701406,C
ht bolt 22x100 mm,HT Bolt 22X100 mm,1,1,17528.0,7.30429906082199e-07,0.9991758099000467,C
single worm 14 expander,"Single worm 14"" (expander)",1,1,17500.0,7.292630851459656e-07,0.9991765391631319,C
bridge chamber bottle m c,Bridge (Chamber Bottle m/c),1,1,17500.0,7.292630851459656e-07,0.999177268426217,C
belamyl 30ml inj,Belamyl 30ML INJ.,2,2,17490.0,7.28846363383025e-07,0.9991779972725804,C
35g x 35 pouch x 10 outer box,35g x 35 Pouch x 10 Outer Box,2,2,17456.0,7.274295093890271e-07,0.9991787247020898,C
m 304881 assy d d unit 909 1109,M 304881 Assy D D Unit 909/1109,1,1,17454.0,7.27346165036439e-07,0.9991794520482549,C
turbo charger for veh cg08 aa 4482,Turbo Charger For Veh. CG08 AA 4482,1,1,17452.54,7.272853236590497e-07,0.9991801793335785,C
ms pipe 2 ibr,"MS Pipe 2""-IBR",1,1,17430.0,7.263460328053816e-07,0.9991809056796113,C
nitrile hand gloves,Nitrile Hand Gloves,4,4,17400.0,7.2509586751656e-07,0.9991816307754788,C
gas cutting tourch,Gas Cutting Tourch,2,2,17400.0,7.2509586751656e-07,0.9991823558713464,C
spray paint,Spray Paint,2,2,17389.92,7.246758119795158e-07,0.9991830805471584,C
ceflox power inj 50m,Ceflox Power INJ 50m,1,1,17356.5,7.232831278477686e-07,0.9991838038302863,C
acetonitrial,Acetonitrial,2,2,17348.0,7.229289143492691e-07,0.9991845267592007,C
upvc solvent,Upvc Solvent,5,5,17271.5,7.197409928627739e-07,0.9991852465001936,C
ac exial fan 18,"AC Exial Fan - 18""",1,1,17250.0,7.188450410724517e-07,0.9991859653452346,C
hm plastic polythene 13x19,HM plastic Polythene 13X19,1,1,17250.0,7.188450410724517e-07,0.9991866841902757,C
mono acid calcium phosphate,Mono Acid Calcium Phosphate,1,1,17250.0,7.188450410724517e-07,0.9991874030353167,C
hm plastic polythene 09x13,HM plastic Polythene 09X13,1,1,17250.0,7.188450410724517e-07,0.9991881218803578,C
frl 1 4,"FRL 1/4""",1,1,17200.0,7.16761432257749e-07,0.99918883864179,C
limit switch 3 se 3100 1e 10 amp,"LIMIT SWITCH 3-SE-3100-1E, 10 AMP",2,2,17200.0,7.16761432257749e-07,0.9991895554032222,C
laptop battery,Laptop battery,3,3,17161.52,7.151578869139537e-07,0.9991902705611091,C
ms perforated sheet 1 5 mm,MS Perforated Sheet 1.5 mm,1,1,17160.0,7.150945452059867e-07,0.9991909856556543,C
500ml container with lid,500ml Container with Lid,1,1,17145.0,7.144694625615759e-07,0.9991917001251169,C
amc for dell power edge r910 3p3h8bs,AMC for Dell Power Edge R910-3P3H8BS,1,1,17131.0,7.138860520934591e-07,0.999192414011169,C
amc for dell power edge r910 j29c8bs,AMC for Dell Power Edge R910-J29C8BS,1,1,17131.0,7.138860520934591e-07,0.999193127897221,C
amc for dell power edge m910 7drk82s,AMC for Dell Power Edge M910-7DRK82S,1,1,17131.0,7.138860520934591e-07,0.9991938417832731,C
amc for dell power edge m910 b7tk92s,AMC for Dell Power Edge M910-B7TK92S,1,1,17131.0,7.138860520934591e-07,0.9991945556693251,C
mpcb 3rv20 11 4aa10 7 5 kw,"MPCB 3RV20 11-4AA10 , 7.5 KW",1,1,17115.0,7.132192972727543e-07,0.9991952688886224,C
box file,Box File,6,6,17097.379999999997,7.124850335264529e-07,0.999195981373656,C
ss pipe 4,Ss Pipe  4'',1,1,17028.0,7.095938179351715e-07,0.9991966909674739,C
26242661 assy self armature,26242661 Assy Self Armature,1,1,17025.7,7.094979719296952e-07,0.9991974004654458,C
teflon washer 50 mm x 80 mm,Teflon washer- 50 mm X 80 mm,1,1,17000.0,7.084269969989379e-07,0.9991981088924428,C
dozer pinion youck,Dozer Pinion Youck,1,1,17000.0,7.084269969989379e-07,0.9991988173194397,C
automatic tape dispense m 1000,AUTOMATIC TAPE DISPENSE M 1000,1,1,17000.0,7.084269969989379e-07,0.9991995257464367,C
design charges,Design Charges,1,1,16995.0,7.082186361174677e-07,0.9992002339650727,C
paint black,Paint Black,10,9,16987.68,7.079135957869952e-07,0.9992009418786685,C
simplex chain 1,Simplex Chain - 1'',2,2,16982.4,7.076935666961626e-07,0.9992016495722352,C
power steering pump tc,Power Steering Pump TC,3,3,16953.13,7.064738220960356e-07,0.9992023560460573,C
switch foundation,Switch Foundation,1,1,16949.15,7.063079668343853e-07,0.9992030623540241,C
beoplay e8 charcoal sand 29479641,BEOPLAY E8 Charcoal Sand (29479641),1,1,16949.15,7.063079668343853e-07,0.9992037686619909,C
disposal spoon 50 pcs,Disposal Spoon (50 Pcs),1,1,16934.4,7.056933022340479e-07,0.9992044743552931,C
brochure,Brochure,1,1,16923.81,7.052519938870939e-07,0.999205179607287,C
bearing 22217 ckw33,Bearing 22217 CKW33,1,1,16910.0,7.04676501132473e-07,0.9992058842837882,C
line head kit,Line Head Kit,1,1,16900.0,7.042597793695324e-07,0.9992065885435676,C
revolving stool,Revolving Stool,1,1,16900.0,7.042597793695324e-07,0.999207292803347,C
ms pipe 2 5 ibr,"Ms Pipe - 2.5"" Ibr",1,1,16875.0,7.03217974962181e-07,0.9992079960213219,C
m 304941 assy d d unit,M 304941 Assy D D Unit,1,1,16860.0,7.025928923177702e-07,0.9992086986142142,C
tyre 185 r 14 lt slm r r8 tl dost,Tyre 185 R 14 LT SLM-R R8 TL DOST,1,1,16834.98,7.015502544668929e-07,0.9992094001644687,C
rail mounted terminal block,Rail Mounted Terminal Block,3,3,16830.0,7.013427270289486e-07,0.9992101015071957,C
civil work silo hopper fdn,Civil Work Silo Hopper FDN,1,1,16807.62,7.004101037234876e-07,0.9992108019172994,C
civil work silo hopper pipe fdn,Civil work Silo Hopper Pipe FDN,1,1,16807.62,7.004101037234876e-07,0.9992115023274031,C
led street light 45w,LED Street Light - 45W,1,1,16800.0,7.000925617401269e-07,0.9992122024199648,C
drill bit,Drill Bit,3,3,16767.0,6.98717379922423e-07,0.9992129011373447,C
gi sheet 6 pic net wt 240kg,"GI Sheet 6 PIc, Net Wt - 240KG",2,2,16720.0,6.967587876366025e-07,0.9992135978961324,C
sheet bending charge of veh cg08 8502,Sheet Bending Charge Of Veh. CG08 8502,2,2,16720.0,6.967587876366025e-07,0.9992142946549201,C
mix vegetable,Mix Vegetable,4,4,16713.0,6.964670824025441e-07,0.9992149911220025,C
bidirectional valve 4we 6 e62 eg24nk4,Bidirectional valve(4we-6-E62/EG24NK4,1,1,16710.0,6.963420658736619e-07,0.9992156874640684,C
ele wire 95 sqmm copper,Ele. Wire 95 Sqmm Copper,1,1,16689.0,6.954669501714868e-07,0.9992163829310186,C
add on block 3no 1nc 3rh29111ha31,Add On Block 3NO + 1NC - 3RH29111HA31,2,2,16675.0,6.9488353970337e-07,0.9992170778145583,C
led street light 24w,LED Street Light - 24W,2,2,16620.0,6.92591570007197e-07,0.9992177704061282,C
egg chain conv idler nylon sprocket x562,Egg Chain Conv Idler Nylon Sprocket-X562,1,1,16608.0,6.920915038916683e-07,0.9992184624976321,C
265146600102 assy u j cross strg,265146600102_Assy U J Cross Strg,1,1,16600.0,6.917581264813158e-07,0.9992191542557586,C
cr sheet 18 gauge,Cr Sheet 18 Gauge,1,1,16596.61,6.916168578036791e-07,0.9992198458726164,C
sludge soil removing shifting to,Sludge soil removing & Shifting to,1,1,16525.6,6.886577165650381e-07,0.9992205345303329,C
ele wire 35 sqmm,Ele. Wire 35 Sqmm,1,1,16510.0,6.880076306148509e-07,0.9992212225379635,C
non sparking hammer,Non sparking hammer,1,1,16504.0,6.877575975570866e-07,0.9992219102955611,C
electric board 7 x4 pvc,"Electric Board 7""X4'' Pvc",2,2,16500.0,6.875909088519103e-07,0.9992225978864699,C
battery 100 ah ax1013419 cummins,Battery 100 AH (AX1013419) Cummins,1,1,16500.0,6.875909088519103e-07,0.9992232854773788,C
monoblock pump 1 hp,Monoblock Pump - 1 Hp,2,2,16494.0,6.87340875794146e-07,0.9992239728182546,C
1000 ml ovel cary tray,1000 Ml Ovel Cary Tray,1,1,16460.0,6.859240218001482e-07,0.9992246587422764,C
dura cell size aa,Dura cell (size-AA),4,4,16416.4,6.841071149137274e-07,0.9992253428493914,C
tyre 205 65r16 tubeless,Tyre 205/65R16 Tubeless,1,1,16387.4,6.828986218011998e-07,0.9992260257480131,C
12mm toughened glass door,12MM toughened glass door,1,1,16340.0,6.809233606448615e-07,0.9992267066713738,C
repair main work from kamal l 1029,Repair & Main Work From Kamal L 1029,2,1,16295.0,6.79048112711629e-07,0.9992273857194865,C
marshall kilburn black,Marshall Kilburn - Black,1,1,16271.86,6.780838185521847e-07,0.9992280638033051,C
moulding with polish,Moulding With Polish,1,1,16250.0,6.771728647783966e-07,0.9992287409761699,C
alkalinity test kit,Alkalinity Test Kit,1,1,16250.0,6.771728647783966e-07,0.9992294181490347,C
crimping tool,Crimping Tool,2,2,16220.0,6.759226994895749e-07,0.9992300940717341,C
upvc ballvalve 2,"Upvc Ballvalve 2""",1,1,16170.4,6.738557595453897e-07,0.9992307679274937,C
hour meter,Hour Meter,1,1,16160.0,6.734223689119316e-07,0.9992314413498625,C
253409140132 air filter primary 407 bsii,253409140132 Air Filter Primary 407 BSII,3,3,16103.14,6.710528889678516e-07,0.9992321124027514,C
extended warranty 05 years,Extended Warranty (05 Years),1,1,16083.0,6.702136113372894e-07,0.9992327826163628,C
civil work foot dip wall,Civil work Foot Dip  & Wall,1,1,16063.4,6.693968366819259e-07,0.9992334520131995,C
civil work foot dip wall,Civil Work Foot Dip & Wall,1,1,16062.71,6.69368082880283e-07,0.9992341213812823,C
brick masonary work 230 th in 1 6,Brick Masonary Work 230 th. in 1:6,1,1,16062.2,6.69346830070373e-07,0.9992347907281124,C
led down light,LED Down Light,1,1,16050.0,6.688384295195855e-07,0.9992354595665419,C
reverted back the lot approval process,Reverted back the LOT Approval process,1,1,16000.0,6.667548207048827e-07,0.9992361263213626,C
non matalic packing sheet 3 mm,Non Matalic Packing Sheet - 3 Mm,1,1,16000.0,6.667548207048827e-07,0.9992367930761833,C
another entity should be created called,Another entity should be created called,1,1,16000.0,6.667548207048827e-07,0.999237459831004,C
labour charges of shutter fitting rep,Labour Charges of Shutter Fitting & Rep-,2,1,16000.0,6.667548207048827e-07,0.9992381265858247,C
cartridge sealing jaw 24 long,Cartridge Sealing Jaw 24” Long,1,1,16000.0,6.667548207048827e-07,0.9992387933406454,C
219046600102 assy drag link 1109 bs iii,219046600102 Assy Drag Link 1109 Bs-III,1,1,15996.88,6.666248035148452e-07,0.9992394599654488,C
cop rivit 3 4,"Cop Rivit 3/4""",2,2,15946.02,6.645053566285297e-07,0.9992401244708055,C
solonoid valve 1 4 5 2 way 24 vdc,"Solonoid valve -1/4"" 5/2 way 24 VDC",1,1,15940.0,6.642544901272394e-07,0.9992407887252955,C
chair rosa,CHAIR ROSA,2,2,15928.88,6.637910955268495e-07,0.9992414525163911,C
frl1 2 valve,"Frl1/2"" Valve",1,1,15895.0,6.62379242194007e-07,0.9992421148956333,C
wall fan,Wall Fan,3,3,15870.0,6.613374377866556e-07,0.9992427762330711,C
tile cleaner,Tile Cleaner,2,2,15847.1,6.603831449495217e-07,0.9992434366162161,C
repair main work from karan r 3210,Repair & Main Work From Karan R 3210,5,3,15841.89,6.601660329110296e-07,0.999244096782249,C
mawa,Mawa,20,20,15840.15,6.60093523324278e-07,0.9992447568757723,C
connecting rod auger type 2hwp 33,Connecting Rod Auger Type - 2Hwp-33,1,1,15800.0,6.584203854460718e-07,0.9992454152961577,C
mcb switch 25 amp 1 pole,Mcb Switch -25 Amp-1 Pole,3,3,15780.0,6.575869419201906e-07,0.9992460728830996,C
pneumatic vibrator spt 2,Pneumatic Vibrator - SPT-2,1,1,15750.0,6.56336776631369e-07,0.9992467292198762,C
looper connecting rod bkt assy 80079a,Looper Connecting Rod Bkt. Assy (80079A),1,1,15700.0,6.542531678166662e-07,0.9992473834730441,C
needle level connecting rod 800629,Needle Level Connecting Rod - 800629,1,1,15700.0,6.542531678166662e-07,0.999248037726212,C
calculater,Calculater,3,3,15672.8,6.531196846214678e-07,0.9992486908458966,C
cleaner tablet,Cleaner Tablet,2,1,15659.5,6.52565444676757e-07,0.9992493434113413,C
steclin inj 100ml,Steclin Inj 100ML,3,3,15642.0,6.51836181591611e-07,0.9992499952475229,C
relay 0 6 1 a mn2,Relay  - 0.6 -1 A Mn2,2,2,15640.0,6.517528372390229e-07,0.9992506470003601,C
fip injector repair g k diesel l 0742,FIP & Injector Repair G K Diesel L-0742,2,1,15604.92,6.502909772946274e-07,0.9992512972913374,C
debeaking machine,DEBEAKING MACHINE,2,2,15600.0,6.500859501872607e-07,0.9992519473772876,C
gi wire mesh 25 mm,Gi Wire Mesh - 25 mm,1,1,15600.0,6.500859501872607e-07,0.9992525974632378,C
fip injector repair kamal diesel b0691,FIP & Injector Repair Kamal Diesel B0691,2,1,15573.0,6.489608014273212e-07,0.9992532464240392,C
contactor mnx 32,Contactor - Mnx 32,1,1,15570.0,6.48835784898439e-07,0.9992538952598241,C
guide shaft long,Guide Shaft Long,1,1,15568.0,6.487524405458509e-07,0.9992545440122647,C
element oil bypass filter 3889311,"Element, Oil Bypass Filter (3889311)",3,3,15566.48,6.486890988378839e-07,0.9992551927013635,C
ruf pad big,Ruf Pad (Big),3,3,15555.0,6.482107022540282e-07,0.9992558409120658,C
v belt a 85,V Belt A-85,3,3,15552.0,6.48085685725146e-07,0.9992564889977514,C
ge bbl male side support 1 f x 3 5w 2 f,Ge Bbl Male Side Support(1 F X 3.5W& 2 F,1,1,15550.5,6.480231774607049e-07,0.9992571370209289,C
ge bbl male side support 1 f x 3 5w,Ge Bbl Male Side Support(1 F X 3.5W,1,1,15550.5,6.480231774607049e-07,0.9992577850441063,C
shocket 6 amp,Shocket 6 Amp,8,8,15548.720000000001,6.479490009869015e-07,0.9992584329931073,C
ele saddle 1 pvc,"Ele. Saddle - 1"" Pvc",5,5,15525.0,6.469605369652065e-07,0.9992590799536443,C
oil seal 220x250x15,Oil Seal 220X250X15,2,2,15520.0,6.467521760837362e-07,0.9992597267058203,C
corrugated boxnv46,Corrugated BoxNV46,2,2,15502.5,6.460229129985903e-07,0.9992603727287334,C
imported chemical treated pine wood,Imported Chemical Treated Pine Wood,1,1,15502.5,6.460229129985903e-07,0.9992610187516464,C
rto mahindra bolero camper gold vx,RTO - Mahindra Bolero Camper Gold VX,1,1,15500.0,6.459187325578552e-07,0.999261664670379,C
compressor for water cooler,Compressor for Water Cooler,2,2,15500.0,6.459187325578552e-07,0.9992623105891116,C
tyre 900 x 16 jcb,Tyre 900 X 16 JCB,1,1,15489.5,6.454811747067676e-07,0.9992629560702864,C
plasterring in 1 4 cm outer,Plasterring In 1:4 CM Outer,1,1,15412.0,6.422515810439784e-07,0.9992635983218674,C
hand grinder m c,Hand Grinder M/c,2,2,15400.0,6.417515149284497e-07,0.9992642400733823,C
ms strip 90x2,Ms Strip 90X2,1,1,15355.5,6.398971030833642e-07,0.9992648799704854,C
clutch system repair mahadev mot l 1540,Clutch System Repair Mahadev Mot.L-1540,1,1,15347.65,6.395699764994559e-07,0.9992655195404619,C
contactor coil volt 220v lc1d50am7,Contactor (Coil Volt 220V) - LC1D50AM7,1,1,15300.0,6.375842972990442e-07,0.9992661571247592,C
civil work pilling,Civil work pilling,1,1,15300.0,6.375842972990442e-07,0.9992667947090564,C
installation charges,Installation Charges,1,1,15300.0,6.375842972990442e-07,0.9992674322933537,C
polithin 16 x 20,Polithin (16 X 20),1,1,15255.0,6.357090493658116e-07,0.9992680680024031,C
ld bag 20 x27 15 kg jar,"LD Bag 20""x27"" (15 Kg Jar)",1,1,15253.5,6.356465411013705e-07,0.9992687036489442,C
403799529803790 power strg pump jcb,403799529803790 Power Strg.Pump JCB,1,1,15245.76,6.353239984568546e-07,0.9992693389729426,C
hp laserjet m1005 mfp 8443,HP LASERJET M1005 MFP(8443),1,1,15237.0,6.349589501925186e-07,0.9992699739318928,C
tyre appolo,Tyre (Appolo),1,1,15234.0,6.348339336636364e-07,0.9992706087658264,C
maggi hot sweet sauce,Maggi Hot & Sweet Sauce,7,7,15219.96,6.342488563084679e-07,0.9992712430146827,C
assy bell crank 2515,Assy Bell Crank 2515,1,1,15200.0,6.334170796696386e-07,0.9992718764317624,C
mcb 63 amp 4 pole schneider,MCB 63 Amp 4 Pole (Schneider),1,1,15200.0,6.334170796696386e-07,0.9992725098488421,C
stator nitrile pump for 2hwp 44,Stator Nitrile Pump For 2Hwp-44,1,1,15144.0,6.310834377971715e-07,0.9992731409322799,C
v belt c130,V Belt - C130,1,1,15120.0,6.300833055661142e-07,0.9992737710155855,C
wire 9 mm,Wire 9 Mm,1,1,15100.0,6.292498620402331e-07,0.9992744002654474,C
chest freezer htd 200 soft look,Chest Freezer HTD 200 Soft Look,1,1,15084.75,6.286143613517488e-07,0.9992750288798088,C
marshall stanmore cream,Marshall Stanmore Cream,1,1,15042.36,6.268478777986438e-07,0.9992756557276866,C
kota stone fillting charges,Kota stone fillting charges.,1,1,15032.88,6.26452825567376e-07,0.9992762821805122,C
1701aa2081n head light assy rh m bolero,1701AA2081N Head Light Assy RH M-Bolero,2,2,15024.0,6.260827766418849e-07,0.9992769082632889,C
flex printing,Flex Printing,12,3,15021.0,6.259577601130028e-07,0.9992775342210489,C
hard disk 4 tb,Hard Disk 4 TB,1,1,15000.0,6.250826444108276e-07,0.9992781593036933,C
impeller hub od 322mm id 145mm,"IMPELLER HUB (OD=322MM,ID=145MM)",1,1,15000.0,6.250826444108276e-07,0.9992787843863378,C
cav diluent 200ml 1000 dose,CAV Diluent 200ml (1000 dose),1,1,15000.0,6.250826444108276e-07,0.9992794094689822,C
stabliser rheostat for 10kva make blue b,"STABLISER RHEOSTAT FOR 10KVA,MAKE-BLUE B",1,1,15000.0,6.250826444108276e-07,0.9992800345516266,C
sap integration support charges,SAP Integration Support Charges,1,1,15000.0,6.250826444108276e-07,0.999280659634271,C
hydraulic jack 75 ton vehicle,Hydraulic Jack 75 Ton (Vehicle),2,2,15000.0,6.250826444108276e-07,0.9992812847169155,C
egg suction cup,Egg Suction Cup,1,1,15000.0,6.250826444108276e-07,0.9992819097995599,C
tyre 7x50x16 remold,Tyre 7X50X16 Remold,2,2,14940.0,6.225823138331843e-07,0.9992825323818737,C
sticker label for iblyte 500gm 8x12,"Sticker Label for Iblyte 500gm.(8X12"")",1,1,14900.0,6.209154267814221e-07,0.9992831532973004,C
mcb switch 16 amp 4 pole,Mcb Switch - 16 Amp-4 Pole,1,1,14900.0,6.209154267814221e-07,0.9992837742127272,C
m seal,M Seal,7,7,14877.96,6.19996972015901e-07,0.9992843942096992,C
mpcb add on block model 3rv 2901 1d,"MPCB ADD ON BLOCK,MODEL 3RV 2901-1D",2,2,14875.0,6.198736223740707e-07,0.9992850140833215,C
repair main work from karan s 1969,Repair & Main Work From Karan S 1969,2,1,14868.36,6.195969191234781e-07,0.9992856336802406,C
bearing ucf 207,Bearing Ucf 207,1,1,14860.0,6.192485397296598e-07,0.9992862529287804,C
ginger,Ginger,18,18,14850.0,6.188318179667194e-07,0.9992868717605984,C
led bulb 15w thread type,LED Bulb 15W(Thread type),1,1,14800.0,6.167482091520165e-07,0.9992874885088076,C
draght gauge 6 0 1000 mmwc,"Draght Gauge 6"" - 0-1000 MMWC",1,1,14800.0,6.167482091520165e-07,0.9992881052570167,C
190861m07 hyd tapa lift cover massy,190861M07 Hyd.Tapa (Lift Cover) Massy,1,1,14783.0,6.160397821550176e-07,0.9992887212967989,C
bearing no 6005 s k f zz,Bearing No. - 6005 S.K.F. - Zz,2,2,14760.0,6.150813221002543e-07,0.999289336378121,C
fip injector repair kamal diesel b1992,FIP & Injector Repair Kamal Diesel B1992,1,1,14743.4,6.14389563973773e-07,0.999289950767685,C
tool bit 1 2x4,Tool Bit 1/2X4,1,1,14736.0,6.14081189869197e-07,0.9992905648488749,C
point pilot carbide 6674954,Point Pilot - Carbide (6674954),1,1,14727.0,6.137061402825505e-07,0.9992911785550151,C
ot slip book,Ot Slip Book,2,2,14700.0,6.12580991522611e-07,0.9992917911360066,C
gear box 70 01 1 5 8 sr no 102239,"GEAR BOX 70:01, 1.5/8"",SR.NO.-102239",1,1,14700.0,6.12580991522611e-07,0.9992924037169981,C
rear main leaf spring tata 2515,Rear Main Leaf Spring Tata 2515,1,1,14664.0,6.11080793176025e-07,0.9992930147977913,C
bearing roller tapered 86563881,Bearing Roller Tapered - 86563881,1,1,14630.48,6.096839418266483e-07,0.9992936244817331,C
solensolenoid valve 1 8 5 2 way 230 vac,"SolenSolenoid valve 1/8"" 5/2 way,230 vac",1,1,14630.0,6.096639391820272e-07,0.9992942341456723,C
filter change work of veh p 1524,Filter Change Work Of Veh. P 1524,1,1,14612.0,6.089138400087342e-07,0.9992948430595123,C
maharaja mg,MAHARAJA MG,2,2,14571.74,6.072361181911356e-07,0.9992954502956305,C
hyd pto repair from sundeep enterp g5865,Hyd.PTO Repair From Sundeep Enterp.G5865,1,1,14550.0,6.063301650785028e-07,0.9992960566257956,C
front 5th leaf spring 709 truck,Front 5th Leaf Spring 709 truck,3,3,14542.0,6.059967876681503e-07,0.9992966626225832,C
sulphuric acid lab,Sulphuric acid (LAB),5,5,14540.0,6.059134433155622e-07,0.9992972685360265,C
paint yellow,Paint Yellow,7,6,14534.81,6.056971647205961e-07,0.9992978742331913,C
ball float assly kit 40 nb pt 40,"BALL FLOAT ASSLY KIT, 40 NB/ PT 40",1,1,14500.0,6.042465562638e-07,0.9992984784797475,C
charges for laser aligment and condition,Charges for Laser Aligment and Condition,1,1,14500.0,6.042465562638e-07,0.9992990827263037,C
c s c r assy ts 10 hn 020362550,C/S C/R Assy Ts 10 Hn (020362550),1,1,14482.0,6.03496457090507e-07,0.9992996862227609,C
repair main work from karan r 4914,Repair & Main Work From Karan R 4914,4,3,14477.08,6.032914299831403e-07,0.9993002895141909,C
stator nitrile pump for hna 60,Stator Nitrile Pump For Hna-60,1,1,14472.0,6.030797353275665e-07,0.9993008925939263,C
tooth ring swfl130e swfl01591328,Tooth Ring SWFL130E - SWFL01591328,1,1,14464.0,6.027463579172141e-07,0.9993014953402842,C
nylon rassi 12mm,Nylon Rassi 12Mm,3,1,14430.0,6.013295039232161e-07,0.9993020966697882,C
300 gm x 6 pcs bone jar,300 gm X 6 Pcs Bone Jar,1,1,14420.0,6.009127821602756e-07,0.9993026975825704,C
tyre 165 80d 14 tt su lug rear super ace,Tyre 165/80D-14 TT Su/Lug Rear Super Ace,1,1,14412.66,6.006069083862772e-07,0.9993032981894788,C
sticky shelf strips,sticky shelf strips,1,1,14400.0,6.000793386343945e-07,0.9993038982688175,C
welding machine 300 amp,Welding Machine 300 AMP,1,1,14400.0,6.000793386343945e-07,0.9993044983481562,C
tempture sensor,Tempture Sensor,2,2,14400.0,6.000793386343945e-07,0.9993050984274948,C
sms service software keyword,SMS Service - Software Keyword,1,1,14400.0,6.000793386343945e-07,0.9993056985068335,C
biquiti airgrid m5 hi power 27dbi,'biquiti - AirGrid M5 Hi-Power 27dbi,1,1,14400.0,6.000793386343945e-07,0.9993062985861721,C
25 220998 solonoide valve jcb,25/220998 Solonoide Valve JCB,1,1,14358.46,5.983482764311394e-07,0.9993068969344486,C
carrot,Carrot,41,41,14315.0,5.965372036493998e-07,0.9993074934716523,C
ac exial fan 6,Ac Exial Fan - 6'',2,2,14300.0,5.959121210049889e-07,0.9993080893837732,C
automatic voltage stablizer 1 kva,Automatic Voltage Stablizer 1 KVA,1,1,14300.0,5.959121210049889e-07,0.9993086852958942,C
1444a04601 frt bumper assy massy 1035 di,1444A04601 Frt Bumper Assy Massy 1035 DI,1,1,14296.0,5.957454322998127e-07,0.9993092810413265,C
kabooli chana,Kabooli Chana,11,10,14280.0,5.950786774791079e-07,0.999309876120004,C
fan motor for air conditioner,Fan Motor for AIr Conditioner,2,2,14279.98,5.95077844035582e-07,0.999310471197848,C
hivit inj 100ml dairy,Hivit Inj . 100ml (dairy),3,3,14254.5,5.940160369836095e-07,0.999311065213885,C
ink voilet,Ink Voilet,1,1,14250.0,5.938285121902862e-07,0.9993116590423972,C
rasgulla,RASGULLA,6,6,14249.4,5.938035088845098e-07,0.9993122528459061,C
driil bit 12mm,Driil Bit 12Mm.,1,1,14246.0,5.9366182348511e-07,0.9993128465077296,C
angle griender 5,"Angle Griender 5""",1,1,14200.0,5.917449033755834e-07,0.999313438252633,C
mechanical seal for pump type cr32 14,Mechanical Seal for Pump Type CR32-14,1,1,14200.0,5.917449033755834e-07,0.9993140299975364,C
cold weld solution with hardner,Cold Weld Solution With Hardner,1,1,14195.0,5.915365424941131e-07,0.9993146215340789,C
labour charges for diamond cut pulley,Labour Charges for Diamond Cut Pulley,2,1,14183.0,5.910364763785846e-07,0.9993152125705553,C
alluminium lugz ring 300 mm,Alluminium Lugz Ring 300 Mm,1,1,14178.0,5.908281154971143e-07,0.9993158033986709,C
skf h318 bearing sleeve,Skf H318 Bearing Sleeve,1,1,14176.0,5.907447711445262e-07,0.999316394143442,C
samsung galaxy tab a 2017 8 gold,"Samsung Galaxy Tab A-2017, 8"" (GOLD)",1,1,14152.52,5.897663084451418e-07,0.9993169839097504,C
land survey work rangkatera,Land Survey work Rangkatera,1,1,14140.0,5.892445727979401e-07,0.9993175731543232,C
chicken thigh,Chicken Thigh,32,32,14133.04,5.889545344509336e-07,0.9993181621088577,C
hammer beater 144pcs set sfsp132x102g,Hammer Beater (144Pcs/Set)-SFSP132x102G,1,1,14112.0,5.880777518617066e-07,0.9993187501866095,C
nc contact red,Nc Contact (Red ),1,1,14100.0,5.875776857461779e-07,0.9993193377642953,C
concrit drill bit 10 mm,Concrit Drill Bit - 10 Mm,5,5,14090.0,5.871609639832374e-07,0.9993199249252592,C
dowl pin for main cover for air blower,DOWL PIN FOR MAIN COVER(FOR AIR BLOWER),1,1,14080.0,5.867442422202969e-07,0.9993205116695014,C
basic operatar panel,Basic Operatar Panel,1,1,14047.6,5.853940637083694e-07,0.9993210970635651,C
rear aux a leaf spring 709 truck,Rear Aux .A Leaf Spring  709 Truck,1,1,14040.0,5.850773551685346e-07,0.9993216821409202,C
blow off valve 1622369480,Blow Off Valve (1622369480),1,1,14040.0,5.850773551685346e-07,0.9993222672182753,C
absolute salmon oil 150 ml,Absolute Salmon oil 150 ml,1,1,14000.0,5.834104681167724e-07,0.9993228506287435,C
pani jali,Pani Jali,1,1,14000.0,5.834104681167724e-07,0.9993234340392116,C
pvc ballvalve 1,"Pvc Ballvalve 1""",4,4,13955.0,5.815352201835399e-07,0.9993240155744318,C
pressure plate assy 310 dai 1109 bs ii,Pressure Plate Assy 310 Dai 1109 BS-II,1,1,13916.0,5.799100053080717e-07,0.9993245954844372,C
stud bolt 6 mm x 2 mtr long,Stud Bolt 6 mm X 2 mtr. Long,2,2,13900.0,5.792432504873669e-07,0.9993251747276877,C
pani pipe 1 transparent,"Pani Pipe 1"" - Transparent",1,1,13900.0,5.792432504873669e-07,0.9993257539709381,C
410ek2va0j front brake pad a l dost,410EK2VA0J Front Brake Pad A/L DOST,2,2,13884.36,5.785914976501279e-07,0.9993263325624357,C
repair main work from sparsh k 1688,Repair & Main Work From Sparsh K 1688,2,1,13869.990000000002,5.779926684767823e-07,0.9993269105551043,C
m 450611 assy vaccume booster 9 8 sfc,"M 450611 Assy Vaccume Booster 9+8"" SFC",1,1,13866.0,5.77826396493369e-07,0.9993274883815008,C
illuminated led push button red 230v ac,Illuminated LED Push Button Red 230V AC,2,2,13860.0,5.775763634356047e-07,0.9993280659578642,C
k11090003 kit valve assy,k11090003_Kit Valve Assy,1,1,13855.9,5.774055075127991e-07,0.9993286433633717,C
bearing ucfl 206,Bearing - Ucfl 206,1,1,13830.0,5.76326198146783e-07,0.9993292196895698,C
airtac twin rod cylinder,Airtac Twin – Rod Cylinder,1,1,13820.0,5.759094763838424e-07,0.9993297955990461,C
upvc pipe 1 5,Upvc Pipe 1.5'',2,2,13818.0,5.758261320312543e-07,0.9993303714251781,C
drools 5ply gorrugated box 12pkt 400gm,Drools 5ply Gorrugated Box - 12Pkt 400Gm,2,2,13815.0,5.757011155023722e-07,0.9993309471262937,C
clutch system repair kumar venture y4811,Clutch System Repair Kumar Venture Y4811,1,1,13810.0,5.75492754620902e-07,0.9993315226190483,C
kit super byp filter elem kit3879488,"Kit, Super Byp. Filter Elem - KIT3879488",1,1,13800.0,5.750760328579614e-07,0.9993320976950812,C
hm plastic polythene 7x11,HM plastic Polythene 7X11,1,1,13800.0,5.750760328579614e-07,0.9993326727711141,C
msp 3 75 air dryer mjr repair kit,Msp 3/75 Air Dryer Mjr Repair Kit,1,1,13795.0,5.748676719764911e-07,0.9993332476387862,C
hit spray 500 ml,Hit Spray 500 Ml,3,3,13772.16,5.739158794699349e-07,0.9993338215546657,C
rear brake lining 1st o s 909,Rear Brake Lining 1st O/S 909,1,1,13750.0,5.729924240432586e-07,0.9993343945470897,C
prestige cooker,Prestige Cooker,1,1,13748.0,5.729090796906705e-07,0.9993349674561695,C
nylon rassi 4mm,Nylon Rassi 4Mm,2,2,13685.0,5.702837325841451e-07,0.999335537739902,C
piston ring 2x2,Piston Ring 2X2,1,1,13680.0,5.700753717026748e-07,0.9993361078152737,C
wheel disc front 6x50x20 tractor,Wheel Disc Front 6X50X20 Tractor,2,2,13653.0,5.689502229427353e-07,0.9993366767654966,C
drools 5ply gorrugated box 24pkt 250gm,Drools 5ply Gorrugated Box - 24pkt 250Gm,1,1,13651.7,5.688960491135531e-07,0.9993372456615458,C
impact screw driver,Impact Screw driver,1,1,13650.0,5.688252064138531e-07,0.9993378144867522,C
abs box chickengravy supplement 35gx11ps,Abs Box ChickenGravy Supplement 35gx11ps,1,1,13600.0,5.667415975991504e-07,0.9993383812283498,C
manometer u tube 0 to 200 mmwc,"MANOMETER U-TUBE, 0 TO 200 MMWC",1,1,13600.0,5.667415975991504e-07,0.9993389479699475,C
cst connector patti,CST Connector Patti,1,1,13600.0,5.667415975991504e-07,0.9993395147115451,C
simplex chain 1 25,Simplex Chain - 1.25'',1,1,13572.5,5.655956127510638e-07,0.9993400803071579,C
air filter mahindra tr 6000455f1pri,Air Filter Mahindra Tr._6000455F1Pri.,1,1,13560.0,5.650747105473881e-07,0.9993406453818685,C
virkon liq,VIRKON LIQ.,1,1,13552.0,5.647413331370357e-07,0.9993412101232017,C
right angle connector,Right Angle Connector,1,1,13500.0,5.625743799697448e-07,0.9993417726975816,C
repair of ac frequency drive 7 5 kw,Repair of AC Frequency Drive 7.5 KW,1,1,13500.0,5.625743799697448e-07,0.9993423352719616,C
ahu filter nylon 592x592x50mm,AHU Filter (Nylon) 592X592X50MM,1,1,13500.0,5.625743799697448e-07,0.9993428978463416,C
plastic garbage bag 30x50,Plastic garbage bag 30X50,1,1,13500.0,5.625743799697448e-07,0.9993434604207215,C
heater transmission assembly k 17 a51,Heater Transmission Assembly (K-17-A51),1,1,13500.0,5.625743799697448e-07,0.9993440229951015,C
600 top cover j 30 01,600 Top Cover (J-30-01),1,1,13500.0,5.625743799697448e-07,0.9993445855694815,C
teflon gland rope 10 mm kg,Teflon Gland Rope 10 mm (KG),2,2,13500.0,5.625743799697448e-07,0.9993451481438614,C
compact indicator yellow,Compact Indicator Yellow,2,2,13490.0,5.621576582068043e-07,0.9993457103015196,C
166412va0a fuel feed pump unit al dost,166412VA0A Fuel Feed Pump (Unit) AL Dost,1,1,13485.92,5.619876357275246e-07,0.9993462722891554,C
damper motor 6 rpm pv3287p,Damper Motor 6 Rpm (PV3287P),1,1,13470.0,5.613242146809232e-07,0.9993468336133701,C
copper lugz ring 6 mm,Copper Lugz Ring 6 Mm,3,2,13443.0,5.601990659209836e-07,0.999347393812436,C
liner cylinder,Liner (Cylinder),1,1,13411.0,5.588655562795739e-07,0.9993479526779923,C
pvc food grade pipe 1 5,"Pvc Food Grade Pipe 1.5""",2,2,13400.0,5.584071623403393e-07,0.9993485110851545,C
vibrator m c 2hp single phase nojal,Vibrator M/c- 2hp single phase + Nojal,1,1,13400.0,5.584071623403393e-07,0.9993490694923168,C
grenyte tiles,Grenyte (tiles),1,1,13369.15,5.571215757016676e-07,0.9993496266138925,C
clamp,Clamp,3,2,13330.0,5.554901099997555e-07,0.9993501821040025,C
fitting charges of 12mm wire rope,Fitting Charges of 12mm Wire Rope,1,1,13300.0,5.542399447109338e-07,0.9993507363439472,C
contact element no s1,Contact Element NO - S1,3,3,13300.0,5.542399447109338e-07,0.9993512905838919,C
furniture fittings,Furniture & Fittings,3,1,13300.0,5.542399447109338e-07,0.9993518448238367,C
peptone bacteriological rm001 500g,Peptone Bacteriological RM001-500G,1,1,13290.0,5.538232229479932e-07,0.9993523986470596,C
copper wire 22 swg,Copper Wire 22 Swg,1,1,13284.15,5.53579440716673e-07,0.9993529522265003,C
tyre 165 80d 14 tt su milr frt super ace,Tyre 165/80D-14 TT Su-Milr FRT Super ACE,1,1,13275.54,5.532206432787813e-07,0.9993535054471436,C
251626103713 gear housing w pto gbs 27,251626103713 Gear Housing W/PTO GBS-27,1,1,13274.0,5.531564681272883e-07,0.9993540586036117,C
fire extinguisher dcp 6 kgs,Fire Extinguisher DCP - 6 Kgs.,1,1,13250.0,5.52156335896231e-07,0.9993546107599476,C
co2 gas cartridge,CO2 Gas Cartridge,4,4,13230.0,5.5132289237035e-07,0.9993551620828399,C
permesan cheese,Permesan cheese,2,2,13225.0,5.511145314888797e-07,0.9993557131973714,C
upvc pipe 2 5,"Upvc Pipe 2.5""",1,1,13220.0,5.509061706074094e-07,0.999356264103542,C
z bar size i with 4mm overlap 2 1609,"Z-Bar, Size-I with 4mm Overlap: 2-1609",1,1,13200.0,5.500727270815283e-07,0.999356814176269,C
hyd strg boom repair sundeep ente p 0778,Hyd.Strg.Boom Repair Sundeep Ente.P-0778,4,4,13200.0,5.500727270815283e-07,0.999357364248996,C
head light bulb12v 43t 60 55w 407 909bs4,Head Light Bulb12V 43T 60/55W 407/909BS4,1,1,13200.0,5.500727270815283e-07,0.999357914321723,C
coupling bc 3a n b bush set,Coupling BC - 3A N/B + Bush Set,2,2,13140.0,5.47572396503885e-07,0.9993584618941196,C
1300189s91 hood assy w rod massy 1035 di,1300189S91 Hood Assy W/Rod Massy 1035 DI,1,1,13076.0,5.449053772210654e-07,0.9993590067994969,C
stain free liquid,Stain Free Liquid,2,2,13050.8,5.438552383784552e-07,0.9993595506547353,C
door lock 4 mm,Door Lock - 4 Mm,1,1,13038.0,5.433218345218914e-07,0.9993600939765698,C
bearing 3780 3720 q,Bearing 3780/3720/Q,1,1,13020.0,5.425717353485984e-07,0.9993606365483051,C
cucumber,Cucumber,33,33,13015.0,5.423633744671281e-07,0.9993611789116795,C
bobcate machine repair work for indamara,Bobcate Machine Repair Work For Indamara,2,2,13000.0,5.417382918227172e-07,0.9993617206499713,C
fip pump change work rr diesel cg08l2756,FIP Pump CHange Work RR Diesel CG08L2756,1,1,13000.0,5.417382918227172e-07,0.9993622623882631,C
gland 63 mm,Gland 63 Mm,1,1,13000.0,5.417382918227172e-07,0.9993628041265549,C
4 brick work,"4"" Brick Work",1,1,13000.0,5.417382918227172e-07,0.9993633458648467,C
labour charges of veh repair p 2308,Labour Charges Of Veh. Repair P 2308,1,1,13000.0,5.417382918227172e-07,0.9993638876031384,C
labour charges for carpainter work,Labour Charges For Carpainter Work,1,1,13000.0,5.417382918227172e-07,0.9993644293414302,C
civil work underground water tank,Civil work underground water tank,1,1,12994.07,5.414911758172935e-07,0.999364970832606,C
cpvc pipe 2,"Cpvc Pipe 2""",1,1,12988.0,5.412382257071886e-07,0.9993655120708317,C
bearing 6205 zz c3 skf,Bearing 6205 Zz C3 -Skf,3,3,12974.0,5.406548152390718e-07,0.9993660527256469,C
glen 2 burner steel,GLEN 2 BURNER STEEL,2,2,12965.2,5.402881000876842e-07,0.999366593013747,C
gums silicate,Gums (silicate),1,1,12960.0,5.40071404770955e-07,0.9993671330851518,C
eng oil filter change ahuja au ae 5919,Eng.Oil & Filter Change Ahuja Au.AE-5919,1,1,12934.75,5.390191823195301e-07,0.9993676721043341,C
flooring work fish feed,Flooring work fish feed,1,1,12934.35,5.390025134490125e-07,0.9993682111068475,C
tyre rr 195 80 d15 super lug mahi maxi t,Tyre RR 195/80 D15 Super Lug Mahi.Maxi T,1,1,12925.44,5.386312143582325e-07,0.9993687497380619,C
paint smo gray,Paint Smo Gray,3,3,12925.0,5.386128786006631e-07,0.9993692883509405,C
guide shaft short,Guide Shaft Short,1,1,12910.0,5.379877959562523e-07,0.9993698263387365,C
expansion valve for dryer,Expansion Valve for Dryer,1,1,12889.0,5.371126802540771e-07,0.9993703634514167,C
278607989916 fuel filter 2515 3118,278607989916 Fuel Filter 2515/3118,1,1,12881.2,5.367876372789835e-07,0.999370900239054,C
road metal jeera gitty,Road Metal (Jeera Gitty),1,1,12880.0,5.367376306674306e-07,0.9993714369766846,C
ht bolt 4 x 25,HT BOLT 4 X 25,1,1,12840.0,5.350707436156684e-07,0.9993719720474282,C
eng oil filter change auto cent ab4908,Eng.Oil & Filter Change Auto Cent.AB4908,1,1,12830.0,5.346540218527279e-07,0.9993725067014501,C
gum boot,Gum Boot,5,4,12810.0,5.338205783268468e-07,0.9993730405220284,C
ele weight machine 5 kg,Ele. Weight Machine 5 Kg,2,2,12800.0,5.334038565639062e-07,0.9993735739258849,C
drinking water quality monitoring,Drinking Water Quality Monitoring,2,2,12800.0,5.334038565639062e-07,0.9993741073297414,C
blower filter,Blower filter,1,1,12800.0,5.334038565639062e-07,0.9993746407335979,C
king pin unit set std rtb 901twtr 608,King Pin Unit Set Std (RTB 901TWTR) 608,1,1,12770.0,5.321536912750845e-07,0.9993751728872892,C
hydraulic cylinder o ring,Hydraulic Cylinder O-ring,1,1,12750.0,5.313202477492035e-07,0.999375704207537,C
hydraulic jack 60 t vehicle,Hydraulic Jack 60 T ( Vehicle ),2,2,12750.0,5.313202477492035e-07,0.9993762355277848,C
bearing housing set,Bearing Housing Set,1,1,12750.0,5.313202477492035e-07,0.9993767668480326,C
eng oil filter change ahuja au ae 5674,Eng.Oil & Filter Change Ahuja Au.AE-5674,1,1,12735.6,5.307201684105691e-07,0.9993772975682009,C
b5425536 cabin lock assy al 1012,B5425536 Cabin Lock Assy AL 1012,2,2,12686.0,5.286532284663839e-07,0.9993778262214293,C
ss flange 2 5,"Ss Flange 2.5""",2,2,12650.0,5.27153030119798e-07,0.9993783533744595,C
repair main work from karan r 2537,Repair & Main Work From Karan R 2537,2,1,12641.73,5.26808401221846e-07,0.9993788801828607,C
casing cover for model kdt 568 make ki,"CASING COVER,FOR MODEL KDT 568+, MAKE KI",2,2,12622.0,5.259862091835644e-07,0.9993794061690698,C
drill bit 6 5mm,Drill Bit 6.5Mm,2,2,12614.0,5.256528317732119e-07,0.9993799318219017,C
eng oil filter change shivam mot l1567,Eng.Oil & Filter Change Shivam Mot.L1567,1,1,12600.0,5.250694213050951e-07,0.9993804568913229,C
sodium tripolyphosphate,Sodium Tripolyphosphate,1,1,12600.0,5.250694213050951e-07,0.9993809819607442,C
lower drive roller for seam welder m c,Lower Drive Roller for Seam Welder M/c,2,2,12596.0,5.249027325999189e-07,0.9993815068634768,C
aqua sure,AQUA SURE,2,2,12527.86,5.22063190507242e-07,0.9993820289266673,C
battery 65 ah ax1013485 cummins,Battery 65 AH (AX1013485) Cummins,1,1,12525.0,5.21944008083041e-07,0.9993825508706754,C
micro pipette 100 1000ul t 030050,Micro Pipette 100 - 1000ul (T-030050),1,1,12500.0,5.209022036756896e-07,0.9993830717728791,C
micropipette 1000 10000ul,Micropipette 1000-10000UL,1,1,12500.0,5.209022036756896e-07,0.9993835926750828,C
micropipette 1000 5000ul,Micropipette 1000-5000UL,1,1,12500.0,5.209022036756896e-07,0.9993841135772865,C
f8733314 cross member gear box al 1012,F8733314 Cross Member (Gear Box) AL 1012,1,1,12492.0,5.205688262653372e-07,0.9993846341461128,C
pvc elevator belt 60 33 pvc880 350,PVC Elevator Belt 60/33 PVC880-350,2,1,12480.0,5.200687601498085e-07,0.999385154214873,C
ele motor 1 1 kw 925 rpm,Ele. Motor 1.1 Kw - 925 Rpm,1,1,12463.0,5.193603331528096e-07,0.9993856735752061,C
plastick tub mid,Plastick Tub Mid,1,1,12458.0,5.191519722713394e-07,0.9993861927271784,C
ht bolt 20x100mm,HT BOLT 20X100MM,1,1,12439.0,5.183602009217523e-07,0.9993867110873793,C
prednisolone,Prednisolone,1,1,12428.0,5.179018069825177e-07,0.9993872289891863,C
flex printing fitting a4,Flex Printing & Fitting A4,1,1,12420.0,5.175684295721652e-07,0.9993877465576159,C
hdmi switcher mp dazu hd 4k,HDMI SWITCHER MP-DAZU HD-4K,1,1,12400.0,5.167349860462841e-07,0.9993882632926019,C
relay 4 5 7 5 mn2,Relay - 4.5-7.5  Mn2,2,1,12400.0,5.167349860462841e-07,0.9993887800275879,C
radiator jali allu core 21 x 22 tc,"Radiator Jali Allu Core 21"" X 22"" TC",2,2,12400.0,5.167349860462841e-07,0.9993892967625739,C
toner powder hp,Toner Powder - HP,4,4,12372.0,5.155681651100506e-07,0.9993898123307391,C
latter pad indian agro food ind,Latter Pad - Indian Agro & Food Ind.,1,1,12350.0,5.146513772315814e-07,0.9993903269821163,C
bearing ucp 208,Bearing UCP 208,1,1,12330.0,5.138179337057003e-07,0.99939084080005,C
tyre 155r13 lt ace,Tyre 155R13 LT Ace,1,1,12320.58,5.134253818050103e-07,0.9993913542254318,C
shampoo bottle 25 ml,Shampoo Bottle  25 Ml,2,2,12320.0,5.134012119427597e-07,0.9993918676266438,C
neuroxin vial,Neuroxin Vial,2,2,12310.5,5.130053262679662e-07,0.99939238063197,C
gi wire mesh 1 2 mm 4ft x 50ft,Gi Wire Mesh - 1.2 mm(4FT X 50FT),1,1,12300.0,5.125677684168786e-07,0.9993928931997385,C
assy piston w pin lock 709turbo,Assy Piston W/Pin & Lock 709Turbo,3,3,12265.619999999999,5.11135078995889e-07,0.9993934043348175,C
coriander leaves,Coriander Leaves,33,33,12263.0,5.110258978939986e-07,0.9993939153607154,C
civil work electrical earthing chamber,Civil Work Electrical Earthing Chamber,1,1,12259.32,5.108725442852364e-07,0.9993944262332597,C
javitri,Javitri,3,3,12233.35,5.097903178668799e-07,0.9993949360235775,C
clutch disc plate 280 dai 709 909 bs 2,Clutch Disc Plate 280 Dai 709/909 BS-2,2,2,12230.12,5.096557167374501e-07,0.9993954456792943,C
panipuri gupchup,Panipuri (Gupchup),13,13,12220.51,5.092552471232642e-07,0.9993959549345414,C
inline helical gear as30 p36 82p90b5b3,Inline Helical Gear AS30 P36.82P90B5B3 +,1,1,12206.0,5.086505838452374e-07,0.9993964635851252,C
gi pipe 1 2,"Gi Pipe 1/2 """,3,3,12200.0,5.084005507874731e-07,0.999396971985676,C
ai sheeth dairy,Ai Sheeth (Dairy),1,1,12200.0,5.084005507874731e-07,0.9993974803862268,C
onload changeover 200 amp 4 pole,Onload Changeover - 200 Amp. 4 Pole,1,1,12197.0,5.08275534258591e-07,0.999397988661761,C
swab multi purpose,Swab Multi Purpose,4,4,12192.0,5.080671733771207e-07,0.9993984967289343,C
copper wire 25 swg,Copper Wire 25 Swg,1,1,12171.15,5.071983085013896e-07,0.9993990039272428,C
locker rhino v1 gold,Locker - Rhino V1 Gold,1,1,12160.0,5.067336637357109e-07,0.9993995106609065,C
contactor mnx 9,Contactor - Mnx -9,2,2,12120.0,5.050667766839487e-07,0.9994000157276832,C
pu tube 8mmx6,Pu Tube 8Mmx6,2,2,12100.0,5.042333331580675e-07,0.9994005199610164,C
chocolate ice cream,Chocolate Ice Cream,7,7,12083.8,5.035582439021038e-07,0.9994010235192603,C
repair main work from ahuja af 8504,Repair & Main Work From Ahuja AF 8504,1,1,12081.37,5.034569805137093e-07,0.9994015269762409,C
320 a7086 diesel filter assy jcb,320/A7086 Diesel Filter Assy JCB,2,2,12076.83,5.032677888333344e-07,0.9994020302440297,C
acc repair work from sparsh aa 2152,Acc. Repair Work From Sparsh AA 2152,2,1,12068.4,5.029164923871755e-07,0.9994025331605221,C
star delta starter,Star Delta Starter,1,1,12050.0,5.021497243433648e-07,0.9994030353102464,C
front 4th leaf spring 709 truck,Front  4Th Leaf Spring 709 Truck,1,1,12045.0,5.019413634618945e-07,0.9994035372516099,C
abnormal noisy coming city wheel ds 3453,Abnormal Noisy Coming City Wheel DS-3453,2,1,12021.64,5.009679014236654e-07,0.9994040382195113,C
251626307906 assy counter shaft,251626307906_Assy Counter Shaft,1,1,12015.64,5.00717868365901e-07,0.9994045389373797,C
service charges for engineers visit,Service Charges for Engineers Visit,1,1,12000.0,5.000661155286621e-07,0.9994050390034952,C
sd screw 10x19,SD Screw 10X19,1,1,12000.0,5.000661155286621e-07,0.9994055390696107,C
cable tie 100 mm,Cable Tie 100 MM,1,1,12000.0,5.000661155286621e-07,0.9994060391357262,C
cable tie 150 mm,Cable - Tie - 150 MM,2,2,12000.0,5.000661155286621e-07,0.9994065392018417,C
screen frame abis silver,Screen Frame ABIS SILVER,2,2,12000.0,5.000661155286621e-07,0.9994070392679573,C
teflon washer 50 mm x 65 mm,Teflon washer- 50 mm X 65 mm,1,1,12000.0,5.000661155286621e-07,0.9994075393340728,C
rubber expansion below 150mm x 160mm h,Rubber Expansion Below 150mm X 160mm (h),1,1,12000.0,5.000661155286621e-07,0.9994080394001883,C
relay 9 15a mn2,Relay  9-15A Mn2,1,1,12000.0,5.000661155286621e-07,0.9994085394663038,C
local tube 100m roll white yellow 3mm,Local Tube (100m/Roll)-White/Yellow 3mm,8,4,12000.0,5.000661155286621e-07,0.9994090395324193,C
plastick pipe a i tube,Plastick Pipe ( A.I. Tube),1,1,12000.0,5.000661155286621e-07,0.9994095395985348,C
polythine bags transparent,Polythine Bags Transparent,1,1,12000.0,5.000661155286621e-07,0.9994100396646504,C
ht bolt 10x40mm,Ht Bolt 10X40Mm,1,1,12000.0,5.000661155286621e-07,0.9994105397307659,C
emergency stop push button,Emergency Stop Push Button,1,1,12000.0,5.000661155286621e-07,0.9994110397968814,C
royal shyne sn3 paint,Royal Shyne SN3 Paint,2,1,11995.76,4.998894255011753e-07,0.9994115396863069,C
red capsicum,Red Capsicum,11,11,11980.0,4.99232672002781e-07,0.9994120389189789,C
end parts nipple,End Parts - Nipple,1,1,11970.0,4.988159502398404e-07,0.9994125377349291,C
32a ctr 230v ac coil 3rt2027 1al20,32A CTR 230V AC Coil - 3RT2027-1AL20,1,1,11970.0,4.988159502398404e-07,0.9994130365508793,C
gentamycine 100ml,Gentamycine 100Ml,1,1,11952.0,4.980658510665474e-07,0.9994135346167304,C
eng oil filter change vijay ser aa6165,Eng.Oil & Filter Change Vijay Ser.AA6165,1,1,11946.0,4.978158180087831e-07,0.9994140324325484,C
pvc male 1,"Pvc Male 1""",5,5,11927.9,4.970615516178607e-07,0.9994145294941,C
ele wire 25 sqmm,Ele. Wire 25 Sqmm,1,1,11924.0,4.968990301303138e-07,0.9994150263931302,C
bearing roller 136903,Bearing Roller - 136903,1,1,11912.0,4.963989640147852e-07,0.9994155227920942,C
cutting wheel ag 5,"Cutting Wheel Ag- 5""",2,2,11900.0,4.958988978992566e-07,0.9994160186909922,C
b4846802assy air cleaner w filter al1012,B4846802Assy Air Cleaner W/Filter AL1012,2,2,11882.0,4.951487987259636e-07,0.9994165138397909,C
amc for dell precision tower5810 6jq6n62,AMC for Dell Precision Tower5810-6JQ6N62,1,1,11868.0,4.945653882578468e-07,0.9994170084051792,C
lenovo table tab 4 10 tb x304l,Lenovo Table Tab 4-10 TB-X304L,1,1,11864.41,4.944157851449511e-07,0.9994175028209643,C
shivnath water 250 ml,Shivnath Water 250 Ml,1,1,11864.0,4.943986995526706e-07,0.9994179972196638,C
front main leaf spring 709 truck,Front Main Leaf Spring 709 Truck,2,2,11850.0,4.938152890845538e-07,0.999418491034953,C
stiching m c feed bar bracket assy 8000,Stiching m/c Feed Bar Bracket Assy.8000),1,1,11825.0,4.927734846772024e-07,0.9994189838084376,C
117502vb0a tensioner timing belt partner,117502VB0A Tensioner(Timing Belt)Partner,2,2,11812.51,4.922529991952897e-07,0.9994194760614368,C
ss hotel tiffin,SS Hotel Tiffin,1,1,11800.0,4.917316802698511e-07,0.999419967793117,C
stiching machine needle bar,Stiching Machine Needle Bar,1,1,11800.0,4.917316802698511e-07,0.9994204595247973,C
ss strip 65 x 3,SS STRIP 65 X 3,1,1,11800.0,4.917316802698511e-07,0.9994209512564776,C
contactor kit mnx 45,Contactor Kit - Mnx 45,1,1,11800.0,4.917316802698511e-07,0.9994214429881578,C
normal sline,Normal Sline,2,2,11760.0,4.900647932180888e-07,0.999421933052951,C
make up mc 295bk,Make Up (MC-295BK),2,2,11760.0,4.900647932180888e-07,0.9994224231177442,C
rubber cone 3 4,"Rubber Cone 3/4""",2,2,11760.0,4.900647932180888e-07,0.9994229131825374,C
pvc t 1 5,"Pvc T 1.5""",4,4,11760.0,4.900647932180888e-07,0.9994234032473306,C
pressur gauge 0 7 4,"Pressur Gauge 0 - 7 -4""",2,2,11725.0,4.886062670477968e-07,0.9994238918535976,C
steam trap td 20 mm 3 4,"Steam Trap Td - 20 Mm -3/4""",1,1,11700.0,4.875644626404455e-07,0.9994243794180603,C
butter scotch ice cream,Butter Scotch Ice Cream,7,7,11694.0,4.873144295826812e-07,0.9994248667324899,C
mh copper ballast 250 w,Mh Copper Ballast - 250 W,2,2,11680.0,4.867310191145644e-07,0.999425353463509,C
pvc elbow 1 5,"Pvc Elbow 1.5""",4,4,11670.0,4.863142973516239e-07,0.9994258397778064,C
nylon rope 10 mm,Nylon Rope 10 Mm,4,4,11624.73,4.844277979307919e-07,0.9994263242056043,C
ht bolt 16x125 mm,HT Bolt 16X125 mm,1,1,11601.0,4.834389171873341e-07,0.9994268076445215,C
copper wire 19 5 swg,Copper Wire 19.5 Swg,1,1,11600.0,4.8339724501104e-07,0.9994272910417665,C
bearing rn 219,Bearing - RN 219,1,1,11600.0,4.8339724501104e-07,0.9994277744390115,C
repair main work from karan eu 2239,Repair & Main Work From Karan EU 2239,3,3,11591.02,4.830230288679194e-07,0.9994282574620404,C
kabja 3,"Kabja 3""",6,4,11561.2,4.817803645708307e-07,0.999428739242405,C
214872va0a assy fan motor radiator dost,214872VA0A Assy Fan Motor(Radiator) Dost,2,2,11556.99,4.816049247086327e-07,0.9994292208473298,C
bakery maida,Bakery Maida,5,5,11550.0,4.813136361963372e-07,0.9994297021609659,C
wiring problem from city wheels ae 7166,Wiring Problem From City Wheels AE-7166,2,1,11541.12,4.80943587270846e-07,0.9994301831045532,C
tube 7x50x 16,Tube 7x50x 16,3,3,11529.16,4.804451880423691e-07,0.9994306635497413,C
copper lugz ring 35 mm,Copper Lugz Ring 35 Mm,3,3,11528.0,4.803968483178681e-07,0.9994311439465896,C
ms chain,MS Chain,2,1,11520.0,4.800634709075156e-07,0.9994316240100605,C
solonoid valve 3 8,Solonoid Valve 3/8'',1,1,11500.0,4.792300273816345e-07,0.9994321032400878,C
hanna make pen type tds meter,Hanna make pen type TDS meter,1,1,11500.0,4.792300273816345e-07,0.9994325824701151,C
labour charges of car rep work aa 2152,Labour Charges Of Car Rep. Work AA 2152,1,1,11497.0,4.791050108527523e-07,0.999433061575126,C
drools corr box 80x13 outer,Drools Corr Box 80x13 Outer,2,2,11491.35,4.78869563056691e-07,0.999433540444689,C
ups 1 5 kva,Ups 1.5 Kva,1,1,11424.0,4.7606294198328626e-07,0.999434016507631,C
fip injector repair g k diesel l 3728,FIP & Injector Repair G K Diesel L-3728,2,1,11423.56,4.7604460622571686e-07,0.9994344925522372,C
non sparking ring spanner 30 x 32,Non sparking Ring Spanner- 30 x 32,1,1,11417.0,4.757712367492279e-07,0.9994349683234739,C
yellow capscum,Yellow Capscum,10,10,11410.0,4.7547953151516953e-07,0.9994354438030054,C
copper wire 21 5 swg,Copper Wire 21.5 Swg,1,1,11402.1,4.751503213224465e-07,0.9994359189533267,C
ms pipe 6 b class 4 8 mm 18 90 kg m,"MS Pipe 6"" B Class, 4.8 mm , 18.90 kg/ m",1,1,11400.0,4.75062809752229e-07,0.9994363940161365,C
stiching charges for utility uniform,Stiching Charges For Utility Uniform,3,3,11400.0,4.75062809752229e-07,0.9994368690789462,C
253450100261 assy radiator sfc 407,253450100261 Assy Radiator Sfc -407,1,1,11400.0,4.75062809752229e-07,0.999437344141756,C
cutting machine imension m 1 5 0 8 1 3,Cutting machine-imension(m):1.5×0.8×1.3,1,1,11388.28,4.745744118460627e-07,0.9994378187161679,C
ele t 3 4,"Ele. T 3/4""",5,5,11373.0,4.7393766099228947e-07,0.9994382926538289,C
rotory switch,Rotory Switch,1,1,11370.0,4.738126444634073e-07,0.9994387664664733,C
dr fixit ltr,Dr Fixit-Ltr,1,1,11364.39,4.735788635543976e-07,0.9994392400453369,C
inhibitor corrosion 3816986,"Inhibitor, Corrosion (3816986)",1,1,11361.9,4.7347509983542546e-07,0.9994397135204367,C
civil work electrical earthing chamber,Civil work Electrical Earthing Chamber,1,1,11315.84,4.715556793953213e-07,0.9994401850761161,C
lugz plier surya3 400,Lugz Plier Surya3 400,1,1,11300.0,4.7089559212282344e-07,0.9994406559717082,C
non sparking fit spanner 30 x 32,Non sparking Fit Spanner- 30 x 32,1,1,11297.0,4.707705755939413e-07,0.9994411267422838,C
labour charges of car rep work k 1766,Labour Charges Of Car Rep. Work K 1766,1,1,11289.0,4.7043719818358886e-07,0.999441597179482,C
gland 25 mm,Gland 25 Mm,3,3,11270.0,4.6964542683400177e-07,0.9994420668249089,C
king pin thrust bearing m loader,King Pin Thrust Bearing M Loader,3,3,11267.22,4.695295781839043e-07,0.9994425363544871,C
wheel disc plate 909,Wheel Disc Plate 909,1,1,11250.0,4.688119833081207e-07,0.9994430051664704,C
anchor fastner 8x75mm,Anchor Fastner 8X75Mm,1,1,11250.0,4.688119833081207e-07,0.9994434739784538,C
272425400140assy pr plate 200dia sup ace,272425400140Assy Pr.Plate 200Dia.Sup.ACE,1,1,11250.0,4.688119833081207e-07,0.9994439427904371,C
screen frame,Screen Frame,4,3,11250.0,4.688119833081207e-07,0.9994444116024205,C
air filter pimary 407 bsiii,Air Filter Pimary 407 BSIII,1,1,11227.12,4.678585239145127e-07,0.9994448794609444,C
civil work silo hopper foundation,Civil work Silo Hopper Foundation,1,1,11205.08,4.6694006914899173e-07,0.9994453464010136,C
screen frame abis diamond,Screen Frame ABIS DIAMOND,2,2,11200.0,4.6672837449341795e-07,0.9994458131293881,C
pidilite k 50 label paste,Pidilite K-50 (Label Paste),1,1,11200.0,4.6672837449341795e-07,0.9994462798577626,C
264172500101 assy w regulator lh lpt,264172500101_Assy W / Regulator Lh Lpt,1,1,11200.0,4.6672837449341795e-07,0.9994467465861371,C
mobility sip lic nec,Mobility SIP LIC  - NEC,1,1,11200.0,4.6672837449341795e-07,0.9994472133145116,C
264172500102 assy w regulator rh lpt,264172500102_Assy W / Regulator Rh Lpt,1,1,11200.0,4.6672837449341795e-07,0.9994476800428861,C
chicks chalan ip,Chicks Chalan Ip,1,1,11200.0,4.6672837449341795e-07,0.9994481467712606,C
nylon rassi 6mm,Nylon Rassi 6Mm,1,1,11200.0,4.6672837449341795e-07,0.9994486134996351,C
web video conference nec,Web Video Conference - NEC,1,1,11200.0,4.6672837449341795e-07,0.9994490802280096,C
dispovan needle 16 no dairy,Dispovan Needle 16 No. (Dairy),3,3,11200.0,4.6672837449341795e-07,0.9994495469563841,C
eradicator,ERADICATOR,2,2,11190.0,4.6631165273047736e-07,0.9994500132680368,C
repair main work from sparsh aa 4483,Repair & Main Work From Sparsh AA 4483,3,2,11146.869999999999,4.6451433176691476e-07,0.9994504777823686,C
gi flexible pipe 1,Gi Flexible Pipe - 1'',1,1,11137.5,4.6412386347503946e-07,0.9994509419062321,C
eng oil filter change auto center 4247,Eng.Oil & Filter Change Auto Center 4247,1,1,11137.0,4.6410302738689247e-07,0.9994514060092594,C
rcc 1 2 4,RCC 1:2:4,1,1,11106.45,4.628299424011091e-07,0.9994518688392018,C
bearing no 6004 2z,Bearing No. - 6004 -  2Z,1,1,11100.0,4.625611568640124e-07,0.9994523314003586,C
pani pipe 1 5,Pani Pipe - 1.5'',1,1,11059.5,4.608734337241032e-07,0.9994527922737924,C
gland cutter adaptor,Gland Cutter Adaptor,2,1,11050.0,4.6047754804930966e-07,0.9994532527513404,C
7602254c11 assy knuckle pin m m tractr,7602254C11 Assy Knuckle Pin M & M Tractr,2,2,11025.0,4.594357436419583e-07,0.9994537121870841,C
252709130330 air filter sec 909 1109,252709130330 Air Filter Sec 909/1109,2,2,11018.7,4.5917320893130573e-07,0.999454171360293,C
fitbit charge 2 black silver large,FITBIT Charge 2 Black Silver Large,1,1,11016.94,4.590998659010282e-07,0.9994546304601589,C
bearing 6410 2z,Bearing 6410-2z,1,1,11002.0,4.58477283587195e-07,0.9994550889374425,C
bearing 6410 skf,Bearing 6410 SKF,1,1,11002.0,4.58477283587195e-07,0.9994555474147261,C
ms bolt 5 sut 2,"Ms Bolt 5 Sut 2""",2,2,11001.84,4.58470616038988e-07,0.9994560058853421,C
t 30 bit 50 mm,T-30 bit * 50 mm,1,1,11000.0,4.583939392346069e-07,0.9994564642792814,C
en 8 round bar 65 mm,En 8 Round Bar 65 mm,1,1,11000.0,4.583939392346069e-07,0.9994569226732206,C
welding m c 200amp model tig,Welding M/c 200amp model - tig,1,1,11000.0,4.583939392346069e-07,0.9994573810671599,C
2 5 x 2 5 gear pump,"2.5"" x 2.5"" Gear Pump",1,1,11000.0,4.583939392346069e-07,0.9994578394610991,C
teflan tape dairy,Teflan Tape (Dairy),1,1,11000.0,4.583939392346069e-07,0.9994582978550384,C
round shape chicken flavour sticker blue,Round Shape Chicken Flavour Sticker Blue,1,1,11000.0,4.583939392346069e-07,0.9994587562489776,C
round shape milk flavour sticker pink,Round Shape Milk Flavour Sticker Pink,1,1,11000.0,4.583939392346069e-07,0.9994592146429169,C
repair of ac frequency drive 2 kw,Repair of AC Frequency Drive 2.KW,1,1,11000.0,4.583939392346069e-07,0.9994596730368561,C
thyristor for chapdi welder m c,Thyristor for Chapdi Welder M/c,1,1,11000.0,4.583939392346069e-07,0.9994601314307954,C
gear box type a 200 ratio 50 1 ra,"Gear Box - TYPE- A 200, RATIO - 50/1  RA",1,1,11000.0,4.583939392346069e-07,0.9994605898247346,C
battery 12v 100ah,"Battery 12V, 100AH",1,1,11000.0,4.583939392346069e-07,0.9994610482186739,C
hooter 24 v dc,Hooter 24 V DC,1,1,11000.0,4.583939392346069e-07,0.9994615066126131,C
concrit dreel bit 8mm,Concrit Dreel Bit 8Mm,4,4,10970.0,4.5714377394578524e-07,0.9994619637563871,C
tube 8 x 25 x 20,Tube 8 X 25 X 20,3,3,10913.64,4.547951300898523e-07,0.9994624185515172,C
dettol liquid handwash 215ml,Dettol Liquid Handwash 215ml,2,2,10908.96,4.546001043047961e-07,0.9994628731516215,C
mcb switch 32 amp 3 pole,Mcb Switch -32 Amp-3 Pole,2,2,10900.0,4.5422672160520136e-07,0.9994633273783431,C
sattur,Sattur,1,1,10890.0,4.538099998422608e-07,0.9994637811883429,C
ht bolt 12 x 125,HT BOLT 12 X 125,1,1,10862.0,4.526431789060273e-07,0.9994642338315218,C
sleeper,Sleeper,4,2,10857.0,4.52434818024557e-07,0.9994646862663399,C
caustic lab,Caustic (Lab),1,1,10850.0,4.521431127904986e-07,0.9994651384094527,C
abis malai milk,ABIS MALAI MILK,30,30,10845.0,4.519347519090283e-07,0.9994655903442047,C
steplar pin 10 no small,Steplar Pin 10 No. (Small),5,5,10833.92,4.514730241956902e-07,0.9994660418172289,C
v belt a 70,V Belt A-70,1,1,10830.0,4.5130966926461754e-07,0.9994664931268982,C
vfd choke,Vfd choke,1,1,10800.0,4.5005950397579587e-07,0.9994669431864022,C
rear 4th leaf spring 709 truck,Rear 4th Leaf Spring 709 Truck,1,1,10800.0,4.5005950397579587e-07,0.9994673932459062,C
fm839900 main wiring loom al 1012,FM839900 Main Wiring Loom AL 1012,1,1,10788.98,4.4960027659303535e-07,0.9994678428461827,C
capsicum simla mirch,Capsicum (Simla Mirch),36,36,10781.0,4.492677326262088e-07,0.9994682921139153,C
guide rail size i e2 21357 2 2880,"Guide Rail, Size-I: E2-21357+2-2880",1,1,10780.0,4.4922606044991474e-07,0.9994687413399758,C
264126800226 sub assy gear lever,264126800226_Sub Assy Gear Lever,2,2,10734.4,4.473258092109058e-07,0.9994691886657849,C
ci butterfly valve 8 200mm,"Ci Butterfly valve 8"" (200MM)",1,1,10725.0,4.469340907537417e-07,0.9994696355998757,C
search light assy 110 145mm al1012 1109,Search Light Assy 110/145MM AL1012/1109,2,2,10704.6,4.46083978357343e-07,0.999470081683854,C
labour charges of car rep work v 4155,Labour Charges Of Car Rep. Work V 4155,4,4,10686.0,4.453088758782736e-07,0.9994705269927299,C
mixi grinder cello,Mixi Grinder Cello,1,1,10675.0,4.4485048193903895e-07,0.9994709718432118,C
makhaana wada,Makhaana Wada,1,1,10666.64,4.4450210254522065e-07,0.9994714163453143,C
corn flour,Corn Flour,5,5,10664.16,4.443987555480114e-07,0.9994718607440699,C
solenoid valve 1089070213,Solenoid Valve (1089070213),1,1,10642.0,4.4347530012133514e-07,0.9994723042193701,C
office file,Office File,5,5,10628.0,4.4289188965321835e-07,0.9994727471112597,C
apron,Apron,1,1,10620.0,4.425585122428659e-07,0.9994731896697719,C
marker pen white board,Marker Pen (White Board),3,3,10612.9,4.4226263979117815e-07,0.9994736319324118,C
rubber stabilizer mount 45x125x200 mm,Rubber Stabilizer Mount 45X125X200 mm,1,1,10608.0,4.4205844612733727e-07,0.999474073990858,C
bearing 6211 2rs 1 fag,Bearing 6211 - 2RS 1 FAG,1,1,10600.0,4.4172506871698483e-07,0.9994745157159267,C
electric elbow 3 4,"Electric Elbow 3/4""",5,5,10594.0,4.414750356592205e-07,0.9994749571909624,C
epson eco tank printer l3 150 color prin,Epson eco tank printer l3 150 color prin,1,1,10593.22,4.414425313617111e-07,0.9994753986334937,C
f7b01100 air filter ele primary al 1616,F7B01100 Air Filter Ele.Primary AL 1616,1,1,10592.0,4.413916913066324e-07,0.999475840025185,C
bearing 6201 zz c3,Bearing 6201 Zz/C3,3,3,10584.0,4.4105831389627995e-07,0.9994762810834988,C
mcb switch 50 amp 4 pole,Mcb Switch - 50 Amp-4 Pole,1,1,10575.0,4.4068326430963346e-07,0.9994767217667632,C
ht washer 8mm,Ht Washer 8mm,5,5,10560.0,4.400581816652226e-07,0.9994771618249448,C
make up cartridge mc 2bk009,Make Up Cartridge (MC-2BK009),1,1,10560.0,4.400581816652226e-07,0.9994776018831265,C
amc for dell server power edge 6800,"AMC for Dell Server Power Edge 6800,",1,1,10530.0,4.3880801637640095e-07,0.9994780406911429,C
amc for dell server power edge m610,"AMC for Dell Server Power Edge M610,",1,1,10530.0,4.3880801637640095e-07,0.9994784794991592,C
blade scraper fp230 642371,Blade Scraper FP230 - 642371,1,1,10506.77,4.3783997172109006e-07,0.999478917339131,C
tissue paper,Tissue Paper,6,6,10506.0,4.3780788414534363e-07,0.9994793551470151,C
diving real bearing,DIVING REAL BEARING,1,1,10500.0,4.375578510875793e-07,0.9994797927048662,C
sticker baked delight red,Sticker Baked Delight RED,1,1,10500.0,4.375578510875793e-07,0.9994802302627173,C
sticker baked delight yellow,Sticker Baked Delight YELLOW,1,1,10500.0,4.375578510875793e-07,0.9994806678205683,C
cmc powder,CMC Powder,1,1,10500.0,4.375578510875793e-07,0.9994811053784194,C
scissors,Scissors,4,4,10498.310000000001,4.374874251096424e-07,0.9994815428658445,C
26258785 solonoide switch,26258785-Solonoide Switch,1,1,10485.0,4.369327684431685e-07,0.9994819797986129,C
copper lugz ring 25 mm,Copper Lugz Ring 25 Mm,3,3,10481.0,4.3676607973799226e-07,0.9994824165646926,C
obd scanner tools tdslite app,OBD Scanner Tools (TDSLite App.),2,2,10480.0,4.367244075616982e-07,0.9994828532891001,C
mccb model nsx100f,Mccb model - NSX100F,1,1,10470.0,4.3630768579875767e-07,0.9994832895967859,C
mcb patti,Mcb Patti,2,2,10425.0,4.3443243786552516e-07,0.9994837240292238,C
refrigrator 190 ltr dc kelvinitor w h,Refrigrator 190 LTR DC  Kelvinitor W/H,1,1,10424.0,4.343907656892311e-07,0.9994841584199895,C
252718130145 oil filter spinon 709 bsiv,252718130145 Oil Filter Spinon 709 BSIV,1,1,10415.3,4.340282177554728e-07,0.9994845924482073,C
pcb assibaly y2k,Pcb Assibaly Y2K,1,1,10400.0,4.333906334581738e-07,0.9994850258388408,C
screen frame abis gold,Screen Frame ABIS GOLD,2,2,10400.0,4.333906334581738e-07,0.9994854592294743,C
ht bolt 3 4x3,"Ht Bolt 3/4X3""",1,1,10371.0,4.3218214034564617e-07,0.9994858914116146,C
ht bolt 3 4 x 6,Ht Bolt 3/4 X 6'',2,2,10366.8,4.3200711720521113e-07,0.9994863234187318,C
labour charges of car rep work r 3210,Labour Charges Of Car Rep. Work R 3210,4,4,10358.0,4.316404020538235e-07,0.9994867550591339,C
sub zero controller,Sub Zero Controller,4,3,10350.0,4.3130702464347104e-07,0.9994871863661585,C
hm plastic polythene 16x21,HM plastic Polythene 16X21,1,1,10350.0,4.3130702464347104e-07,0.9994876176731832,C
paint light cream,Paint Light Cream,2,2,10340.0,4.308903028805305e-07,0.999488048563486,C
v belt b 58,V Belt B-58,2,2,10332.0,4.3055692547017806e-07,0.9994884791204115,C
paint blue,Paint Blue,4,3,10323.0,4.301818758835315e-07,0.9994889093022874,C
mh lamp 250 w,Mh Lamp - 250 W,3,3,10320.0,4.300568593546494e-07,0.9994893393591467,C
led pilot light yellow 230v ac,LED Pilot Light Yellow 230V AC,2,2,10320.0,4.300568593546494e-07,0.9994897694160061,C
led pilot light red 230v ac,LED Pilot Light Red 230V AC,2,2,10320.0,4.300568593546494e-07,0.9994901994728654,C
front 3rd leaf spring 709 truck,Front 3rd Leaf Spring 709 Truck,1,1,10260.0,4.275565287770061e-07,0.9994906270293942,C
labour charges for tiles works,Labour Charges for Tiles Works,1,1,10260.0,4.275565287770061e-07,0.9994910545859229,C
ss wire mesh 1 mm ft2,SS Wire Mesh 1 mm (FT2),1,1,10260.0,4.275565287770061e-07,0.9994914821424516,C
1 4 ratchet 7 13mm nuts,"""1/4 Ratchet 7-13mm Nuts",1,1,10250.0,4.271398070140655e-07,0.9994919092822586,C
temperature gauge 0 100 degree c dial,"Temperature Gauge (0-100) Degree C, Dial",1,1,10248.0,4.270564626614774e-07,0.9994923363387213,C
rear aux b leaf spring 709 truck,Rear Aux. B Leaf Spring 709 Truck,1,1,10248.0,4.270564626614774e-07,0.9994927633951839,C
temprature gauge 0 150,Temprature Gauge 0-150,1,1,10248.0,4.270564626614774e-07,0.9994931904516465,C
panne pasta 500g,Panne Pasta 500g,6,6,10233.2,4.264397144523254e-07,0.999493616891361,C
bearing 6313 zz c3,Bearing 6313 ZZ/C3,1,1,10232.0,4.263897078407725e-07,0.9994940432810688,C
bearing no 22216 ek s k f,Bearing No.- 22216 Ek - S.K.F.,1,1,10222.0,4.25972986077832e-07,0.9994944692540549,C
industrial plug socket 16a 3 pin,"Industrial Plug & Socket 16A, 3 Pin",2,1,10206.0,4.253062312571271e-07,0.9994948945602862,C
civil work foot dip wall,Civil work Foot Dip& Wall,1,1,10205.16,4.2527122662904007e-07,0.9994953198315129,C
angle griender 7,Angle Griender 7'',1,1,10200.0,4.2505619819936275e-07,0.9994957448877111,C
ordiney filter paper,Ordiney filter paper,2,2,10200.0,4.2505619819936275e-07,0.9994961699439093,C
pvc bend 1 5,"Pvc Bend 1.5""",2,2,10200.0,4.2505619819936275e-07,0.9994965950001076,C
rope ladder,Rope Ladder,2,2,10173.9,4.239685543980879e-07,0.9994970189686619,C
masala chat masala,Masala (Chat Masala),2,2,10172.970000000001,4.239297992741345e-07,0.9994974428984612,C
mobil grease unirex n3,Mobil Grease Unirex N3,1,1,10170.0,4.238060329105411e-07,0.9994978667044941,C
neem herbal floor cleaner,Neem Herbal Floor Cleaner,5,5,10160.0,4.2338931114760054e-07,0.9994982900938053,C
telephone instrument,Telephone Instrument,1,1,10144.2,4.227308907621545e-07,0.999498712824696,C
3 ply corrugated paneer 200gm x 10,3 Ply Corrugated Paneer 200gm X 10,1,1,10140.0,4.2255586762171947e-07,0.9994991353805637,C
m 18x2 5x84 rear hub bolt 909,M 18X2.5X84 Rear Hub Bolt 909,1,1,10130.0,4.221391458587789e-07,0.9994995575197095,C
king pin unit 0 s1 407 25 1mm,King Pin Unit (0/S1) 407 25 - 1Mm.,2,2,10125.0,4.2193078497730863e-07,0.9994999794504945,C
led torch,LED Torch,2,2,10074.2,4.198138384215706e-07,0.999500399264333,C
repair main work from sparsh aa 0397,Repair & Main Work From Sparsh AA 0397,3,2,10013.93,4.173022563563279e-07,0.9995008165665893,C
9 brick work,"9"" Brick Work",1,1,10000.0,4.167217629405517e-07,0.9995012332883523,C
repairing maintenance of load cell,Repairing & Maintenance of Load Cell,1,1,10000.0,4.167217629405517e-07,0.9995016500101153,C
ct coil 8000 5,Ct Coil - 8000/5,1,1,10000.0,4.167217629405517e-07,0.9995020667318782,C
safety goggle,Safety Goggle,5,5,9990.0,4.1630504117761117e-07,0.9995024830369195,C
blade blower 86615412,Blade Blower - 86615412,1,1,9983.88,4.160500074586915e-07,0.9995028990869269,C
terminal crimping tool 0 25 mm2,TERMINAL CRIMPING TOOL 0.25-MM2,5,5,9982.0,4.1597166376725873e-07,0.9995033150585907,C
mcb switch 16 amp 3 pole,Mcb Switch -16 Amp- 3 Pole,2,2,9980.0,4.1588831941467063e-07,0.9995037309469101,C
repair main work from jain k 1685,Repair & Main Work From Jain K 1685,2,1,9976.97,4.157620527204996e-07,0.9995041467089628,C
cp plus standlone 16 ch dvr box,CP Plus Standlone 16 Ch DVR Box,2,2,9958.25,4.149819495802749e-07,0.9995045616909124,C
angle holder,Angle Holder,1,1,9930.0,4.1380471059996783e-07,0.999504975495623,C
first aid kit,First Aid Kit,2,2,9910.8,4.1300460481512196e-07,0.9995053885002279,C
valve sit chamber bottle m c,Valve sit (Chamber Bottle m/c),1,1,9900.0,4.125545453111462e-07,0.9995058010547732,C
illuminated push button red,ILLuminated Push Button-Red,1,1,9900.0,4.125545453111462e-07,0.9995062136093185,C
mcb switch 20 amp 3 pole,Mcb Switch - 20 Amp-3 Pole,1,1,9900.0,4.125545453111462e-07,0.9995066261638638,C
dap diamonium phosphate,DAP (Diamonium Phosphate),1,1,9900.0,4.125545453111462e-07,0.9995070387184091,C
rear 4th leaf spring 1109 bs iii,Rear 4th Leaf Spring 1109 BS III,3,3,9900.0,4.125545453111462e-07,0.9995074512729544,C
petri dish 90x17 mm,Petri Dish (90X17 mm),1,1,9900.0,4.125545453111462e-07,0.9995078638274997,C
assy air cleaner,Assy Air Cleaner,2,2,9884.0,4.1188779049044134e-07,0.9995082757152902,C
ind air heating ele 2000 w 240 v,"""IND. Air Heating Ele. 2000 w ,240 V""",1,1,9880.0,4.117211017852651e-07,0.999508687436392,C
pedestel bearing ucfl204,Pedestel Bearing  - UCFL204,1,1,9850.0,4.104709364964434e-07,0.9995090979073284,C
rear kamani hangaer 608,Rear Kamani Hangaer 608,2,2,9840.0,4.100542147335029e-07,0.9995095079615431,C
rear 2nd leaf spring 709 truck,Rear 2nd Leaf Spring 709 Truck,1,1,9840.0,4.100542147335029e-07,0.9995099180157578,C
magaj bij,Magaj Bij,5,5,9823.6,4.093707910422804e-07,0.9995103273865489,C
bandage cloth dairy,Bandage Cloth (Dairy),1,1,9821.5,4.0928327947206285e-07,0.9995107366698284,C
coriander powder,Coriander Powder,8,8,9791.0,4.080122780950942e-07,0.9995111446821064,C
f002g90133 assy rotor,F002G90133 Assy Rotor,2,2,9789.08,4.079322675166096e-07,0.999511552614374,C
absolute carton 150ml x 6 pcs,Absolute carton 150ml x 6 pcs,1,1,9758.0,4.0663709627739037e-07,0.9995119592514703,C
253409110117 fuel filter bsiv tata yodha,253409110117 Fuel Filter BSIV Tata Yodha,2,2,9757.44,4.066137598586657e-07,0.9995123658652302,C
ms nut 2 sut,Ms Nut 2 Sut,3,3,9752.5,4.064078993077731e-07,0.9995127722731295,C
strap guide set 6 15mm a 21 as2,Strap Guide Set (6-15mm) - A-21-AS2,2,2,9750.0,4.063037188670379e-07,0.9995131785768484,C
soft drink,Soft Drink,9,4,9750.0,4.063037188670379e-07,0.9995135848805673,C
bullet 3 6 camera,Bullet 3.6 Camera,2,2,9745.7,4.061245285089735e-07,0.9995139910050959,C
279709119901 fuel filter element 709bsiv,279709119901 Fuel Filter Element 709BSIV,1,1,9736.86,4.0575614647053405e-07,0.9995143967612423,C
button mashroom,Button Mashroom,4,4,9720.0,4.0505355357821626e-07,0.9995148018147959,C
m 18x2 5x78 front hub bolt 909,M 18X2.5X78 Front Hub Bolt 909,1,1,9700.0,4.042201100523352e-07,0.999515206034906,C
metro flush grefety,Metro Flush Grefety,1,1,9648.3,4.020656585379325e-07,0.9995156081005645,C
bearing 32312 j2 q,Bearing 32312 J2/Q,1,1,9626.0,4.011363690065751e-07,0.9995160092369335,C
kasoori methi,Kasoori Methi,7,7,9618.46,4.008221607973179e-07,0.9995164100590943,C
tyre 2 75 18 48p ngp plus v2 n6 tt bike,Tyre 2.75-18 48P NGP PLUS-V2 N6 TT(BIKE),4,3,9609.25,4.004383600536497e-07,0.9995168104974543,C
bath slab,Bath slab,1,1,9600.0,4.0005289242292963e-07,0.9995172105503467,C
ele weight machine 1 kg,Ele. Weight Machine 1 Kg,1,1,9600.0,4.0005289242292963e-07,0.9995176106032391,C
pvc male 1 5,"Pvc Male 1.5""",1,1,9600.0,4.0005289242292963e-07,0.9995180106561314,C
bans bamboo chatai 4 5 x 6 size,Bans (Bamboo) Chatai 4.5' X 6' Size,2,2,9600.0,4.0005289242292963e-07,0.9995184107090238,C
etp effluent,ETP Effluent,2,2,9600.0,4.0005289242292963e-07,0.9995188107619162,C
wooden table drawer,Wooden Table Drawer,1,1,9600.0,4.0005289242292963e-07,0.9995192108148085,C
tag unprinted,Tag Unprinted,1,1,9600.0,4.0005289242292963e-07,0.9995196108677009,C
label in ltr 15 ltr jar,Label In ltr. (15 Ltr. Jar),1,1,9600.0,4.0005289242292963e-07,0.9995200109205933,C
0102baf00750nced frt facia panel bolero,0102BAF00750NCED Frt.Facia Panel Bolero,2,1,9588.0,3.99552826307401e-07,0.9995204104734196,C
ss flange sorf 100 nb,SS Flange SORF 100 NB,2,2,9580.0,3.9921944889704856e-07,0.9995208096928685,C
bearing ucp 207,Bearing Ucp 207,2,2,9575.0,3.9901108801557826e-07,0.9995212087039566,C
gi flexible pipe 3 4,Gi Flexible Pipe - 3/4'',2,2,9532.5,3.972400205230809e-07,0.9995216059439771,C
269126204650 synchro cone 1 2 3 4 gb 75,269126204650 Synchro Cone 1/2/3/4 GB-75,1,1,9531.25,3.9718793030271336e-07,0.9995220031319074,C
vetalgin 30ml,Vetalgin 30Ml,1,1,9529.6,3.971191712118282e-07,0.9995224002510786,C
chili powder,Chili Powder,7,7,9528.0,3.9705249572975766e-07,0.9995227973035744,C
bearing 6306 zz c3 skf,Bearing 6306-Zz/C3 Skf,2,2,9520.0,3.967191183194052e-07,0.9995231940226927,C
air filter part no 4020551,"AIR FILTER,Part no - 4020551",1,1,9520.0,3.967191183194052e-07,0.9995235907418111,C
ci ball valve 1,"Ci Ball Valve 1""",2,2,9504.0,3.9605236349870033e-07,0.9995239867941745,C
farm card separated 19 hours,Farm card separated (19 Hours),1,1,9500.0,3.9588567479352414e-07,0.9995243826798493,C
shoe covers dispenser machine m70,Shoe Covers Dispenser Machine-M70,2,2,9500.0,3.9588567479352414e-07,0.9995247785655241,C
vaccinator needile 20 no,Vaccinator Needile 20 No,2,2,9500.0,3.9588567479352414e-07,0.9995251744511989,C
oxygen regulater,Oxygen Regulater,1,1,9500.0,3.9588567479352414e-07,0.9995255703368737,C
front aux a leaf spring 709 truck,Front Aux. A. Leaf Spring 709 Truck,1,1,9490.0,3.954689530305836e-07,0.9995259658058268,C
jabra elite 65t bluetooth apac pack,Jabra Elite 65T Bluetooth APAC PACK,1,1,9466.12,3.944738214606816e-07,0.9995263602796483,C
430a32vf7j rr hub oil seal outer partner,430A32VF7J RR Hub Oil Seal Outer Partner,1,1,9457.8,3.94127108953915e-07,0.9995267544067572,C
maxtreat 9735,Maxtreat 9735,1,1,9450.0,3.938020659788214e-07,0.9995271482088232,C
frame r v m sfc 407 c type,Frame R V M  SFC 407 C Type,1,1,9400.0,3.917184571641186e-07,0.9995275399272803,C
green peas mutter,Green Peas (Mutter),9,8,9400.0,3.917184571641186e-07,0.9995279316457374,C
hot pot,Hot Pot,1,1,9366.0,3.9030160317012073e-07,0.9995283219473405,C
silage bag tubing,Silage Bag Tubing,1,1,9363.6,3.90201589947015e-07,0.9995287121489305,C
temperature controler dtc 303 nx,Temperature Controler  Dtc- 303 Nx,1,1,9360.0,3.900515701123564e-07,0.9995291022005006,C
moong mogar,Moong Mogar,5,5,9355.0,3.8984320923088614e-07,0.9995294920437099,C
hsbq vaccine,Hsbq Vaccine,1,1,9354.0,3.898015370545921e-07,0.9995298818452469,C
repair main work from sparsh g 6000,Repair & Main Work From Sparsh G 6000,2,1,9343.730000000001,3.8937356380405217e-07,0.9995302712188108,C
tiles,Tiles,1,1,9342.32,3.893148060354775e-07,0.9995306605336168,C
hiring hydra,Hiring Hydra,1,1,9333.0,3.889264213524169e-07,0.9995310494600382,C
f7a01500 oil filter lf16238 al 1616,F7A01500 Oil Filter (LF16238) AL 1616,1,1,9324.0,3.885513717657704e-07,0.99953143801141,C
apple lightning to usb cable,Apple Lightning to USB Cable,1,1,9322.0,3.8846802741318233e-07,0.9995318264794374,C
coupling bc 4a,Coupling Bc -4A,1,1,9310.0,3.8796796129765364e-07,0.9995322144473987,C
oil filter element change work,Oil Filter Element Change Work,1,1,9308.76,3.8791628779904903e-07,0.9995326023636865,C
vfd variable frequiency drive,VFD (Variable Frequiency Drive),1,1,9303.0,3.8767625606359525e-07,0.9995329900399426,C
clutch booster assy 90dia 909 bsiii,Clutch Booster Assy 90Dia 909 BSIII,1,1,9300.0,3.875512395347131e-07,0.9995333775911821,C
dhumal fan blade,Dhumal Fan Blade,1,1,9300.0,3.875512395347131e-07,0.9995337651424216,C
29066525 c m c assy 407 709,29066525 C.M.C Assy 407/709,1,1,9291.0,3.871761899480666e-07,0.9995341523186116,C
microwave oven,Microwave Oven,1,1,9288.14,3.870570075238656e-07,0.9995345393756192,C
canon scanner,Canon Scanner,2,2,9284.76,3.869161555679917e-07,0.9995349262917748,C
7602234c1 bush pivot pin king pin m m,7602234C1 Bush Pivot Pin ( KING PIN )M&M,2,2,9280.0,3.86717796008832e-07,0.9995353130095708,C
repair main work from sparsh ad 1941,Repair & Main Work From Sparsh AD 1941,4,2,9263.39,3.860256211605877e-07,0.9995356990351919,C
amendment fees,Amendment Fees,1,1,9260.0,3.858843524829509e-07,0.9995360849195444,C
descalant vet ds,Descalant Vet DS,1,1,9250.0,3.8546763072001035e-07,0.9995364703871751,C
protein band splash head,Protein Band (Splash Head),1,1,9250.0,3.8546763072001035e-07,0.9995368558548058,C
labour charges of car rep work k 1681,Labour Charges Of Car Rep. Work K 1681,1,1,9250.0,3.8546763072001035e-07,0.9995372413224365,C
cooling machine dimension m 5 4 1 3 1 9,Cooling machine-Dimension(m):5.4×1.3×1.9,1,1,9211.11,3.8384699978393456e-07,0.9995376251694362,C
repair main work from karan r 2540,Repair & Main Work From Karan R 2540,3,2,9204.11,3.8355529454987616e-07,0.9995380087247308,C
ms flange 8 table f 25 4 mm,"MS Flange 8"" Table F, 25.4 mm",1,1,9200.0,3.833840219053076e-07,0.9995383921087526,C
satol ac germicide cleaner,Satol - Ac (Germicide Cleaner),1,1,9200.0,3.833840219053076e-07,0.9995387754927745,C
rear hub oil seal outer 70x90x8 407,Rear Hub Oil Seal Outer 70X90X8 407,1,1,9200.0,3.833840219053076e-07,0.9995391588767963,C
285526990111 gear select cable 909 bsiv,285526990111 Gear Select Cable 909 BSIV,1,1,9192.18,3.8305814548668807e-07,0.9995395419349419,C
mcb 4 amp 3 pole 5sl43047rc,MCB 4 Amp 3 Pole - 5SL43047RC,1,1,9180.0,3.825505783794265e-07,0.9995399244855202,C
ms pipe 4 ibr,"Ms Pipe 4""-Ibr",1,1,9180.0,3.825505783794265e-07,0.9995403070360985,C
665668 accleator cable bobcat,665668 Accleator Cable Bobcat,1,1,9162.0,3.818004792061335e-07,0.9995406888365778,C
tool bit 3 8x4,Tool Bit 3/8X4,1,1,9156.0,3.8155044614836915e-07,0.9995410703870239,C
room freshner,Room Freshner,2,2,9153.0,3.81425429619487e-07,0.9995414518124535,C
led street light 72w,LED Street Light - 72W,2,2,9150.0,3.813004130906048e-07,0.9995418331128666,C
bearing 608 zz,Bearing - 608 ZZ,2,2,9130.0,3.8046696956472373e-07,0.9995422135798362,C
surge protection devices,Surge Protection Devices,3,3,9120.0,3.800502478017832e-07,0.999542593630084,C
casing cover pump name 65 200,"CASING COVER,PUMP NAME- 65/200",2,2,9105.0,3.7942516515737236e-07,0.9995429730552492,C
thinar,Thinar,6,6,9093.56,3.789484354605683e-07,0.9995433520036846,C
88912 center bearing w rubber wos 3118,88912 Center Bearing W/Rubber Wos 3118,1,1,9090.0,3.788000825129615e-07,0.9995437308037671,C
540a62va0j ball joint lower al dost,540A62Va0J Ball Joint Lower Al Dost,2,2,9084.37,3.7856546816042603e-07,0.9995441093692353,C
278618139902 oil filter insert,278618139902 Oil Filter Insert,1,1,9076.8,3.7825000978587994e-07,0.9995444876192451,C
eng oil filter change auto center 4908,Eng.Oil & Filter Change Auto Center 4908,1,1,9074.0,3.7813332769225664e-07,0.9995448657525727,C
labour charges of car rep work v 4295,Labour Charges Of Car Rep. Work V 4295,2,2,9071.0,3.7800831116337444e-07,0.9995452437608839,C
controller kit 3tf47 63 a,Controller Kit 3TF47 63 A,1,1,9060.0,3.7754991722413985e-07,0.9995456213108012,C
side glass dia 220mm thickness 10 mm,"SIDE GLASS, DIA- 220MM, THICKNESS- 10 MM",1,1,9040.0,3.767164736982588e-07,0.9995459980272748,C
m 304430 rg2 relay valve,M 304430 RG2 Relay Valve,1,1,9036.0,3.7654978499308253e-07,0.9995463745770599,C
lugz plier 0 5 16 sqmm,Lugz Plier  0.5-16 Sqmm,2,2,9025.0,3.7609139105384794e-07,0.9995467506684509,C
v belt spa 1500 lw,V Belt - SPA 1500 LW,1,1,9020.0,3.7588303017237764e-07,0.999547126551481,C
ms round bar 70 mm,Ms Round Bar 70 Mm,1,1,9010.0,3.754663084094371e-07,0.9995475020177894,C
clutch pulley d 03 00,Clutch Pulley (D-03-00),1,1,9000.0,3.7504958664649657e-07,0.999547877067376,C
wall tiles fitting,Wall tiles fitting,1,1,9000.0,3.7504958664649657e-07,0.9995482521169626,C
gear box mounting 407,Gear Box Mounting 407,1,1,9000.0,3.7504958664649657e-07,0.9995486271665492,C
dry mop,Dry Mop,1,1,9000.0,3.7504958664649657e-07,0.9995490022161359,C
electric board 32 x36 kabja,"Electric Board 32""X36"" (Kabja)",1,1,9000.0,3.7504958664649657e-07,0.9995493772657225,C
old frp removing charges of vessel,Old FRP Removing Charges of Vessel,1,1,9000.0,3.7504958664649657e-07,0.9995497523153091,C
bucket fastner 3 8 x 2,Bucket Fastner - 3/8 X 2'',3,3,9000.0,3.7504958664649657e-07,0.9995501273648957,C
potassium sulphate,Potassium Sulphate,1,1,9000.0,3.7504958664649657e-07,0.9995505024144823,C
32 bone mould die,32 Bone Mould Die,1,1,9000.0,3.7504958664649657e-07,0.9995508774640689,C
bearing mtg block assy,Bearing Mtg. Block Assy.,1,1,9000.0,3.7504958664649657e-07,0.9995512525136555,C
fang bolt m8 x 42ws,Fang Bolt M8 X 42WS,1,1,9000.0,3.7504958664649657e-07,0.9995516275632421,C
maggi rich tomato ketchup sauce,Maggi Rich Tomato Ketchup Sauce,2,2,9000.0,3.7504958664649657e-07,0.9995520026128287,C
278614609901assy inter cooler hyva,278614609901ASSY INTER COOLER HYVA,1,1,9000.0,3.7504958664649657e-07,0.9995523776624153,C
upper flexible link for chapdi,Upper Flexible Link for chapdi,1,1,9000.0,3.7504958664649657e-07,0.999552752712002,C
disc filter,Disc Filter,2,2,9000.0,3.7504958664649657e-07,0.9995531277615886,C
laptop hard disk 500 gb,Laptop Hard Disk 500 GB,1,1,8984.0,3.743828318257917e-07,0.9995535021444204,C
ms bolt 5 sut 2 5,"Ms Bolt 5 Sut 2.5""",1,1,8961.84,3.7345937639911544e-07,0.9995538756037968,C
cauliflower phoolgobhi,CauliFlower (Phoolgobhi),25,25,8960.0,3.7338269959473436e-07,0.9995542489864965,C
injection ring a side,Injection ring - A Side,1,1,8960.0,3.7338269959473436e-07,0.9995546223691961,C
injection ring b side,Injection ring - B Side,1,1,8960.0,3.7338269959473436e-07,0.9995549957518958,C
vaccume gauge 0 760 4,"Vaccume Gauge 0 - 760 4""",1,1,8937.0,3.724242395399711e-07,0.9995553681761353,C
whip topping,Whip Topping,2,2,8920.8,3.7174915028400736e-07,0.9995557399252856,C
spares sale 28,Spares Sale @28%,10,6,8913.47,3.7144369323177193e-07,0.9995561113689788,C
concrit drill bit 12 mm,Concrit Drill Bit - 12 Mm,1,1,8910.0,3.7129909078003156e-07,0.9995564826680696,C
front aux b leaf spring 709 truck,Front Aux. B Leaf Spring 709 Truck,1,1,8910.0,3.7129909078003156e-07,0.9995568539671604,C
fit spanner 6x7 to 30x32,Fit Spanner 6X7 To 30X32,2,2,8910.0,3.7129909078003156e-07,0.9995572252662512,C
sphero sprk sp sprk clr,Sphero SPRK+SP - SPRK+CLR,1,1,8898.3,3.7081152631739113e-07,0.9995575960777775,C
shocket 16 amp,Shocket 16 Amp,9,9,8896.44,3.707340160694842e-07,0.9995579668117935,C
refrigerator 170 ltr 3 star vab183,Refrigerator 170 Ltr 3 Star VAB183,1,1,8890.0,3.704656472541505e-07,0.9995583372774408,C
babul wood,Babul Wood,2,2,8887.87,3.703768855186442e-07,0.9995587076543263,C
earth work excavation,Earth Work Excavation,1,1,8886.24,3.7030895987128484e-07,0.9995590779632861,C
ht bolt 12x100mm,Ht Bolt 12X100Mm,1,1,8878.0,3.699655811386218e-07,0.9995594479288673,C
refrigerator 192 ltr,Refrigerator 192 Ltr.,1,1,8868.65,3.695759462902724e-07,0.9995598175048136,C
safty helmet,Safty Helmet,4,4,8855.0,3.6900712108385857e-07,0.9995601865119347,C
alluminium lugz ring 240 mm,Alluminium Lugz Ring 240 Mm,2,2,8834.0,3.681320053816834e-07,0.9995605546439401,C
bearing ucp 208 mm only brg,Bearing UCP 208 MM (Only Brg.),1,1,8827.0,3.67840300147625e-07,0.9995609224842402,C
570609110108 fuel water filter ultra bus,570609110108 Fuel Water Filter Ultra Bus,2,2,8822.039999999999,3.6763360615320647e-07,0.9995612901178463,C
diamond gland cutter 63 mm,Diamond Gland Cutter - 63 mm,1,1,8820.0,3.675485949135666e-07,0.9995616576664412,C
repair main work from shivnath r 2855,Repair & Main Work From Shivnath R 2855,2,1,8818.27,3.6747650204857794e-07,0.9995620251429432,C
tube 1000 20,Tube 1000 - 20,1,1,8813.52,3.6727855921118115e-07,0.9995623924215025,C
plasterring in 1 4 cm inner,Plasterring In 1:4 CM Inner,1,1,8803.06,3.668426682471453e-07,0.9995627592641707,C
ht plain washer 12m,Ht Plain Washer 12M,1,1,8802.0,3.667984957402736e-07,0.9995631260626664,C
pvc type lable size 4x6 parent 5,PVC Type Lable (Size-4X6) PARENT-5,1,1,8800.0,3.6671515138768553e-07,0.9995634927778178,C
cotton bundle dairy,Cotton Bundle (Dairy),4,4,8800.0,3.6671515138768553e-07,0.9995638594929691,C
pvc type lable size 4x6 parent 3,PVC Type Lable (Size-4X6) PARENT-3,1,1,8800.0,3.6671515138768553e-07,0.9995642262081205,C
hour meter hm 48,Hour Meter - Hm - 48,1,1,8800.0,3.6671515138768553e-07,0.9995645929232718,C
upvc elbow 2,"Upvc Elbow 2""",1,1,8786.88,3.661684124347075e-07,0.9995649590916843,C
air chamber car washer handi,Air Chamber Car washer ( Handi ),1,1,8771.16,3.65513325823365e-07,0.9995653246050101,C
electric tape blue,Electric Tape - Blue,5,5,8768.4,3.6539831061679334e-07,0.9995656900033207,C
bio pp pouch laminates,Bio PP Pouch Laminates,2,2,8758.0,3.649649199833352e-07,0.9995660549682407,C
storage container 20 k g,Storage Container (20 K.g),1,1,8750.0,3.646315425729828e-07,0.9995664195997833,C
labour charges of car rep work k 1685,Labour Charges Of Car Rep. Work K 1685,1,1,8750.0,3.646315425729828e-07,0.9995667842313259,C
ph paper,Ph Paper,1,1,8750.0,3.646315425729828e-07,0.9995671488628686,C
king pin unit set 2nd o s 909,King Pin Unit Set 2ND O/S 909,1,1,8742.0,3.6429816516263034e-07,0.9995675131610338,C
chain conveyor chain jointer x563,Chain Conveyor Chain Jointer-X563,1,1,8742.0,3.6429816516263034e-07,0.999567877459199,C
alluminium,Alluminium,3,3,8723.34,3.6352056235298324e-07,0.9995682409797613,C
switch 16 amp,Switch - 16 Amp,6,6,8721.0,3.6342304946045516e-07,0.9995686044028107,C
tube 16x9x28 jcb,Tube 16X9X28 (JCB),1,1,8704.36,3.627296244469221e-07,0.9995689671324351,C
thermowell ss 316 moc,"Thermowell SS-316 MOC,",1,1,8700.0,3.6254793375828e-07,0.9995693296803689,C
sleeve yoke 1312 1612,Sleeve Yoke 1312/1612,1,1,8696.0,3.623812450531038e-07,0.999569692061614,C
29066526 c s c assy 407,29066526 C.S.C Assy 407,1,1,8692.5,3.622353924360746e-07,0.9995700542970064,C
label in ltr soyal,Label In Ltr (SOYAL),2,2,8690.0,3.6213121199533944e-07,0.9995704164282184,C
element lube oil filter 3401544,Element Lube Oil Filter - 3401544,1,1,8688.39,3.62064119791506e-07,0.9995707784923382,C
winding rod support bottom m432306,Winding Rod Support (Bottom) (M432306),1,1,8680.0,3.617144902323989e-07,0.9995711402068285,C
winding rod support top m432305,Winding Rod Support (Top) (M432305),1,1,8680.0,3.617144902323989e-07,0.9995715019213187,C
socket spanner set 10 to 32,Socket Spanner Set 10 to 32,2,2,8670.0,3.6129776846945837e-07,0.9995718632190872,C
ci bar,Ci Bar,4,2,8668.0,3.612144241168702e-07,0.9995722244335113,C
bearing no 30207 j2 q skf,Bearing No- 30207 J2/Q - Skf,1,1,8656.0,3.607143580013416e-07,0.9995725851478694,C
pressure switch 2 5 to 7 5 amp,Pressure Switch 2.5 To 7.5 Amp,1,1,8644.02,3.6021512532933883e-07,0.9995729453629947,C
c r c spray 5 56,C.R.C Spray 5-56,2,2,8640.0,3.600476031806367e-07,0.9995733054105979,C
paint brush 6,"Paint Brush 6""",1,1,8640.0,3.600476031806367e-07,0.999573665458201,C
battery 65 ah din ax1013730 cummins,Battery 65 AH DIN (AX1013730) Cummins,1,1,8628.0,3.59547537065108e-07,0.9995740250057381,C
bearing cr brng nj214e,Bearing  CR BRNG. NJ214E,1,1,8622.0,3.592975040073437e-07,0.9995743843032421,C
f002g70220 assy armature,F002G70220 Assy Armature,2,2,8620.73,3.5924458034345023e-07,0.9995747435478224,C
sphero bb8 sp bb8 wht,Sphero BB8 SP - BB8 - WHT,1,1,8601.7,3.5845155882857443e-07,0.9995751019993813,C
bearing no 51113,Bearing No. 51113,1,1,8584.0,3.577139613081696e-07,0.9995754597133426,C
cotton polyster filter cloth,Cotton/Polyster Filter Cloth,1,1,8580.7,3.5757644312639925e-07,0.9995758172897857,C
266835707901 rear axle shaft 3118 bsiii,266835707901 Rear Axle Shaft 3118 BSIII,1,1,8551.5,3.563596155786128e-07,0.9995761736494013,C
combination switch single copler 407 909,Combination Switch(Single Copler)407/909,1,1,8550.0,3.5629710731417174e-07,0.9995765299465086,C
surf excel washing powder,Surf Excel (Washing Powder),3,3,8534.64,3.55657022686295e-07,0.9995768856035313,C
rear view mirror luxuary,Rear View Mirror (Luxuary),1,1,8500.0,3.5421349849946894e-07,0.9995772398170298,C
lm tp312w tape cassette white 8mtr 12mm,LM-TP312W Tape Cassette-White (8mtr)12mm,1,1,8500.0,3.5421349849946894e-07,0.9995775940305284,C
non metalic packing sheet 3mm af154,Non Metalic Packing Sheet 3mm - AF154,1,1,8499.0,3.541718263231749e-07,0.9995779482023547,C
safety switch az16 02zvrk m16,Safety Switch- AZ16-02ZVRK-M16,1,1,8495.0,3.540051376179987e-07,0.9995783022074923,C
253409110121 fuel filter assy 709 bs iv,253409110121 Fuel Filter Assy 709 BS-IV,2,2,8488.12,3.537184330450956e-07,0.9995786559259254,C
coca cola can,Coca Cola (Can),3,3,8485.650000000001,3.5361550276964934e-07,0.9995790095414282,C
472102ve1abrake booster w tmc al partner,472102VE1ABrake Booster W/TMC AL Partner,1,1,8480.47,3.5339964089644604e-07,0.9995793629410691,C
mangnese screw flight 170x60x3mm 180 pi,Mangnese Screw Flight 170X60X3mm(180 PI),2,2,8480.0,3.5338005497358786e-07,0.9995797163211241,C
submersible pipe,Submersible Pipe,1,1,8475.0,3.5317169409211757e-07,0.9995800694928182,C
edible salt,Edible Salt,8,8,8475.0,3.5317169409211757e-07,0.9995804226645123,C
wind shield glass marcopolo bus,Wind Shield Glass Marcopolo BUS,1,1,8474.58,3.5315419177807405e-07,0.9995807758187041,C
maxquat 50,Maxquat 50,1,1,8470.0,3.529633332106473e-07,0.9995811287820373,C
labour charges of car rep work r 4914,Labour Charges Of Car Rep. Work R 4914,3,3,8468.6,3.5290499216383565e-07,0.9995814816870294,C
flame proof motor fan,Flame Proof Motor Fan,1,1,8450.0,3.521298896847662e-07,0.9995818338169191,C
ht bolt 4 x 19,HT BOLT 4 X 19,1,1,8440.0,3.5171316792182566e-07,0.999582185530087,C
bearing 2209k 2rs tvs03,Bearing 2209K 2RS TVS03,1,1,8414.0,3.5062969133818023e-07,0.9995825361597784,C
dns 500 ml,Dns 500 Ml,2,2,8400.0,3.5004628087006345e-07,0.9995828862060593,C
wash solution wl 210 liter,Wash Solution (WL-210) ( Liter ),2,2,8400.0,3.5004628087006345e-07,0.9995832362523401,C
quick connect insert 1 4 od,Quick Connect Insert 1/4 Od,1,1,8400.0,3.5004628087006345e-07,0.999583586298621,C
back filling plinth with murrum,Back Filling Plinth With Murrum,1,1,8349.69,3.4794975368070955e-07,0.9995839342483747,C
repair main work from jain v 4155,Repair & Main Work From Jain V 4155,2,1,8336.369999999999,3.4739468029247267e-07,0.9995842816430549,C
278603990196 fly wheel assy 138t gb 60,278603990196 Fly Wheel Assy 138T GB 60,1,1,8330.0,3.4712922852947957e-07,0.9995846287722835,C
repair main work from karan r 4915,Repair & Main Work From Karan R 4915,2,1,8325.9,3.4695837260667396e-07,0.9995849757306561,C
ht bolt 12x75,Ht Bolt 12X75,2,2,8312.5,3.4639996544433364e-07,0.9995853221306216,C
plastick tirpaul 30x36,Plastick Tirpaul 30X36,1,1,8304.0,3.4604575194583415e-07,0.9995856681763735,C
fronr bumper repair work z 5749,Fronr Bumper Repair Work Z 5749,1,1,8300.0,3.458790632406579e-07,0.9995860140554368,C
fan belt part no 3098359,Fan Belt (Part No.-3098359),1,1,8280.21,3.4505437087179856e-07,0.9995863591098076,C
glass van blade 22 no,Glass Van Blade 22 No.,2,2,8280.0,3.450456197147768e-07,0.9995867041554274,C
roof sheet joint bolt 8 x 35mm,Roof sheet Joint Bolt 8 X 35mm,1,1,8260.0,3.4421217618889575e-07,0.9995870483676036,C
roto moulded plastic pallets,Roto moulded plastic pallets,1,1,8250.0,3.4379545442595516e-07,0.999587392163058,C
hexa blade chauda,Hexa Blade Chauda,2,2,8250.0,3.4379545442595516e-07,0.9995877359585125,C
m 305441 d d unit assy 909 bsiii,M 305441 D D Unit Assy 909 BSIII,1,1,8246.2,3.436371001560378e-07,0.9995880795956126,C
hand gloves leather,Hand Gloves - Leather,2,2,8240.0,3.433787326630146e-07,0.9995884229743452,C
led bulb 17w pin type,LED Bulb 17W(Pin type),1,1,8240.0,3.433787326630146e-07,0.9995887663530779,C
limit switch 10 a,Limit Switch 10 A,3,3,8238.0,3.432953883104265e-07,0.9995891096484663,C
non sparking ring spanner 25 x 28,Non sparking Ring Spanner- 25 x 28,1,1,8232.0,3.430453552526622e-07,0.9995894526938215,C
f1864822 assy rear hub al 1012,F1864822 Assy Rear Hub AL 1012,1,1,8232.0,3.430453552526622e-07,0.9995897957391767,C
bearing ntn uc 208,Bearing Ntn - Uc 208,1,1,8221.2,3.4259529574868643e-07,0.9995901383344725,C
adhesive tape,Adhesive Tape,1,1,8215.2,3.423452626909221e-07,0.9995904806797352,C
numex ink 500ml,Numex Ink 500ml,1,1,8214.22,3.4230442395815387e-07,0.9995908229841591,C
labour charge from city wheels l 1582,Labour Charge From City Wheels L-1582,1,1,8207.5,3.420243869334578e-07,0.9995911650085461,C
041195c08 wheel disc frt 7x50x16 tractor,041195C08 Wheel Disc FRT 7X50X16 Tractor,1,1,8202.0,3.417951899638405e-07,0.999591506803736,C
timer elec star delta,Timer - Elec.(Star Delta ),1,1,8200.0,3.417118456112524e-07,0.9995918485155816,C
electric board 8 x10 pvc,"Electric Board 8''X10"" Pvc",1,1,8200.0,3.417118456112524e-07,0.9995921902274272,C
oil filter 380 kva,Oil Filter 380 KVA,1,1,8196.6,3.4157016021185263e-07,0.9995925317975874,C
land survey work dhaurabhata,Land Survey work Dhaurabhata,1,1,8190.0,3.4129512384831187e-07,0.9995928730927113,C
028346ced frt center bonnet assy bolero,028346CED Frt.Center Bonnet Assy Bolero,1,1,8188.0,3.4121177949572377e-07,0.9995932143044908,C
275425400108 clutch cover 1 5 splin gb50,275425400108 Clutch Cover 1.5 Splin GB50,1,1,8175.0,3.4067004120390104e-07,0.999593554974532,C
power capaciter 10 kvar,Power Capaciter 10 Kvar,1,1,8160.0,3.400449585594902e-07,0.9995938950194905,C
white lethium grease,White Lethium Grease,1,1,8160.0,3.400449585594902e-07,0.999594235064449,C
gi earthing strip 25x3 mm,Gi Earthing Strip 25X3 Mm,1,1,8160.0,3.400449585594902e-07,0.9995945751094075,C
arial washing powder,Arial Washing Powder,1,1,8160.0,3.400449585594902e-07,0.999594915154366,C
253409140133 air filter secondary 407 bs,253409140133 Air Filter Secondary 407 BS,2,2,8156.75,3.399095239865345e-07,0.99959525506389,C
f002g90129 assy rotor mico 407,F002G90129 Assy Rotor MICO 407,1,1,8156.25,3.398886878983875e-07,0.9995955949525779,C
non sparking fit spanner 25 x 28,Non sparking Fit Spanner- 25 x 28,1,1,8152.0,3.3971158114913776e-07,0.9995959346641591,C
com mechanical seal mega g 80 200,Com. Mechanical Seal Mega G 80/200,1,1,8150.0,3.3962823679654966e-07,0.9995962742923958,C
26253397 drive bendex assy 9 teeth 12v,26253397 Drive Bendex Assy 9 Teeth 12V,2,2,8148.0,3.3954489244396157e-07,0.9995966138372883,C
canon printer 2900b,Canon Printer 2900B,1,1,8135.59,3.390277407361523e-07,0.999596952865029,C
lock midium,Lock Midium,4,4,8135.0,3.3900315415213883e-07,0.9995972918681831,C
301002ve0a clutch disc 280 dia alpartner,301002VE0A Clutch Disc 280 Dia ALPartner,1,1,8128.05,3.3871353252689515e-07,0.9995976305817157,C
ss round bar 75mm,SS ROUND BAR 75MM,1,1,8125.0,3.385864323891983e-07,0.999597969168148,C
wind shield glass sfc,Wind Shield Glass Sfc,1,1,8105.07,3.3775590591565775e-07,0.9995983069240539,C
mcb switch 16 amp 2 pole,Mcb Switch - 16 Amp-2 Pole,2,2,8100.0,3.375446279818469e-07,0.999598644468682,C
sodium metabi sulphate,Sodium Metabi Sulphate,1,1,8100.0,3.375446279818469e-07,0.99959898201331,C
ahu filter nylon 460x592x50mm,AHU Filter (Nylon) 460X592X50MM,1,1,8100.0,3.375446279818469e-07,0.999599319557938,C
lan cable cat 6 stp,Lan Cable Cat 6 - Stp,2,2,8081.2,3.367611910675187e-07,0.9995996563191291,C
besan gram flour,Besan/Gram Flour,4,4,8071.2,3.363444693045781e-07,0.9995999926635983,C
289642100107 caliper assy rh t yodha,289642100107 Caliper Assy RH T-Yodha,1,1,8063.28,3.360144256683292e-07,0.999600328678024,C
289642100106 caliper assy lh t yodha,289642100106 Caliper Assy LH T-Yodha,1,1,8063.28,3.360144256683292e-07,0.9996006646924496,C
bearing no 7306,Bearing No. 7306,1,1,8060.0,3.358777409300847e-07,0.9996010005701905,C
0119aaf00680nced frt bumper assy bolero,0119AAF00680NCED Frt Bumper Assy Bolero,2,1,8052.0,3.3554436351973227e-07,0.999601336114554,C
hdmi cable 15 mtr,HDMI Cable 15 mtr.,4,4,8050.85,3.354964405169941e-07,0.9996016716109946,C
drill bit 3 mm,Drill Bit 3 Mm,6,6,8040.0,3.350442974042036e-07,0.999602006655292,C
bearing rn 312,Bearing - RN 312,1,1,8040.0,3.350442974042036e-07,0.9996023416995894,C
ms plate 1 mm 4 x 8,Ms Plate 1 Mm (4 X 8),1,1,8025.0,3.3441921475979274e-07,0.9996026761188042,C
302102ve0a pr plate clutch 280d alpartnr,302102VE0A Pr.Plate(Clutch)280D ALPartnr,1,1,8024.94,3.344167144292151e-07,0.9996030105355186,C
sj10894 steering cylinder assy johndeere,SJ10894 Steering Cylinder Assy JohnDeere,1,1,8024.58,3.3440171244574923e-07,0.999603344937231,C
ms nut 4 sut,Ms Nut 4 Sut,4,4,8023.2,3.3434420484246343e-07,0.9996036792814359,C
550 43833 transmission o houling kit jcb,550/43833 Transmission O/Houling Kit JCB,1,1,8022.88,3.3433086974604934e-07,0.9996040136123057,C
250526103723 gear box hsg gbs 40 909 bs3,250526103723 Gear Box HSG GBS-40 909 BS3,1,1,8019.53,3.341912679554643e-07,0.9996043478035737,C
food color,Food Color,1,1,8000.0,3.3337741035244137e-07,0.999604681180984,C
pp sprocket wheel s to a chain 10 teeth,"PP sprocket wheel, s.to a.chain,10 Teeth",1,1,8000.0,3.3337741035244137e-07,0.9996050145583943,C
trunk 4 x2 5 x2 5,Trunk 4'X2.5'X2.5',1,1,8000.0,3.3337741035244137e-07,0.9996053479358047,C
pvc reduser 1 5x1,Pvc Reduser 1.5X1,1,1,8000.0,3.3337741035244137e-07,0.999605681313215,C
pvc reducer 1 5 x1 2,"Pvc Reducer 1.5""X1/2""",1,1,8000.0,3.3337741035244137e-07,0.9996060146906254,C
neelicol sunset yellow,Neelicol Sunset Yellow,1,1,8000.0,3.3337741035244137e-07,0.9996063480680357,C
pest control service of indamara plant,Pest Control Service of Indamara Plant,1,1,8000.0,3.3337741035244137e-07,0.9996066814454461,C
barication tape,Barication Tape,1,1,8000.0,3.3337741035244137e-07,0.9996070148228564,C
contactor coil volt 220v lc1d32m7,Contactor (Coil Volt 220V) - LC1D32M7,1,1,8000.0,3.3337741035244137e-07,0.9996073482002668,C
pvc male 2,"Pvc Male 2""",1,1,8000.0,3.3337741035244137e-07,0.9996076815776771,C
10ml masuring cup for 25mm ropp cap,10ml Masuring Cup for 25mm ROPP Cap,1,1,8000.0,3.3337741035244137e-07,0.9996080149550874,C
dentig painting work from kgn ad 3684,Dentig & Painting Work From KGN AD 3684,1,1,8000.0,3.3337741035244137e-07,0.9996083483324978,C
sum wire 22 swg,Sum Wire 22 Swg,1,1,7995.0,3.3316904947097113e-07,0.9996086815015472,C
whatman filter paper no 42,Whatman Filter paper No.42,1,1,7995.0,3.3316904947097113e-07,0.9996090146705967,C
6505466c91 main clutch plate m loder,6505466C91 Main Clutch Plate M-Loder,1,1,7992.0,3.3304403294208893e-07,0.9996093477146296,C
dettol liquid,Dettol Liquid,2,2,7971.2,3.321772516751726e-07,0.9996096798918813,C
suspation o houling jaika auto la 0892,Suspation O/Houling Jaika Auto LA-0892,2,1,7962.089999999999,3.3179761814913374e-07,0.9996100116894995,C
nariyal rassi,Nariyal Rassi,1,1,7950.0,3.312938015377386e-07,0.999610342983301,C
rear 5th leaf spring 709 truck,Rear 5th Leaf Spring 709 Truck,1,1,7950.0,3.312938015377386e-07,0.9996106742771025,C
king pin unit set 2nd o s 1312 2515,King Pin Unit Set 2nd O/S 1312/2515,1,1,7936.0,3.3071039106962184e-07,0.9996110049874936,C
06509332b91brake friction plate m loader,06509332B91Brake Friction Plate M-Loader,1,1,7930.0,3.304603580118575e-07,0.9996113354478515,C
lugz plier 0 5 6 mm,Lugz Plier - 0.5-6 Mm,2,2,7920.0,3.3004363624891695e-07,0.9996116654914877,C
withdrawal sleeve,Withdrawal Sleeve,1,1,7920.0,3.3004363624891695e-07,0.9996119955351239,C
sheet fitting work shed no 2,Sheet Fitting work Shed No. 2,1,1,7920.0,3.3004363624891695e-07,0.9996123255787601,C
963022ve0a assy mirror lh al partner,963022VE0A Assy Mirror LH AL Partner,2,2,7899.96,3.292085258359841e-07,0.999612654787286,C
20 925552 pump assy trans charger jcb,20/925552 Pump Assy (Trans.Charger) JCB,1,1,7883.89,3.2853885396293863e-07,0.99961298332614,C
hp laserjet pro cp1025 color printer,HP laserjet pro cp1025 color printer,1,1,7881.35,3.2843300663515177e-07,0.9996133117591467,C
health faucet,Health Faucet,2,2,7866.26,3.2780417349487445e-07,0.9996136395633202,C
coffee nestle pouch,Coffee Nestle Pouch,1,1,7864.0,3.2770999437644986e-07,0.9996139672733145,C
rear view mirror lh super ace,Rear View Mirror LH Super ACE,2,2,7832.2,3.2638481917029894e-07,0.9996142936581337,C
rear view mirror rh super ace,Rear View Mirror RH Super ACE,2,2,7832.2,3.2638481917029894e-07,0.9996146200429529,C
bearing 6208 zz c3,Bearing 6208 ZZ/C3,2,2,7826.0,3.2612645167727575e-07,0.9996149461694045,C
mustard oil,Mustard Oil,5,5,7823.84,3.2603643977648063e-07,0.9996152722058442,C
3520540205 engine push rod 909,3520540205 Engine Push Rod 909,1,1,7812.8,3.255763789501943e-07,0.9996155977822232,C
white pepper,White Pepper,3,3,7810.0,3.2545969685657087e-07,0.9996159232419201,C
upvc socket 2,"Upvc Socket 2""",1,1,7803.94,3.252071634682289e-07,0.9996162484490835,C
wallmount screen,Wallmount Screen,2,2,7800.0,3.2504297509363033e-07,0.9996165734920586,C
clutch system repair genral vender l1540,Clutch System Repair Genral Vender L1540,1,1,7800.0,3.2504297509363033e-07,0.9996168985350337,C
idli powder,Idli Powder,3,3,7800.0,3.2504297509363033e-07,0.9996172235780088,C
silicon tube,SILICON TUBE,1,1,7800.0,3.2504297509363033e-07,0.9996175486209838,C
sum bush 24x36x40 with coller,Sum Bush 24X36X40 with Coller,1,1,7800.0,3.2504297509363033e-07,0.9996178736639589,C
x 185 ltr,X-185 LTR,1,1,7796.0,3.2487628638845414e-07,0.9996181985402454,C
gear pump hg150,Gear Pump - HG150,1,1,7790.0,3.246262533306898e-07,0.9996185231664987,C
ht bolt 16x100 mm,Ht Bolt 16X100 Mm,1,1,7785.0,3.244178924492195e-07,0.9996188475843911,C
pen,Pen,8,8,7778.0,3.241261872151611e-07,0.9996191717105783,C
ht tape,HT Tape,1,1,7771.15,3.2384073280754684e-07,0.9996194955513111,C
bearing cr brng nup2308e,Bearing CR BRNG. NUP2308E,1,1,7768.0,3.2370946545222056e-07,0.9996198192607766,C
refilling for abc type 6 kg,Refilling for ABC Type 6 Kg,2,2,7760.0,3.233760880418681e-07,0.9996201426368646,C
stiching machine switch,Stiching Machine Switch,2,2,7750.0,3.229593662789276e-07,0.9996204655962309,C
mcb 16 amp 3 pole schneider,MCB 16 Amp 3 Pole (Schneider),1,1,7750.0,3.229593662789276e-07,0.9996207885555971,C
253420100133 water pump assy 407ex bsiii,253420100133 Water Pump Assy 407EX BSIII,3,3,7745.549999999999,3.22773925094419e-07,0.9996211113295222,C
flaxible pipe 3 4 wire supported,"Flaxible Pipe - 3/4"" (Wire Supported)",4,4,7726.799999999999,3.2199257178890547e-07,0.9996214333220941,C
lemination folder,Lemination Folder,5,5,7718.0,3.216258566375178e-07,0.9996217549479507,C
utsav chocolate cake mix powder,Utsav Chocolate Cake Mix Powder,4,4,7713.900000000001,3.214550007147122e-07,0.9996220764029514,C
repair main work from sparsh ab 0638,Repair & Main Work From Sparsh AB 0638,2,1,7696.700000000001,3.207382392824545e-07,0.9996223971411907,C
l hook 7,"L Hook 7""",1,1,7690.5,3.204798717894313e-07,0.9996227176210625,C
v belt b 61,V Belt B-61,1,1,7680.0,3.200423139383437e-07,0.9996230376633765,C
com mechanical seal for cn 32 200,Com. Mechanical Seal for CN 32/200,1,1,7675.0,3.1983395305687346e-07,0.9996233574973296,C
com mechanical seal for kpd 32 20,Com. Mechanical Seal for KPD 32/20,1,1,7675.0,3.1983395305687346e-07,0.9996236773312827,C
hp lp switch,HP/LP Switch,2,2,7669.5,3.196047560872561e-07,0.9996239969360388,C
plc lamp 18w,Plc Lamp 18W,3,3,7650.0,3.187921486495221e-07,0.9996243157281874,C
ms pipe 1 ibr,"Ms Pipe 1"" -Ibr",2,2,7650.0,3.187921486495221e-07,0.9996246345203361,C
pneumatic cylinder 50x250,Pneumatic Cylinder 50X250,2,2,7644.0,3.1854211559175775e-07,0.9996249530624517,C
332 y2067 hyd hose jcb,332/Y2067 Hyd.Hose Jcb,3,3,7640.0,3.183754268865815e-07,0.9996252714378786,C
29662825 w c assy 407,29662825 W.C Assy 407,1,1,7638.0,3.182920825339934e-07,0.9996255897299612,C
164032vb0a fuel filter al partner,164032VB0A Fuel Filter AL Partner,1,1,7634.76,3.181570646828007e-07,0.9996259078870259,C
economix,Economix,2,2,7620.0,3.175419833607004e-07,0.9996262254290093,C
non sparking ring spanner 24 x 27,Non sparking Ring Spanner- 24 x 27,1,1,7611.0,3.1716693377405393e-07,0.9996265425959431,C
welcome message nec,Welcome Message - NEC,1,1,7600.0,3.167085398348193e-07,0.9996268593044829,C
ms bolt 10x25 golden,Ms Bolt 10X25 (Golden),2,2,7600.0,3.167085398348193e-07,0.9996271760130228,C
microsoft powerbiproopen s sub vl olp 1l,Microsoft®PowerBIProOpen S.SUB.VL OLP 1L,1,1,7600.0,3.167085398348193e-07,0.9996274927215626,C
copper lugs pin 0 5 sqmm,Copper Lugs Pin 0.5 Sqmm,1,1,7600.0,3.167085398348193e-07,0.9996278094301024,C
plastick white paint dulux velvet touc,Plastick White Paint ( Dulux velvet Touc,1,1,7586.0,3.1612512936670256e-07,0.9996281255552318,C
chicken liver,Chicken Liver,34,34,7580.12,3.1588009697009347e-07,0.9996284414353288,C
hose plain 4104831,"Hose, Plain (4104831)",1,1,7577.9,3.157875847387207e-07,0.9996287572229136,C
ms bolt 4 sut 2,"Ms Bolt 4 Sut 2""",3,3,7556.8,3.1490830181891615e-07,0.9996290721312153,C
non sparking fit spanner 24 x 27,Non sparking Fit Spanner- 24 x 27,1,1,7551.0,3.146666031964106e-07,0.9996293867978185,C
mcb switch 6 amp 2 pole,Mcb Switch -6 Amp- 2 Pole,2,2,7550.0,3.1462493102011654e-07,0.9996297014227495,C
acetone,Acetone,2,2,7540.0,3.14208209257176e-07,0.9996300156309588,C
repair main work from sparsh k 0290,Repair & Main Work From Sparsh K 0290,2,1,7520.76,3.1340643658527837e-07,0.9996303290373953,C
1701aa2071n head light assy lh m bolero,1701AA2071N Head Light Assy LH M-Bolero,2,1,7512.0,3.1304138832094243e-07,0.9996306420787837,C
ruf pad small,Ruf Pad (Small),2,2,7500.0,3.125413222054138e-07,0.9996309546201059,C
fennel seed sweets,Fennel Seed Sweets,1,1,7500.0,3.125413222054138e-07,0.999631267161428,C
belt length 6 mtr lifting capacity 5 mt,"Belt Length 6 mtr, Lifting Capacity 5 MT",2,1,7500.0,3.125413222054138e-07,0.9996315797027502,C
french fries,French Fries,1,1,7500.0,3.125413222054138e-07,0.9996318922440723,C
pp chain with ss pins chain pc 600,"PP chain with SS pins, chain PC 600",1,1,7500.0,3.125413222054138e-07,0.9996322047853945,C
envelop 25x11,Envelop 25X11,1,1,7500.0,3.125413222054138e-07,0.9996325173267167,C
chassis repair work frm akash agro p7459,Chassis Repair Work Frm Akash Agro P7459,1,1,7500.0,3.125413222054138e-07,0.9996328298680388,C
sereal dal,Sereal (Dal),1,1,7500.0,3.125413222054138e-07,0.999633142409361,C
repair of ac frequency drive 7 0a,Repair of AC Frequency Drive 7.0A,1,1,7500.0,3.125413222054138e-07,0.9996334549506831,C
bearing 22213k,Bearing 22213K,1,1,7497.0,3.1241630567653165e-07,0.9996337673669888,C
cyl dia100 m c ss07 00021010d,CYL DIA100 M/C SS07 00021010D,1,1,7488.0,3.120412560898851e-07,0.9996340794082449,C
mammitel infusion 10gm,Mammitel Infusion 10gm,1,1,7458.0,3.107910908010635e-07,0.9996343901993356,C
ms sheet 2mm,Ms Sheet 2Mm,1,1,7457.5,3.1077025471291644e-07,0.9996347009695904,C
266135300113crown w pinion set 909 bsiii,266135300113Crown W/Pinion Set 909 BSIII,1,1,7457.03,3.107506687900582e-07,0.9996350117202591,C
camera cable 3in1 core,Camera Cable 3in1 Core,3,3,7452.0,3.1054105774329915e-07,0.9996353222613169,C
led bulb 14 w pin type,LED Bulb 14 W (Pin type),1,1,7450.0,3.1045771339071105e-07,0.9996356327190303,C
frt 3rd leaf spring 2515,FRT 3rd Leaf Spring 2515,1,1,7440.0,3.1004099162777046e-07,0.999635942760022,C
visiting cord,Visiting Cord,4,4,7435.27,3.098438822338996e-07,0.9996362526039042,C
eng oil hub greshing work cg08ae7167,Eng.Oil & Hub Greshing Work CG08AE7167,1,1,7425.41,3.094329945756402e-07,0.9996365620368988,C
0281002514 boost pr temp sensor bsiii,0281002514 Boost PR. Temp Sensor BSIII,2,2,7423.73,3.093629853194662e-07,0.9996368713998841,C
king pin bearing tx 126 sr std 909,King pin Bearing TX – 126 SR STD 909,1,1,7420.0,3.092075481018894e-07,0.9996371806074322,C
repairing maintenance of door,Repairing & Maintenance of Door &,1,1,7415.0,3.089991872204191e-07,0.9996374896066195,C
sling rope 1,"Sling Rope 1""",1,1,7400.0,3.0837410457600825e-07,0.999637797980724,C
ms nut 5 sut,Ms Nut 5 Sut,2,2,7392.0,3.080407271656558e-07,0.9996381060214512,C
v belt a 45,V Belt - A 45,1,1,7380.0,3.0754066105012717e-07,0.9996384135621122,C
bisleri water 500ml,Bisleri Water 500ml,2,2,7372.8,3.0724062138081e-07,0.9996387208027336,C
repair main work from sparsh k 0396,Repair & Main Work From Sparsh K 0396,2,1,7351.41,3.063492535298801e-07,0.9996390271519872,C
change over switch 125amp,Change Over Switch 125Amp,1,1,7350.0,3.062904957613055e-07,0.9996393334424829,C
rj45 com socket,RJ45 Com. Socket,2,2,7337.85,3.0578417881933274e-07,0.9996396392266618,C
pvc reduser 1x1 2,"Pvc Reduser 1X1/2""",2,2,7300.0,3.0420688694660276e-07,0.9996399434335487,C
ms bolt 12x40 golden,Ms Bolt 12X40 (Golden),1,1,7300.0,3.0420688694660276e-07,0.9996402476404356,C
jain papad,Jain Papad,3,3,7290.0,3.037901651836622e-07,0.9996405514306007,C
ht bolt 12x50 mm,Ht Bolt 12X50 Mm,1,1,7284.0,3.035401321258979e-07,0.9996408549707329,C
search light w blub 12v yellow,Search Light W/Blub 12V Yellow,2,2,7271.1,3.0300256105170456e-07,0.9996411579732939,C
oil filter element change work ac 0617,Oil Filter Element Change Work AC 0617,1,1,7266.95,3.0282962152008423e-07,0.9996414608029154,C
ld liner 27 x44,"LD LINER 27""X44""",1,1,7261.04,3.0258333895818637e-07,0.9996417633862543,C
885426041612 synchro kit gbs 40,885426041612_Synchro Kit Gbs-40,3,3,7250.0,3.021232781319e-07,0.9996420655095325,C
v belt b 78,V Belt B-78,2,2,7238.0,3.016232120163713e-07,0.9996423671327445,C
ropitas bolus,ROPITAS BOLUS,1,1,7232.25,3.0138359700268053e-07,0.9996426685163414,C
26259078 field coil,26259078  Field Coil,1,1,7219.86,3.0086727873839715e-07,0.9996429693836202,C
550 42701 king pin kit jcb,550/42701 King Pin Kit JCB,1,1,7211.86,3.005339013280447e-07,0.9996432699175215,C
ro hindustan unilever,RO (Hindustan Unilever),1,1,7203.38,3.0018052127307116e-07,0.9996435700980427,C
dome 3 6 camera,Dome 3.6 Camera,2,2,7203.3,3.001771874989676e-07,0.9996438702752303,C
swiper broom,Swiper Broom,4,4,7200.0,3.0003966931719726e-07,0.9996441703148996,C
ss wire mesh 0 8 mm,Ss Wire Mesh 0.8 Mm,2,1,7200.0,3.0003966931719726e-07,0.9996444703545689,C
caramel liquide color grade 1080,Caramel Liquide color -Grade 1080,3,3,7200.0,3.0003966931719726e-07,0.9996447703942383,C
nitric acid,Nitric acid,1,1,7200.0,3.0003966931719726e-07,0.9996450704339076,C
level pipe,Level Pipe,1,1,7200.0,3.0003966931719726e-07,0.9996453704735769,C
contactor mnx 25,Contactor - Mnx 25,1,1,7200.0,3.0003966931719726e-07,0.9996456705132463,C
water lcms grade ultrapure,Water LCMS grade (Ultrapure),1,1,7200.0,3.0003966931719726e-07,0.9996459705529156,C
ratchet pana,Ratchet Pana,1,1,7200.0,3.0003966931719726e-07,0.9996462705925849,C
fiber splicing,Fiber Splicing,1,1,7200.0,3.0003966931719726e-07,0.9996465706322543,C
labour charges of car rep work k 1688,Labour Charges Of Car Rep. Work K 1688,1,1,7183.0,2.993312423201983e-07,0.9996468699634966,C
screw driver 903,Screw Driver 903,6,6,7174.0,2.989561927335518e-07,0.9996471689196893,C
copper lugz ring 1 5 mm,Copper Lugz Ring 1.5 Mm,5,5,7168.0,2.987061596757875e-07,0.999647467625849,C
paint green,Paint Green,4,3,7164.0,2.9853947097061125e-07,0.9996477661653199,C
hydrolic machine 50 ton holding capaci,Hydrolic Machine (50 ton holding capaci),1,1,7150.0,2.9795606050249446e-07,0.9996480641213804,C
weighing box 1mg 200gm,WEIGHING BOX (1MG-200GM),1,1,7150.0,2.9795606050249446e-07,0.9996483620774409,C
assy frt main leaf spring tata 2515,Assy Frt Main Leaf Spring Tata 2515,2,2,7123.85,2.9686633309240496e-07,0.999648658943774,C
solonoid valve 1 4,"Solonoid Valve - 1/4""",1,1,7115.0,2.9649753433220255e-07,0.9996489554413083,C
solenoid valve 3 2 way 1 4 230 vac,"SOLENOID VALVE-3/2 WAY,1/4',230 VAC",1,1,7115.0,2.9649753433220255e-07,0.9996492519388426,C
low avrage pickup from gk diesel l2669,Low Avrage & Pickup From GK Diesel L2669,2,1,7105.26,2.9609164733509846e-07,0.9996495480304899,C
gear pump hgn 150,Gear Pump - HGN 150,1,1,7100.0,2.958724516877917e-07,0.9996498439029415,C
a c repair work from cool ind k 1770,A/c Repair Work From Cool Ind. K 1770,1,1,7100.0,2.958724516877917e-07,0.9996501397753932,C
genrator hose pipe,Genrator Hose Pipe,4,2,7081.92,2.951190187403952e-07,0.999650434894412,C
capacitor 11 3 kvar mehvbapp113a48,Capacitor 11.3 KVAR - MEHVBAPP113A48,1,1,7075.0,2.9483064728044034e-07,0.9996507297250592,C
rear spring rr hanger 24 no 4 hole 3118,Rear Spring RR Hanger 24 No(4 Hole) 3118,1,1,7072.0,2.947056307515582e-07,0.99965102443069,C
tetrathionat broth m327 500g,Tetrathionat Broth M327-500G,1,1,7065.0,2.944139255174998e-07,0.9996513188446156,C
ms square pipe 1 2 x 1 2 3 2 mm 1 k,"MS Square Pipe 1/2"" X 1/2"" , 3.2 mm, 1 k",1,1,7062.0,2.942889089886176e-07,0.9996516131335246,C
filter eleme oil filter change ag0622,Filter Eleme. & Oil Filter Change AG0622,1,1,7061.87,2.942834916056994e-07,0.9996519074170162,C
drill bit 12 5mm,Drill Bit 12.5Mm,1,1,7060.0,2.942055646360295e-07,0.9996522016225808,C
m 306900 air dryer assy 2515,M 306900 Air Dryer Assy 2515,1,1,7057.0,2.9408054810714736e-07,0.999652495703129,C
copper wire 28 swg,Copper Wire 28 Swg,1,1,7056.0,2.940388759308533e-07,0.9996527897420049,C
bearing no 6207 2 z,Bearing No. - 6207 - 2 Z,2,2,7050.0,2.9378884287308897e-07,0.9996530835308478,C
green chilli,Green Chilli,25,25,7045.0,2.935804819916187e-07,0.9996533771113298,C
dowl pin for outer cover for air blower,DOWL PIN FOR OUTER COVER(FOR AIR BLOWER),1,1,7040.0,2.9337212111014843e-07,0.999653670483451,C
ctr 12a 1no 1nc s0 3rt2024 1al20,CTR 12A; 1NO+1NC; S0 - 3RT2024-1AL20,1,1,7025.0,2.927470384657376e-07,0.9996539632304895,C
repair main work from sparsh ad 7026,Repair & Main Work From Sparsh AD 7026,3,2,7019.570000000001,2.925207585484609e-07,0.999654255751248,C
air cylinder 50x150,Air Cylinder - 50x150,1,1,7006.0,2.919552671161505e-07,0.9996545477065151,C
daily shed report farm broiler grower,Daily Shed Report Farm Broiler & Grower,1,1,7000.0,2.917052340583862e-07,0.9996548394117492,C
ele shielded wire 0 75 sqmm x 4 core,Ele. Shielded Wire 0.75 Sqmm X 4 Core,1,1,7000.0,2.917052340583862e-07,0.9996551311169832,C
compressor for deep freeze,Compressor for Deep Freeze,1,1,7000.0,2.917052340583862e-07,0.9996554228222173,C
whole sale page,Whole sale page,1,1,7000.0,2.917052340583862e-07,0.9996557145274514,C
hn fuse 32 a siemens,Hn Fuse 32 A (Siemens),1,1,7000.0,2.917052340583862e-07,0.9996560062326855,C
bans jhadu,Bans Jhadu,1,1,7000.0,2.917052340583862e-07,0.9996562979379195,C
air blower,Air Blower,1,1,7000.0,2.917052340583862e-07,0.9996565896431536,C
sulphuric acid 7860,Sulphuric Acid (7860),2,2,7000.0,2.917052340583862e-07,0.9996568813483877,C
elgi air lube rac oil 3 ltr 000998052,Elgi Air Lube Rac Oil 3 Ltr (000998052),3,3,6972.0,2.9053841312215265e-07,0.9996571718868008,C
paint red,Paint Red,6,6,6967.96,2.903700575299247e-07,0.9996574622568584,C
nylon filter paper 47 mm 0 45 micron,Nylon Filter Paper (47 Mm) 0.45 Micron,1,1,6960.0,2.90038347006624e-07,0.9996577522952054,C
nylon filter paper 13mm 0 2 micron,Nylon Filter Paper (13Mm) 0.2 Micron,1,1,6960.0,2.90038347006624e-07,0.9996580423335524,C
skirting,Skirting,1,1,6960.0,2.90038347006624e-07,0.9996583323718994,C
ss elbow 3,"Ss Elbow 3""",2,2,6960.0,2.90038347006624e-07,0.9996586224102464,C
acc repair work from sparsh k 1686,Acc. Repair Work From Sparsh K 1686,1,1,6950.0,2.896216252436834e-07,0.9996589120318716,C
907 50200 cylindrical roller brg jcb,907/50200 Cylindrical Roller BRG JCB,1,1,6945.75,2.8944451849443373e-07,0.9996592014763901,C
pea nuts,Pea Nuts,5,5,6939.69,2.8919198510609174e-07,0.9996594906683752,C
temprature controller e5cz q2t,Temprature controller E5CZ-Q2T,1,1,6936.0,2.890382147755667e-07,0.99965977970659,C
alluminium lugz ring 70 mm,Alluminium Lugz Ring 70 Mm,3,3,6924.0,2.88538148660038e-07,0.9996600682447387,C
11466002pp safety valve assembly,11466002PP_Safety Valve Assembly,1,1,6921.6,2.884381354369323e-07,0.9996603566828742,C
wooden stick ea,Wooden Stick(EA),4,2,6911.0,2.879964103682153e-07,0.9996606446792846,C
fip injector repair g k diesel l0874,FIP & Injector Repair G K Diesel L0874,2,1,6900.900000000001,2.8757552138764536e-07,0.999660932254806,C
copper lugz pin 6 mm,Copper Lugz Pin 6 Mm,2,2,6888.0,2.8703795031345204e-07,0.9996612192927563,C
sodium sulphate,Sodium sulphate,2,2,6880.0,2.867045729030996e-07,0.9996615059973292,C
drill bit 4 mm,Drill Bit 4 Mm,3,3,6880.0,2.867045729030996e-07,0.999661792701902,C
full gasket set eng o hauling 709 909,Full Gasket Set Eng O/Hauling 709/909,4,4,6877.12,2.865845570353727e-07,0.9996620792864591,C
x7803900 assy w regulator lh ec 1012 a l,X7803900 Assy W/Regulator LH EC 1012 A/L,3,3,6875.0,2.864962120216293e-07,0.9996623657826711,C
tilox 5gm syring,Tilox 5gm (syring),1,1,6872.0,2.8637119549274716e-07,0.9996626521538666,C
electric tape yellow,Electric Tape - Yellow,4,4,6870.0,2.86287851140159e-07,0.9996629384417177,C
matka kulfi,MATKA KULFI,6,6,6864.139999999999,2.8604365218707585e-07,0.9996632244853699,C
07607991b91 assy driver seat m arjun tr,07607991B91 Assy Driver Seat M-Arjun Tr,1,1,6855.0,2.8566276849574823e-07,0.9996635101481385,C
civil work of parivartan shed,Civil work of Parivartan Shed,1,1,6837.0,2.849126693224552e-07,0.9996637950608078,C
p4303551 diff spider gear kit al 1012,P4303551 Diff.Spider Gear Kit AL 1012,1,1,6812.0,2.838708649151038e-07,0.9996640789316728,C
12u rack with pdu,12U Rack with PDU,1,1,6800.0,2.833707987995752e-07,0.9996643623024716,C
isofluid inj 10ml,Isofluid Inj. 10ml,1,1,6786.0,2.827873883314584e-07,0.9996646450898599,C
wire 4 mm,Wire 4 Mm,1,1,6780.0,2.8253735527369405e-07,0.9996649276272151,C
organ gas cylinder,Organ Gas Cylinder,3,3,6780.0,2.8253735527369405e-07,0.9996652101645704,C
security room,Security Room,1,1,6779.66,2.825231867337541e-07,0.9996654926877572,C
apw 4u rack,APW 4U Rack,1,1,6779.64,2.8252235329022825e-07,0.9996657752101105,C
tools box,Tools Box,2,2,6760.0,2.81703911747813e-07,0.9996660569140222,C
teflon gland rope 8mm,Teflon Gland Rope 8Mm,1,1,6750.0,2.812871899848724e-07,0.9996663382012122,C
ci gate valve 3 thead type,"Ci Gate Valve - 3"" Thead Type",1,1,6750.0,2.812871899848724e-07,0.9996666194884022,C
ms welding rod 7018 3 15mm 10 no,Ms Welding Rod 7018 - 3.15Mm (10 No.),1,1,6750.0,2.812871899848724e-07,0.9996669007755922,C
refilling for dcp type 10 kg,Refilling for DCP Type 10 Kg,2,2,6750.0,2.812871899848724e-07,0.9996671820627822,C
teflon gland rope 25 mm kg,Teflon Gland Rope 25 mm (Kg),1,1,6750.0,2.812871899848724e-07,0.9996674633499721,C
teflon gland rope 12 mm,Teflon Gland Rope 12 mm,1,1,6750.0,2.812871899848724e-07,0.9996677446371621,C
334 y8083 liner bearing bush jcb,334/Y8083 Liner Bearing Bush JCB,2,2,6737.28,2.80757119902412e-07,0.999668025394282,C
285226710102 gear box top cover 407 gb38,285226710102 Gear Box Top Cover 407 GB38,1,1,6734.38,2.8063627059115925e-07,0.9996683060305526,C
eng oil filter change s k auto g7788,Eng.Oil & Filter Change S K Auto G7788,1,1,6719.0,2.799953525197567e-07,0.9996685860259051,C
drill bit 3 5mm,Drill Bit 3.5mm,3,3,6701.0,2.792452533464637e-07,0.9996688652711585,C
ss balvalve 3,"Ss Balvalve 3""",1,1,6700.0,2.7920358117016964e-07,0.9996691444747396,C
extruder feeding motor 1 5kw,Extruder - Feeding motor:1.5KW,1,1,6698.99,2.7916149227211265e-07,0.9996694236362319,C
flange head seal bolt 8 25 mm,Flange Head seal bolt 8 *25 MM,1,1,6688.0,2.78703515054641e-07,0.999669702339747,C
550730100102 acce pedal 709 1109 bsiii,550730100102 Acce.Pedal 709/1109 BSIII,2,2,6661.16,2.7758503384290855e-07,0.9996699799247808,C
modular shocket 16 amp,Modular Shocket - 16 Amp,5,5,6657.04,2.7741334447657705e-07,0.9996702573381253,C
scruber,Scruber,2,2,6650.0,2.771199723554669e-07,0.9996705344580976,C
m 450350 brake booster assy mazda bus,M-450350 Brake Booster Assy Mazda Bus,1,1,6640.63,2.767295040635916e-07,0.9996708111876017,C
accessories fitment work of cg08 aj 1791,Accessories Fitment work of CG08 AJ 1791,1,1,6610.0,2.754530853037047e-07,0.999671086640687,C
copper wire 22 5 swg,Copper Wire 22.5 Swg,1,1,6600.0,2.7503636354076415e-07,0.9996713616770506,C
round shape mutton flavour red,Round Shape Mutton Flavour Red,1,1,6600.0,2.7503636354076415e-07,0.9996716367134142,C
lpg regulater,Lpg Regulater,1,1,6600.0,2.7503636354076415e-07,0.9996719117497778,C
copper wire 21 swg,Copper Wire 21 Swg,1,1,6600.0,2.7503636354076415e-07,0.9996721867861413,C
hn fuse 80 a,Hn Fuse 80 A,1,1,6600.0,2.7503636354076415e-07,0.9996724618225049,C
led bulb 9 w,LED Bulb 9 W,3,3,6590.0,2.746196417778236e-07,0.9996727364421467,C
eng oil filter change city whee af1028,Eng.Oil & Filter Change City Whee AF1028,1,1,6579.26,2.7417208260442546e-07,0.9996730106142293,C
bearing 6013 wos cent brg 3118,Bearing 6013 WOS Cent.Brg.3118,1,1,6575.0,2.7399455913341277e-07,0.9996732846087885,C
sa 1182 a armature assy a lek,SA 1182 A Armature Assy A/Lek,1,1,6562.52,2.7347449037326297e-07,0.9996735580832788,C
curtain pipe,Curtain Pipe,3,3,6561.44,2.7342948442286533e-07,0.9996738315127632,C
half yoke 1312 1612,"Half Yoke 1312,1612",1,1,6552.0,2.730360990786495e-07,0.9996741045488623,C
503929300101 clutch booster assy 3118bs4,503929300101 Clutch Booster Assy 3118BS4,1,1,6528.91,2.7207388852801974e-07,0.9996743766227508,C
element lub oil filter kit3238204,"Element, Lub Oil Filter - KIT3238204",1,1,6525.0,2.7191095031870997e-07,0.9996746485337011,C
relay 8 pin 230v,"Relay 8 Pin, 230V",1,1,6510.0,2.712858676742992e-07,0.9996749198195688,C
278909130106 air filter bread type yodha,278909130106 Air Filter Bread Type Yodha,1,1,6509.25,2.7125461354207864e-07,0.9996751910741823,C
bearing no 30210,Bearing No.  30210,2,2,6506.0,2.7111917896912294e-07,0.9996754621933613,C
repair of ac frequency drive 3 7a,Repair of AC Frequency Drive 3.7A,1,1,6500.0,2.708691459113586e-07,0.9996757330625072,C
repair of ac frequency drive 3 kw,Repair of AC Frequency Drive 3 KW,1,1,6500.0,2.708691459113586e-07,0.9996760039316531,C
voice mail box nec,Voice Mail Box - NEC,1,1,6500.0,2.708691459113586e-07,0.999676274800799,C
control valve repair sanjai enter p 7315,Control Valve Repair Sanjai Enter.P-7315,1,1,6500.0,2.708691459113586e-07,0.9996765456699449,C
rear door locking system chicks vehicle,Rear Door Locking System Chicks Vehicle,1,1,6500.0,2.708691459113586e-07,0.9996768165390908,C
6691272 hose bobcat,6691272 Hose BOBCAT,2,2,6500.0,2.708691459113586e-07,0.9996770874082367,C
contactor coil 3tx02030yb6,Contactor Coil - 3TX02030YB6,1,1,6500.0,2.708691459113586e-07,0.9996773582773826,C
stiching machine needle,Stiching Machine Needle,1,1,6500.0,2.708691459113586e-07,0.9996776291465285,C
gripper assy r h pl 13526,Gripper Assy. (R.H.) - PL-13526,1,1,6500.0,2.708691459113586e-07,0.9996779000156744,C
isurance charges,Isurance charges,1,1,6497.0,2.7074412938247645e-07,0.9996781707598037,C
tube 165 75 80 r 14 ace venture,Tube 165/75/80-R-14 ACE Venture,3,2,6483.12,2.7016571957551497e-07,0.9996784409255233,C
pvc ballvalve 1 5,"Pvc Ballvalve 1.5""",2,2,6476.0,2.698690136803013e-07,0.999678710794537,C
exhaust fan 28 inch,"Exhaust fan 28"" inch",1,1,6475.0,2.698273415040072e-07,0.9996789806218784,C
upvc t 2,Upvc T 2'',2,2,6470.84,2.6965398525062396e-07,0.9996792502758637,C
06010378c91air cleaner assy donaldson mm,06010378C91Air Cleaner Assy Donaldson MM,1,1,6464.0,2.6936894756477264e-07,0.9996795196448113,C
silver foil,Silver Foil,6,6,6462.9,2.6932310817084917e-07,0.9996797889679194,C
310 152 fuel return leak off kit all bs4,310-152 Fuel Return Leak Off Kit All BS4,1,1,6453.5,2.6893138971368505e-07,0.9996800578993091,C
led pilot light green 230v ac,LED Pilot Light Green 230V AC,1,1,6450.0,2.6878553709665585e-07,0.9996803266848462,C
outer distance ring,Outer Distance Ring,1,1,6440.0,2.683688153337153e-07,0.9996805950536615,C
starter 10 hp manual,"STARTER 10 HP ,MANUAL",6,5,6420.0,2.675353718078342e-07,0.9996808625890333,C
duplex sprocket teeth 19 pitch 2,"DUPLEX SPROCKET , TEETH - 19, PITCH - 2""",1,1,6420.0,2.675353718078342e-07,0.9996811301244052,C
wiring loom change city wheels af 6009,Wiring Loom Change City Wheels AF-6009,2,1,6415.5199999999995,2.673486804580368e-07,0.9996813974730856,C
cup sucker small 30 d 04773,CUP SUCKER (Small) 30 d. (04773),2,2,6414.0,2.672853387500699e-07,0.9996816647584243,C
gland 38 mm,Gland 38 Mm,3,3,6409.0,2.670769778685996e-07,0.9996819318354022,C
biscuit,Biscuit,10,8,6406.24,2.66961962662028e-07,0.9996821987973649,C
253418170207 compact oil cooler 407bsiii,253418170207 Compact Oil Cooler 407BSIII,2,2,6400.07,2.6670484533429365e-07,0.9996824655022102,C
abis diamond ghee label 300ml,Abis Diamond Ghee Label - 300Ml,1,1,6400.0,2.667019282819531e-07,0.9996827322041385,C
ele weight machine 2 kg,Ele. Weight Machine 2 Kg,1,1,6400.0,2.667019282819531e-07,0.9996829989060668,C
cutter blade 210mm,Cutter Blade 210mm,1,1,6400.0,2.667019282819531e-07,0.9996832656079951,C
278650100385 assy radiator lpt 3118,278650100385 Assy Radiator LPT 3118,1,1,6400.0,2.667019282819531e-07,0.9996835323099235,C
cabbage,Cabbage,24,24,6393.0,2.664102230478947e-07,0.9996837987201465,C
gg 63em collar bush 1st speed gb 40,GG-63EM Collar Bush 1st Speed GB-40,2,2,6389.5,2.662643704308655e-07,0.9996840649845169,C
fire bucket,Fire Bucket,3,3,6380.0,2.65868484756072e-07,0.9996843308530017,C
screw driver bits set bs 80,Screw Driver Bits Set BS 80,4,4,6360.0,2.650350412301909e-07,0.9996845958880429,C
gate fixing,Gate Fixing,1,1,6355.93,2.648654354726741e-07,0.9996848607534784,C
jbl flip 4 bt portable speaker,JBL Flip 4 BT Portable Speaker,1,1,6355.93,2.648654354726741e-07,0.9996851256189139,C
currency counting machine,Currency Counting Machine,1,1,6355.93,2.648654354726741e-07,0.9996853904843493,C
285126800156 gear selector cable sup ace,285126800156 Gear Selector Cable Sup-Ace,1,1,6345.0,2.6440995858578006e-07,0.9996856548943079,C
water system repair m s vijay ser l 3589,Water System Repair M/S Vijay Ser.L-3589,1,1,6340.0,2.6420159770430977e-07,0.9996859190959057,C
shinee glass cleaner,Shinee Glass Cleaner,3,3,6336.0,2.640349089991336e-07,0.9996861831308147,C
ele tester,Ele. Tester,5,5,6325.0,2.63576515059899e-07,0.9996864467073298,C
inhibitor corrosion 4926654,"Inhibitor, Corrosion (4926654)",2,2,6319.23,2.6333606660268226e-07,0.9996867100433964,C
tie rod end 407 kf 3290,Tie Rod End 407  KF 3290,2,1,6310.0,2.6295143241548815e-07,0.9996869729948288,C
ht nut 12 x25 mm,HT Nut 12 X25 mm,1,1,6300.0,2.6253471065254756e-07,0.9996872355295394,C
nipple pipe holder,NIPPLE PIPE HOLDER,1,1,6300.0,2.6253471065254756e-07,0.9996874980642501,C
brass float valve 2,"Brass Float Valve 2""",1,1,6300.0,2.6253471065254756e-07,0.9996877605989607,C
diamond gland cutter 70 mm,DIAMOND GLAND CUTTER- 70 MM,1,1,6300.0,2.6253471065254756e-07,0.9996880231336713,C
grinding wheel ag 4,Grinding Wheel Ag-4,3,3,6300.0,2.6253471065254756e-07,0.999688285668382,C
278850100108 assy fan motor shroud,278850100108 Assy Fan Motor & Shroud,2,2,6289.5599999999995,2.620996531320376e-07,0.9996885477680351,C
acrilic putty,Acrilic Putty,3,3,6277.0,2.6157625059778434e-07,0.9996888093442856,C
repair main work from sparsh aa 3101,Repair & Main Work From Sparsh AA 3101,3,1,6273.360000000001,2.61424563876074e-07,0.9996890707688495,C
v belt spa 2182 lw,V Belt - SPA 2182 LW,1,1,6260.0,2.6086782360078535e-07,0.9996893316366731,C
star coupling bush fo 110,Star Coupling Bush Fo -110,2,2,6260.0,2.6086782360078535e-07,0.9996895925044966,C
bearing 30207,Bearing 30207,1,1,6252.0,2.605344461904329e-07,0.9996898530389429,C
labour charge from jaika automo l0828,Labour Charge From Jaika Automo.L0828,2,2,6250.0,2.604511018378448e-07,0.9996901134900447,C
strg yoke teeth set 15 1109 bsiii,"Strg Yoke & Teeth Set 15"" 1109 BSIII",1,1,6244.0,2.6020106878008047e-07,0.9996903736911135,C
flash back arrestor for regulator,Flash Back Arrestor (For Regulator),1,1,6240.0,2.600343800749043e-07,0.9996906337254935,C
lagging for pulley red colour size 200,Lagging for Pulley Red Colour Size: 200,1,1,6240.0,2.600343800749043e-07,0.9996908937598735,C
repair main work from ahuja ag0620,Repair & Main Work From Ahuja AG0620,2,1,6229.63,2.5960223960673493e-07,0.9996911533621131,C
filter element change work ag 0620,Filter Element Change Work AG 0620,2,1,6229.63,2.5960223960673493e-07,0.9996914129643527,C
thums up can,Thums Up (Can),3,3,6222.81,2.593180353644095e-07,0.9996916722823881,C
d link switch 8 port,D-Link Switch 8 Port,3,3,6211.889999999999,2.5886297519927834e-07,0.9996919311453633,C
tochan charges of car dw 1786,Tochan Charges Of Car DW 1786,1,1,6200.0,2.5836749302314207e-07,0.9996921895128563,C
circular saw model gks 235,Circular Saw (Model: GKS-235),1,1,6200.0,2.5836749302314207e-07,0.9996924478803494,C
exhaust syl pipe 3 s type w jalli 909,"Exhaust Syl.Pipe 3"" S Type W/Jalli 909",1,1,6200.0,2.5836749302314207e-07,0.9996927062478425,C
hn fuse 63 amp,Hn Fuse 63 Amp,1,1,6200.0,2.5836749302314207e-07,0.9996929646153355,C
tube light rod t 12 40w,TUBE LIGHT ROD T-12  40W,2,2,6200.0,2.5836749302314207e-07,0.9996932229828286,C
250826203801 synchro cone,250826203801 Synchro Cone,1,1,6187.56,2.5784909115004403e-07,0.9996934808319198,C
gi clamp 1 2,"Gi Clamp 1/2""",4,4,6182.0,2.576173938498491e-07,0.9996937384493136,C
clutch disc plate 240 dai 407 turbo bs 2,Clutch Disc Plate 240 Dai 407 Turbo BS-2,2,2,6171.87,2.571952547039903e-07,0.9996939956445683,C
modular shocket 25 amp,Modular Shocket - 25 Amp,1,1,6165.0,2.5690896685285015e-07,0.9996942525535352,C
6000790f1 air filter element pri m arjun,6000790F1 Air Filter Element Pri M Arjun,1,1,6160.0,2.5670060597137986e-07,0.9996945092541412,C
rear main leaf spring tata ace,Rear Main Leaf Spring Tata Ace,1,1,6160.0,2.5670060597137986e-07,0.9996947659547472,C
eng oil filter change city whee af1026,Eng.Oil & Filter Change City Whee AF1026,1,1,6144.52,2.560555206823479e-07,0.9996950220102678,C
head light relay 4 pin,Head Light Relay ( 4 Pin ),2,2,6140.0,2.558671624454988e-07,0.9996952778774303,C
seal kit,Seal Kit,1,1,6118.0,2.5495037456702955e-07,0.9996955328278049,C
ht bolt 16x75 mm,Ht Bolt 16X75 Mm,1,1,6117.0,2.549087023907355e-07,0.9996957877365072,C
aftershokz trekz trekztititanium vygrn,Aftershokz Trekz (Trekztititanium-Vygrn),1,1,6101.7,2.5427111809343646e-07,0.9996960420076253,C
oil seal 150x180x15 skf,Oil Seal 150X180X15 (SKF),2,2,6100.0,2.5420027539373657e-07,0.9996962962079007,C
office executive table,Office Executive Table,1,1,6100.0,2.5420027539373657e-07,0.9996965504081761,C
micro centrifuge tube 1 5 ml t500010,Micro Centrifuge tube 1.5 Ml T500010,1,1,6090.0,2.53783553630796e-07,0.9996968041917297,C
ball bearing 2203 r s,BALL BEARING-2203 R-S,1,1,6084.0,2.535335205730317e-07,0.9996970577252503,C
plywood 19mm oak tree 8x4,Plywood 19mm Oak Tree 8x4,1,1,6080.0,2.5336683186785544e-07,0.9996973110920822,C
ht nut 20mm,Ht Nut 20Mm,2,2,6074.0,2.531167988100911e-07,0.999697564208881,C
0281002214 engine speed sensor 909 bsiii,0281002214 Engine Speed Sensor 909 BSIII,2,2,6062.42,2.52634235008606e-07,0.999697816843116,C
stearing yoke teeth 16 1 2 909 bsiii,"Stearing Yoke & Teeth 16 1/2"" 909 BSIII",1,1,6060.0,2.5253338834197437e-07,0.9996980693765043,C
6003719f91 assy flywheel m tractor,6003719F91 Assy Flywheel M Tractor,1,1,6048.0,2.520333222264457e-07,0.9996983214098265,C
ss bolt 6x25 mm,Ss Bolt 6X25 Mm,4,4,6046.0,2.519499778738576e-07,0.9996985733598044,C
0102caf02680nced fender assy rt bolero,0102CAF02680NCED Fender Assy RT Bolero,1,1,6040.0,2.5169994481609324e-07,0.9996988250597492,C
tower egg free gold cake mix powder,Tower Egg Free Gold Cake Mix Powder,3,3,6038.1,2.5162076768113456e-07,0.9996990766805168,C
blender capacity 2400kg h,Blender - Capacity:2400kg/h,1,1,6029.09,2.512453013727251e-07,0.9996993279258182,C
fip injector repair kamal diesel b2212,FIP & Injector Repair Kamal Diesel B2212,1,1,6018.6,2.508081602434005e-07,0.9996995787339784,C
f8842800 speed sensor 12v al ec 1012,F8842800 Speed Sensor 12V AL EC 1012,1,1,6016.0,2.506998125850359e-07,0.999699829433791,C
pneumatic air cylender a120630500,Pneumatic Air Cylender - A120630500,2,2,6015.0,2.5065814040874186e-07,0.9997000800919313,C
306202ve0a c m c assy al partner,306202VE0A C M C Assy AL Partner,3,3,6011.7,2.5052062222697145e-07,0.9997003306125536,C
granite fitting,Granite fitting,1,1,6000.0,2.5003305776433103e-07,0.9997005806456114,C
thyristor firing card for chapdi welder,Thyristor Firing Card for Chapdi Welder,1,1,6000.0,2.5003305776433103e-07,0.9997008306786692,C
contactor coil volt 220v lc1d25m7,Contactor (Coil Volt 220V) - LC1D25M7,1,1,6000.0,2.5003305776433103e-07,0.999701080711727,C
black stone fitting,Black Stone Fitting,1,1,6000.0,2.5003305776433103e-07,0.9997013307447848,C
heating element geyser 3000w,HEATING ELEMENT GEYSER 3000W,1,1,6000.0,2.5003305776433103e-07,0.9997015807778427,C
painting works,Painting Works,1,1,6000.0,2.5003305776433103e-07,0.9997018308109005,C
chana dal,Chana Dal,2,2,6000.0,2.5003305776433103e-07,0.9997020808439583,C
assy radiator super ace,Assy Radiator Super ACE,1,1,6000.0,2.5003305776433103e-07,0.9997023308770161,C
ci ball valve 2 flange end 8 hole,"CI BALL VALVE 2"" FLANGE END 8 HOLE",1,1,6000.0,2.5003305776433103e-07,0.9997025809100739,C
bearing 352209e,Bearing 352209E,1,1,6000.0,2.5003305776433103e-07,0.9997028309431317,C
bell crank bush small 2515,Bell Crank Bush Small 2515,1,1,6000.0,2.5003305776433103e-07,0.9997030809761895,C
inclined manometer 0 to 100mmwc,"INCLINED MANOMETER, 0 to 100MMWC",1,1,6000.0,2.5003305776433103e-07,0.9997033310092474,C
credit bill book,Credit Bill Book,1,1,6000.0,2.5003305776433103e-07,0.9997035810423052,C
repair of control module,Repair of Control Module,1,1,6000.0,2.5003305776433103e-07,0.999703831075363,C
pvc bend 2 5,"Pvc Bend 2.5""",1,1,6000.0,2.5003305776433103e-07,0.9997040811084208,C
daily shed report mundgaon farm,Daily Shed Report Mundgaon Farm,1,1,6000.0,2.5003305776433103e-07,0.9997043311414786,C
ecu relay 4 pin blue 20 amp 407 909 bs,"ECU Relay (4 Pin,Blue) 20 Amp 407/909 BS",1,1,6000.0,2.5003305776433103e-07,0.9997045811745364,C
ahu filter dripak packet 292x292x533mm,AHU Filter (Dripak) Packet 292X292X533MM,1,1,6000.0,2.5003305776433103e-07,0.9997048312075942,C
paint orange,Paint Orange,3,3,5994.0,2.497830247065667e-07,0.9997050809906189,C
cpvc solvent,Cpvc Solvent,6,6,5993.96,2.4978135781951497e-07,0.9997053307719768,C
end showing part nipple,End Showing Part - Nipple,1,1,5984.8,2.493996406846614e-07,0.9997055801716175,C
material tag,Material Tag,2,2,5960.0,2.483661707125688e-07,0.9997058285377882,C
brownie,Brownie,1,1,5952.5,2.4805362939036343e-07,0.9997060765914176,C
clutch system repair kailash auto v4600,Clutch System Repair Kailash Auto.V4600,1,1,5950.0,2.479494489496283e-07,0.9997063245408666,C
sd screw 1,"SD Screw 1""",4,4,5950.0,2.479494489496283e-07,0.9997065724903156,C
sw 11672 ignition switch,Sw - 11672 Ignition Switch,1,1,5949.2,2.47916111208593e-07,0.9997068204064268,C
main filter element change work af 8505,Main Filter Element Change Work AF 8505,1,1,5943.23,2.476673283161175e-07,0.9997070680737551,C
gland 45 mm,Gland 45 Mm,2,2,5940.0,2.4753272718668774e-07,0.9997073156064823,C
diamond gland cutter 22 mm,Diamond Gland Cutter - 22 mm,2,2,5940.0,2.4753272718668774e-07,0.9997075631392095,C
wall watch digital,WALL WATCH DIGITAL,1,1,5940.0,2.4753272718668774e-07,0.9997078106719367,C
ht bolt 5 8x6,"Ht Bolt 5/8X6""",1,1,5937.0,2.4740771065780554e-07,0.9997080580796474,C
gas chulha,Gas Chulha,1,1,5936.0,2.473660384815115e-07,0.9997083054456858,C
ci ball valve 1 25,"Ci Ball Valve 1.25""",1,1,5920.0,2.466992836608066e-07,0.9997085521449695,C
led bulb 45w pin typ,LED Bulb 45W Pin Typ,1,1,5900.0,2.4586584013492553e-07,0.9997087980108096,C
ms bolt 5 sut 3,"Ms Bolt 5 Sut 3""",1,1,5900.0,2.4586584013492553e-07,0.9997090438766497,C
stiching machine feed dog,Stiching Machine Feed Dog,1,1,5900.0,2.4586584013492553e-07,0.9997092897424898,C
hdpe bucket tdtgk 60 34 dq3321,HDPE BUCKET TDTGK 60/34 DQ3321,1,1,5882.0,2.451157409616325e-07,0.9997095348582308,C
rear leaf spring aux a super ace,Rear Leaf Spring AUX-A SUPER ACE,1,1,5880.0,2.450323966090444e-07,0.9997097798906274,C
plastick wall paint,Plastick (Wall Paint),2,2,5880.0,2.450323966090444e-07,0.999710024923024,C
pvc reduser 2x1 5,"Pvc Reduser 2X1.5""",2,2,5880.0,2.450323966090444e-07,0.9997102699554206,C
rubber band,Rubber Band,1,1,5875.0,2.4482403572757416e-07,0.9997105147794563,C
pressure gauge 0 21,Pressure Gauge 0-21,1,1,5875.0,2.4482403572757416e-07,0.999710759603492,C
repair main work from karan r 3207,Repair & Main Work From Karan R 3207,2,1,5871.389999999999,2.4467359917115255e-07,0.9997110042770911,C
ms angle 25x25x5 1 80 kg mtr,"MS Angle 25X25X5, 1.80 kg / mtr",3,3,5870.11,2.446202587854962e-07,0.99971124889735,C
2 meters long screw element 9cr18mov,2 meters long screw element - 9Cr18MOV,1,1,5861.61,2.4426604528699674e-07,0.9997114931633952,C
repair main work from sparsh ad 1940,Repair & Main Work From Sparsh AD 1940,2,1,5860.490000000001,2.4421937244954743e-07,0.9997117373827678,C
frozen sweet corn,Frozen Sweet Corn,2,2,5860.0,2.441989530831633e-07,0.9997119815817208,C
sg15354 sleeve yoke pro shaft al 1012,SG15354 Sleeve Yoke (Pro.Shaft) AL 1012,1,1,5859.0,2.441572809068693e-07,0.9997122257390018,C
hyd boom repair work sundeep enter p0267,Hyd.Boom Repair Work Sundeep Enter.P0267,2,2,5850.0,2.4378223132022273e-07,0.999712469521233,C
f3s00322 rear brake drum al ec 1012,F3S00322 Rear Brake Drum AL EC 1012,1,1,5850.0,2.4378223132022273e-07,0.9997127133034643,C
electric tape black,Electric Tape - Black,4,4,5850.0,2.4378223132022273e-07,0.9997129570856956,C
repair main work from sparsh aa 2172,Repair & Main Work From Sparsh AA 2172,2,1,5848.06,2.437013872982123e-07,0.9997132007870829,C
kinley soda,Kinley Soda,5,5,5834.740000000001,2.431463139099755e-07,0.9997134439333968,C
eng oil filter change jaika auto l0877,Eng.Oil & Filter Change Jaika Auto L0877,1,1,5831.87,2.430267147640115e-07,0.9997136869601115,C
264124100110 assy eng mtg frt lh 407,264124100110 Assy Eng Mtg Frt LH 407,2,2,5831.719999999999,2.430204639375674e-07,0.9997139299805755,C
pulley wheel 300 coumpressur,Pulley Wheel 300 (Coumpressur),1,1,5830.5,2.429696238824887e-07,0.9997141729501994,C
264229100150clutch booster 70dia 709bsiv,264229100150Clutch Booster 70Dia 709BSIV,1,1,5821.68,2.426020752875751e-07,0.9997144155522747,C
copper sulphate lab,Copper Sulphate (Lab),3,3,5810.0,2.421153442684605e-07,0.9997146576676189,C
cooler pump 40 watt,"COOLER PUMP, 40 watt",1,1,5800.0,2.4169862250552e-07,0.9997148993662415,C
polyamide cable gland 22 mm,Polyamide Cable Gland 22 mm,1,1,5800.0,2.4169862250552e-07,0.999715141064864,C
spark toilet cleaner,Spark Toilet Cleaner,3,3,5798.1,2.416194453705613e-07,0.9997153826843094,C
grinding wheel ag 7,Grinding Wheel Ag-7,2,2,5780.0,2.408651789796389e-07,0.9997156235494884,C
mcb switch 20 amp 1 pole,Mcb Switch 20 Amp 1 Pole,3,3,5772.0,2.4053180156928647e-07,0.99971586408129,C
element fuel filter 0149 2967,"Element, Fuel Filter (0149-2967)",2,2,5769.639999999999,2.4043345523323246e-07,0.9997161045147452,C
fanta can 300 ml,Fanta Can 300 ML,5,5,5766.3099999999995,2.402946868861733e-07,0.9997163448094322,C
colorless bottle 100 ml,Colorless Bottle 100 ML,1,1,5760.0,2.400317354537578e-07,0.9997165848411677,C
black water portal matka,Black Water Portal (Matka),1,1,5750.0,2.3961501369081724e-07,0.9997168244561814,C
bearing uct 207,Bearing - UCT 207,1,1,5724.0,2.385315371071718e-07,0.9997170629877185,C
eng oil filter change star auto v 7087,Eng.Oil & Filter Change Star Auto V-7087,1,1,5718.65,2.383085909639986e-07,0.9997173012963094,C
brass ballvalve 1 2,"Brass Ballvalve 1/2""",4,4,5718.0,2.3828150404940747e-07,0.9997175395778135,C
air cylinder seal kit 50x150,Air Cylinder Seal Kit - 50X150,1,1,5700.0,2.375314048761145e-07,0.9997177771092184,C
crc chain lube fps 400ml,CRC Chain Lube FPS - 400ml,1,1,5700.0,2.375314048761145e-07,0.9997180146406233,C
copper lugz ring 2 5 mm,Copper Lugz Ring 2.5 Mm,5,4,5680.0,2.366979613502334e-07,0.9997182513385846,C
water proof ply wood,Water Proof Ply Wood,2,1,5679.0,2.3665628917393932e-07,0.9997184879948737,C
ht nut 12 mm,Ht Nut 12 Mm,1,1,5679.0,2.3665628917393932e-07,0.9997187246511628,C
apple magsafe 2 power adapter,Apple Magsafe 2 Power Adapter,1,1,5677.97,2.3661336683235647e-07,0.9997189612645296,C
alluminium lugz ring 150 mm,Alluminium Lugz Ring 150 Mm,1,1,5670.0,2.3628123958729283e-07,0.9997191975457692,C
mastiwok,Mastiwok,1,1,5664.0,2.360312065295285e-07,0.9997194335769758,C
1414c00701 centre pin massy 1035 tractor,1414C00701 Centre Pin Massy 1035 Tractor,1,1,5664.0,2.360312065295285e-07,0.9997196696081824,C
armature for hand grinder m c,Armature for Hand Grinder M/c,3,3,5660.0,2.3586451782435229e-07,0.9997199054727002,C
sprite can,Sprite (Can),3,3,5657.1,2.3574366851309954e-07,0.9997201412163687,C
royal glass,ROYAL GLASS,2,2,5656.56,2.3572116553790074e-07,0.9997203769375342,C
air cylinder 32x50mm,Air Cylinder - 32x50Mm,2,2,5652.0,2.3553114041399984e-07,0.9997206124686746,C
labour charges of car rep work k 0679,Labour Charges Of Car Rep. Work K 0679,4,4,5635.0,2.3482271341700089e-07,0.999720847291388,C
ss bolt 12x50 mm,Ss Bolt 12X50 Mm,2,2,5624.0,2.343643194777663e-07,0.9997210816557075,C
sprite bottle 2 ltr,Sprite Bottle 2 Ltr,7,7,5617.8099999999995,2.3410636870650606e-07,0.9997213157620762,C
main bearing set 407 010,Main Bearing Set 407 010,4,4,5613.52,2.3392759507020462e-07,0.9997215496896713,C
electric tape red,Electric Tape - Red,3,3,5610.0,2.3378090900964951e-07,0.9997217834705803,C
reversing rolling mill for karcher m c,Reversing Rolling Mill For Karcher m/c,1,1,5609.0,2.3373923683335546e-07,0.9997220172098171,C
bearing 6203 2rs,Bearing 6203 2RS,4,4,5606.0,2.336142203044733e-07,0.9997222508240374,C
indent book,Indent Book,1,1,5600.0,2.3336418724670897e-07,0.9997224841882246,C
rear main leaf spring al 1616 2214,Rear Main Leaf Spring AL 1616/2214,1,1,5600.0,2.3336418724670897e-07,0.9997227175524118,C
metal clad plug,Metal Clad Plug,2,2,5600.0,2.3336418724670897e-07,0.999722950916599,C
supply of ss 304 g crate washer nozzles,Supply of SS 304 G Crate Washer Nozzles,1,1,5600.0,2.3336418724670897e-07,0.9997231842807862,C
grease gun 10 kg,Grease Gun 10 Kg,2,2,5600.0,2.3336418724670897e-07,0.9997234176449734,C
jbl free blk bt,JBL Free BLK BT,1,1,5593.22,2.3308164989143528e-07,0.9997236507266233,C
885442010407 brake lining 407,885442010407 Brake Lining 407,1,1,5592.0,2.3303080983635653e-07,0.9997238837574332,C
paint brush 2,"Paint Brush 2""",8,8,5582.0,2.3261408807341597e-07,0.9997241163715213,C
613 36009 hyd hose valve block jcb,613/36009 Hyd.Hose Valve Block Jcb,4,4,5581.42,2.3258991821116543e-07,0.9997243489614395,C
motor cover casing,Motor Cover Casing,6,5,5580.0,2.3253074372082787e-07,0.9997245814921832,C
starting problem from gk diesel l 0726,Starting Problem From GK Diesel L-0726,2,1,5575.38,2.3233821826634932e-07,0.9997248138304015,C
sall wood,Sall Wood,1,1,5574.22,2.3228987854184823e-07,0.99972504612028,C
head packing 125 kva dg,Head packing(125 KVA DG),2,2,5572.92,2.3223570471266594e-07,0.9997252783559847,C
king pin bearing tx 126 1st o s 909,King Pin Bearing TX–126 1st O/S 909,1,1,5565.0,2.3190566107641704e-07,0.9997255102616458,C
allout rifil liquid,Allout Rifil “Liquid”,1,1,5551.0,2.3132225060830025e-07,0.9997257415838964,C
computer paper 10x12x2 6,"Computer Paper 10X12X2-6""",1,1,5550.0,2.312805784320062e-07,0.9997259728644748,C
ss elbow 6,"SS Elbow 6""",1,1,5550.0,2.312805784320062e-07,0.9997262041450533,C
bearing nj 212 e cr brng,Bearing.NJ 212 E (CR BRNG.),1,1,5536.0,2.3069716796388944e-07,0.9997264348422212,C
repair main work from sparsh ar 1464,Repair & Main Work From Sparsh AR 1464,4,2,5531.4,2.3050547595293678e-07,0.9997266653476972,C
modular switch 25 amp,Modular Switch - 25 Amp,1,1,5529.0,2.3040546272983105e-07,0.9997268957531599,C
simplex chain 3 8,"Simplex Chain - 3/8""",1,1,5526.6,2.3030544950672532e-07,0.9997271260586094,C
bearing 6208 wos,Bearing 6208 WOS,2,2,5508.0,2.295303470276559e-07,0.9997273555889564,C
main filter element change work ag0621,Main Filter element Change Work AG0621,1,1,5504.24,2.2937365964479023e-07,0.999727584962616,C
electric flaxible pipe 1 pvc,Electric Flaxible Pipe - 1'' - PVC,6,5,5500.0,2.2919696961730345e-07,0.9997278141595857,C
pvc type lable size 4x6 male,PVC Type Lable (Size-4X6) MALE,1,1,5500.0,2.2919696961730345e-07,0.9997280433565553,C
glass film amfrost sparkle,Glass Film Amfrost Sparkle,1,1,5500.0,2.2919696961730345e-07,0.9997282725535249,C
bearing no 6307 2z skf,Bearing No. 6307 2Z Skf,1,1,5500.0,2.2919696961730345e-07,0.9997285017504945,C
bike wheel with tyre tube,Bike Wheel with Tyre & Tube,1,1,5500.0,2.2919696961730345e-07,0.9997287309474642,C
gear box model 1 2 hpx 35 t,"GEAR BOX ,MODEL - 1/2 HPX 35 T",1,1,5500.0,2.2919696961730345e-07,0.9997289601444338,C
pvc breaded hose pipe 1,"Pvc Breaded Hose Pipe 1""",1,1,5500.0,2.2919696961730345e-07,0.9997291893414034,C
accoset 50,Accoset 50,1,1,5500.0,2.2919696961730345e-07,0.999729418538373,C
en 8 round bar 60 mm,En 8 Round Bar 60 mm,1,1,5500.0,2.2919696961730345e-07,0.9997296477353427,C
repair of ac frequency drive 1 5 kw,Repair of AC Frequency Drive 1.5 KW,1,1,5500.0,2.2919696961730345e-07,0.9997298769323123,C
taper lock pully spb 315x3b with hub,"Taper Lock Pully, SPB 315X3B, With Hub",1,1,5500.0,2.2919696961730345e-07,0.9997301061292819,C
pvc type lable size 4x6 grower,PVC Type Lable (Size-4X6) GROWER,1,1,5500.0,2.2919696961730345e-07,0.9997303353262516,C
cut out 100 amp,Cut Out 100 Amp,2,2,5500.0,2.2919696961730345e-07,0.9997305645232212,C
frt loader pin repair bharat elec p7971,Frt Loader Pin Repair Bharat Elec.P7971,1,1,5500.0,2.2919696961730345e-07,0.9997307937201908,C
liner 10mm 22m 90683680,Liner 10mm 22M (90683680),1,1,5500.0,2.2919696961730345e-07,0.9997310229171604,C
liner hcc 24mm 96001683,Liner HCC 24mm (96001683),1,1,5500.0,2.2919696961730345e-07,0.99973125211413,C
sensor wire for te97 8mtr 5356017407,Sensor Wire for TE97 8mtr. (5356017407),1,1,5500.0,2.2919696961730345e-07,0.9997314813110997,C
condensor 100 120 mfd,"Condensor, 100-120 Mfd",1,1,5500.0,2.2919696961730345e-07,0.9997317105080693,C
tap,TAP,2,2,5487.29,2.28667316256606e-07,0.9997319391753856,C
pneumatic cylinder 63x600 mm,Pneumatic Cylinder 63X600 mm,1,1,5476.0,2.2819683738624613e-07,0.999732167372223,C
water dispenser,WATER DISPENSER,1,1,5466.1,2.2778428284093499e-07,0.9997323951565059,C
angle cock,Angle Cock,2,2,5464.64,2.2772344146354568e-07,0.9997326228799474,C
motor winding varnish,Motor Winding Varnish,1,1,5460.0,2.2753008256554125e-07,0.9997328504100299,C
bearing no 6403,Bearing No. 6403,1,1,5456.0,2.2736339386036503e-07,0.9997330777734238,C
164002ve1afuel filter w head assy partnr,164002VE1AFuel Filter W/Head Assy Partnr,1,1,5451.56,2.2717836939761943e-07,0.9997333049517932,C
electric board 6 x8 pvc,"Electric Board 6""X8'' Pvc",1,1,5445.0,2.269049999211304e-07,0.9997335318567931,C
flavoring roller dimension m 5 0 8 2 0,Flavoring Roller -Dimension(m):5×0.8×2.0,1,1,5442.93,2.2681873851620172e-07,0.9997337586755317,C
550a12vf0j rr main leaf spring alpartner,550A12VF0J RR Main Leaf Spring ALPartner,1,1,5442.38,2.2679581881923999e-07,0.9997339854713505,C
steam valve flange end 40mm ibr certifie,steam valve flange end(40mm)IBR Certifie,1,1,5440.0,2.2669663903966014e-07,0.9997342121679895,C
contactor coil 3tf46 02 0am0za01 siemens,CONTACTOR COIL-3TF46 02-0AM0ZA01(SIEMENS,1,1,5440.0,2.2669663903966014e-07,0.9997344388646285,C
round up insecticide,Round-Up (Insecticide),1,1,5423.8,2.2602154978369644e-07,0.9997346648861783,C
15 6 led screen,15.6 LED Screen,2,2,5423.72,2.2601821600959293e-07,0.9997348909043944,C
60000430f1 radiator outlet hose m m trac,60000430F1 Radiator Outlet Hose M&M Trac,3,3,5421.0,2.259048676900731e-07,0.9997351168092621,C
ci globe valve 3 4,"Ci Globe Valve - 3/4""",1,1,5420.0,2.2586319551377904e-07,0.9997353426724576,C
tube 215 75 r 16,Tube 215.75 R 16,2,2,5403.2,2.251631029520389e-07,0.9997355678355605,C
laber charges of driver quater rep work,Laber Charges Of Driver Quater Rep. Work,1,1,5400.0,2.2502975198789794e-07,0.9997357928653124,C
hydrolic hose pipe 3 8,"Hydrolic Hose Pipe 3/8""",2,2,5400.0,2.2502975198789794e-07,0.9997360178950644,C
bearing ucf 213,Bearing UCF 213,1,1,5400.0,2.2502975198789794e-07,0.9997362429248163,C
assy centre bonnet sfc,Assy Centre Bonnet SFC,1,1,5400.0,2.2502975198789794e-07,0.9997364679545683,C
blower oil,Blower oil,1,1,5400.0,2.2502975198789794e-07,0.9997366929843202,C
oil flask 250ml b 24,Oil Flask 250ml B-24,2,2,5400.0,2.2502975198789794e-07,0.9997369180140722,C
gear,Gear,1,1,5400.0,2.2502975198789794e-07,0.9997371430438241,C
egg dispatch report ip,Egg Dispatch Report Ip,1,1,5400.0,2.2502975198789794e-07,0.999737368073576,C
ink aid reducer,Ink Aid (Reducer),1,1,5400.0,2.2502975198789794e-07,0.999737593103328,C
brake oil 250 ml pack castrol,Brake Oil 250 ML Pack Castrol,1,1,5400.0,2.2502975198789794e-07,0.9997378181330799,C
571005110107 tensioner timing belt mega,571005110107 Tensioner(Timing Belt) Mega,2,2,5391.24,2.24664703723562e-07,0.9997380427977837,C
sugar pouch,Sugar Pouch,4,4,5390.4,2.2462969909547497e-07,0.9997382674274827,C
repair main work from kaizen ag 3699,Repair & Main Work From Kaizen AG 3699,1,1,5388.76,2.2456135672635276e-07,0.9997384919888395,C
labour charges of car rep work r 2151,Labour Charges Of Car Rep. Work R 2151,1,1,5350.0,2.2294614317319516e-07,0.9997387149349827,C
264154400201 head light assy lh 909 bsiv,264154400201 Head Light Assy LH 909 BSIV,2,2,5346.16,2.22786122016226e-07,0.9997389377211047,C
bearing 6212 zz c3 skf,Bearing 6212 Zz C3 Skf,1,1,5340.0,2.2252942141025462e-07,0.9997391602505261,C
steel putti,Steel Putti,2,2,5339.25,2.2249816727803407e-07,0.9997393827486933,C
wireless mouse,Wireless Mouse,2,2,5339.0,2.2248774923396057e-07,0.9997396052364426,C
consild cock,Consild Cock,2,2,5338.98,2.2248691579043466e-07,0.9997398277233583,C
lady finger bhendi,Lady Finger (Bhendi),23,23,5310.0,2.2127925612143295e-07,0.9997400490026145,C
repair main work from sparsh ad 2313,Repair & Main Work From Sparsh AD 2313,2,1,5305.65,2.2109798215455381e-07,0.9997402701005966,C
polyamide cable gland 19 mm,Polyamide Cable Gland 19 mm,1,1,5300.0,2.2086253435849242e-07,0.999740490963131,C
tina washer,Tina Washer,1,1,5300.0,2.2086253435849242e-07,0.9997407118256654,C
pu tube 10mm,Pu Tube - 10Mm,1,1,5300.0,2.2086253435849242e-07,0.9997409326881997,C
hn fuse 315 a,Hn Fuse 315 A,2,2,5295.0,2.2065417347702215e-07,0.9997411533423732,C
stiching machine tension set,STICHING MACHINE TENSION SET,2,2,5290.0,2.2044581259555185e-07,0.9997413737881858,C
ssd 1201 solonoide switch auto lek,SSD 1201 Solonoide Switch Auto-Lek,1,1,5288.16,2.203691357911708e-07,0.9997415941573217,C
contator 3tf35000a,Contator - 3TF35000A,1,1,5285.0,2.2023745171408158e-07,0.9997418143947734,C
carpet shampooing 101,Carpet Shampooing-101,2,2,5282.0,2.201124351851994e-07,0.9997420345072086,C
v belt b 50,V Belt - B-50,1,1,5280.0,2.200290908326113e-07,0.9997422545362994,C
foster valved caupler female,Foster Valved Caupler Female,1,1,5280.0,2.200290908326113e-07,0.9997424745653902,C
f2753100 front hub oil seal ec 1212 al,F2753100 Front Hub Oil Seal EC 1212 AL,2,2,5280.0,2.200290908326113e-07,0.9997426945944811,C
410a02vf7j frt w c assy lh al partner,410A02VF7J Frt. W C Assy LH AL Partner,1,1,5273.43,2.1975530463435937e-07,0.9997429143497857,C
auto drain valve internal b001305480003,Auto Drain Valve Internal (B001305480003,1,1,5270.0,2.1961236906967075e-07,0.9997431339621548,C
f002g20531 self armature mico,F002G20531 Self Armature-Mico,1,1,5257.82,2.1910480196240915e-07,0.9997433530669567,C
jam 500gm,Jam 500gm,4,4,5255.360000000001,2.1900228840872583e-07,0.9997435720692451,C
chicken broiler without skin,Chicken Broiler Without Skin,11,10,5253.21,2.1891269322969357e-07,0.9997437909819383,C
local tube 100m roll white yellow4 2mm,Local Tube (100m/Roll)-White/Yellow4.2mm,1,1,5250.0,2.1877892554378964e-07,0.9997440097608639,C
di5616 instru cluster assy1 0 76 709 bs3,DI5616 Instru.Cluster Assy1:0.76 709 BS3,1,1,5250.0,2.1877892554378964e-07,0.9997442285397894,C
welding rod ms to ss 3 15 mm,Welding Rod MS to SS 3.15 mm,1,1,5250.0,2.1877892554378964e-07,0.9997444473187149,C
nylon round bar dia 45mm x 1mtr length,Nylon Round Bar Dia 45Mm X 1mtr. Length,1,1,5250.0,2.1877892554378964e-07,0.9997446660976405,C
battery gun socket spanner 7 mm,Battery Gun Socket Spanner 7 mm,1,1,5250.0,2.1877892554378964e-07,0.999744884876566,C
front main leaf spring tata yodha bsiv,Front Main Leaf Spring Tata Yodha BSIV,1,1,5245.0,2.1857056466231937e-07,0.9997451034471306,C
radiator assy 16 x20 john deere tractor,"Radiator Assy 16""x20"" John Deere Tractor",1,1,5240.0,2.183622037808491e-07,0.9997453218093344,C
gulab jamun 30grms,Gulab Jamun 30grms,1,1,5238.2,2.182871938635198e-07,0.9997455400965283,C
333 y4574 hyd hose 10 bsp hp 2800mm jcb,333/Y4574 HYD.Hose-10 BSP HP 2800MM JCB,2,2,5234.0,2.1811217072308476e-07,0.999745758208699,C
bolt 17 no 6 m10x1 5x150,"Bolt 17 NO. 6"" M10X1.5X150",2,2,5227.5,2.1784130157717342e-07,0.9997459760500006,C
plier model 1621 8 8 5,"PLIER , MODEL-1621-8,8.5""",1,1,5220.0,2.17528760254968e-07,0.9997461935787608,C
breather unit,Breather Unit,2,2,5204.0,2.1686200543426312e-07,0.9997464104407663,C
ups battery 45ah 12v,UPS Battery 45AH 12V,1,1,5200.0,2.166953167290869e-07,0.999746627136083,C
sealer pressure pin 100gm ffs machine,Sealer Pressure Pin - 100gm FFS machine,1,1,5200.0,2.166953167290869e-07,0.9997468438313997,C
labour charges for machining of shaft,Labour Charges for Machining of Shaft,1,1,5200.0,2.166953167290869e-07,0.9997470605267164,C
wire 5 mm,Wire 5 Mm,1,1,5200.0,2.166953167290869e-07,0.999747277222033,C
chassis repair wrk jasvinder motor l0582,Chassis Repair Wrk Jasvinder Motor L0582,1,1,5200.0,2.166953167290869e-07,0.9997474939173497,C
worm wheel,Worm wheel,1,1,5200.0,2.166953167290869e-07,0.9997477106126664,C
mh copper ballast 400 w,Mh Copper Ballast - 400 W,1,1,5200.0,2.166953167290869e-07,0.9997479273079831,C
push pull switch,Push Pull Switch,1,1,5200.0,2.166953167290869e-07,0.9997481440032998,C
plastick tirpaul 24x30,Plastick Tirpaul 24X30,1,1,5184.0,2.16028561908382e-07,0.9997483600318617,C
v belt spa 2280,V Belt - SPA 2280,1,1,5184.0,2.16028561908382e-07,0.9997485760604237,C
v belt spc 2900,V-BELT Spc-2900,1,1,5181.0,2.1590354537949984e-07,0.999748791963969,C
eng lath repair work mehar singh b 1983,Eng.Lath Repair Work Mehar Singh B-1983,1,1,5180.0,2.158618732032058e-07,0.9997490078258422,C
ms plate 2 mm,Ms Plate 2 MM,1,1,5180.0,2.158618732032058e-07,0.9997492236877153,C
scissor kaichi jack for car ace bolero,Scissor Kaichi Jack (For Car/Ace/Bolero),3,3,5175.0,2.1565351232173552e-07,0.9997494393412276,C
eng oil hub greshing city wheel ae7167,Eng.Oil & Hub Greshing City Wheel AE7167,1,1,5171.58,2.1551099347880984e-07,0.9997496548522211,C
kad khila 2,"Kad Khila 2""",1,1,5169.5,2.154243153521182e-07,0.9997498702765365,C
hard disk 1 tb,Hard Disk 1 TB,2,2,5169.48,2.1542348190859232e-07,0.9997500857000184,C
plumbing pipes haunching work,Plumbing pipes Haunching Work,1,1,5168.64,2.1538847728050534e-07,0.9997503010884957,C
milk made cream,Milk Made (Cream),3,2,5165.98,2.1527762929156312e-07,0.999750516366125,C
hyd strg boom repair sundeep enter p0775,Hyd.Strg.Boom Repair Sundeep Enter.P0775,2,2,5150.0,2.1461170791438415e-07,0.999750730977833,C
battery cable black red,Battery Cable Black / Red,2,2,5148.0,2.1452836356179603e-07,0.9997509455061965,C
remp work soil providing laying,Remp work Soil Providing & Laying,1,1,5145.88,2.1444001854805262e-07,0.999751159946215,C
eng oil filter change jaika auto l0740,Eng.Oil & Filter Change Jaika Auto.L0740,1,1,5144.61,2.1438709488415917e-07,0.9997513743333099,C
ht washer 16mm,Ht Washer 16Mm,1,1,5130.0,2.1377826438850304e-07,0.9997515881115743,C
painting 2 coats with white cement,Painting 2 coats with white cement,1,1,5129.48,2.137565948568301e-07,0.9997518018681691,C
stepny bracket 407 909,Stepny Bracket 407/909,1,1,5120.0,2.1336154262556248e-07,0.9997520152297118,C
alu transmission bracket f 04 01,Alu. Transmission Bracket (F-04-01),1,1,5120.0,2.1336154262556248e-07,0.9997522285912545,C
electric elbow 1,"Electric Elbow 1""",4,3,5120.0,2.1336154262556248e-07,0.9997524419527971,C
labour charges of car rep work r 2537,Labour Charges Of Car Rep. Work R 2537,1,1,5117.0,2.132365260966803e-07,0.9997526551893232,C
26021304 altinator assy lucs 407 709,26021304 Altinator Assy Lucs 407/709,1,1,5116.0,2.1319485392038626e-07,0.9997528683841771,C
281846100119 strg i shaft center sup ace,281846100119 Strg.I Shaft Center Sup.Ace,1,1,5109.36,2.1291815066979373e-07,0.9997530813023278,C
eng oil filter change city whee af6011,Eng.Oil & Filter Change City Whee AF6011,2,2,5108.62,2.1288731325933612e-07,0.999753294189641,C
mcb switch 32 amp 1 pole,Mcb Switch -32 Amp- 1 Pole,4,4,5102.0,2.126114434522695e-07,0.9997535068010844,C
flaxible pipe 1 wire supported,"Flaxible Pipe - 1"" (Wire Supported)",3,3,5100.0,2.1252809909968138e-07,0.9997537193291836,C
labour charge from mahadev motors l 1540,Labour Charge From Mahadev Motors L-1540,1,1,5100.0,2.1252809909968138e-07,0.9997539318572827,C
hyd strg boom repair sundeep enter c8589,Hyd.Strg.Boom Repair Sundeep Enter.C8589,2,2,5100.0,2.1252809909968138e-07,0.9997541443853818,C
welding rod ms to ss 2 5 mm ea,Welding Rod MS to SS 2.5 mm (EA),1,1,5098.2,2.1245308918235207e-07,0.999754356838471,C
cello tape medium,Cello Tape Medium,4,4,5094.0,2.1227806604191706e-07,0.999754569116537,C
front rear kamani bush 407,Front/Rear kamani Bush 407,1,1,5088.0,2.1202803298415271e-07,0.9997547811445701,C
pvc suction pipe 1 5,"Pvc Suction Pipe 1.5""",2,2,5085.0,2.1190301645527054e-07,0.9997549930475865,C
jeep kabja,Jeep Kabja,2,2,5084.1,2.1186551149660591e-07,0.999755204913098,C
eng lath repair work mehar singh l 0117,Eng.Lath Repair Work Mehar Singh L-0117,1,1,5080.0,2.1169465557380027e-07,0.9997554166077536,C
cs steam gate valve 1,"CS Steam Gate Valve 1""",1,1,5080.0,2.1169465557380027e-07,0.9997556283024092,C
eng lath work from mehar singh cg08l0742,Eng.Lath Work From Mehar Singh CG08L0742,1,1,5080.0,2.1169465557380027e-07,0.9997558399970647,C
urea khad,Urea - Khad,2,2,5067.5,2.1117375337012459e-07,0.9997560511708181,C
corrugated boxnc30,Corrugated BoxNC30,2,2,5066.0,2.111112451056835e-07,0.9997562622820633,C
ci ball valve 3 4,"Ci Ball Valve 3/4""",3,3,5066.0,2.111112451056835e-07,0.9997564733933084,C
ss 304 three way valve 51mm,SS 304 Three way valve 51mm,1,1,5060.0,2.1086121204791917e-07,0.9997566842545205,C
extruder connector assembly,Extruder Connector Assembly,1,1,5057.0,2.10736195519037e-07,0.999756894990716,C
repair main work from jain r 2151,Repair & Main Work From Jain R 2151,1,1,5055.06,2.1065535149702655e-07,0.9997571056460675,C
mh copper ballast 150 w,Mh Copper Ballast - 150 W,1,1,5050.0,2.1044449028497863e-07,0.9997573160905577,C
fiber pigtail sc,FIBER PIGTAIL SC,1,1,5040.0,2.1002776852203806e-07,0.9997575261183262,C
tool bit 1 4x4,Tool Bit 1/4X4,1,1,5040.0,2.1002776852203806e-07,0.9997577361460948,C
811 90198 linkage pin pivot pin jcb,811/90198 Linkage Pin / Pivot PIN JCB,3,3,5036.43,2.098789988526683e-07,0.9997579460250936,C
labour charges of car rep work u 6900,Labour Charges Of Car Rep. Work U 6900,1,1,5021.99,2.0927725262698212e-07,0.9997581553023462,C
simplex chain 5 8,Simplex Chain - 5/8'',2,2,5020.3,2.092068266490452e-07,0.9997583645091729,C
eng lath repair from saggu eng cg08m0187,Eng.Lath Repair From Saggu Eng.CG08M0187,1,1,5010.0,2.0877760323321642e-07,0.9997585732867761,C
executive bag,EXECUTIVE BAG,1,1,5010.0,2.0877760323321642e-07,0.9997587820643793,C
stiching machine carbon,Stiching Machine Carbon,1,1,5000.0,2.0836088147027586e-07,0.9997589904252607,C
self tapping screw 1 5,"Self Tapping Screw 1.5""",1,1,5000.0,2.0836088147027586e-07,0.9997591987861422,C
water level sensor,Water Level Sensor,1,1,5000.0,2.0836088147027586e-07,0.9997594071470236,C
eef column at leaf level in the farmer,EEF Column at leaf level in the farmer,1,1,5000.0,2.0836088147027586e-07,0.999759615507905,C
timing system repair work p 2308,Timing System Repair Work P 2308,1,1,5000.0,2.0836088147027586e-07,0.9997598238687865,C
fool jhadu,Fool Jhadu,2,2,5000.0,2.0836088147027586e-07,0.9997600322296679,C
tikli die repair,Tikli die repair,1,1,5000.0,2.0836088147027586e-07,0.9997602405905494,C
ignition switch m loader minda ign 7606,Ignition Switch M Loader Minda IGN-7606,1,1,5000.0,2.0836088147027586e-07,0.9997604489514308,C
gauge glass cock set,Gauge glass cock set,1,1,5000.0,2.0836088147027586e-07,0.9997606573123122,C
gauge glass cock set on feed water tank,Gauge glass cock set on feed water tank,1,1,5000.0,2.0836088147027586e-07,0.9997608656731937,C
sheff cap paper wrap,Sheff Cap (Paper Wrap),1,1,5000.0,2.0836088147027586e-07,0.9997610740340751,C
grease gun 5 kg,Grease Gun 5 Kg,2,2,5000.0,2.0836088147027586e-07,0.9997612823949565,C
ubnt eth sp rf,UBNT ETH SP (RF ),1,1,5000.0,2.0836088147027586e-07,0.999761490755838,C
tar brush,Tar Brush,2,2,4992.0,2.0802750405992341e-07,0.9997616987833421,C
ss wire mesh 3mm opening,Ss Wire Mesh 3Mm Opening,1,1,4985.6,2.077608021316415e-07,0.9997619065441442,C
material issue note book,Material Issue Note Book,1,1,4981.0,2.075691101206888e-07,0.9997621141132543,C
gm gatevalve 1,"Gm Gatevalve 1""",1,1,4980.0,2.0752743794439475e-07,0.9997623216406922,C
tullu pump cooler,Tullu Pump - Cooler,3,3,4971.6,2.071773916635247e-07,0.9997625288180839,C
26256097 drive assy,26256097 Drive Assy,2,2,4970.24,2.0712071750376477e-07,0.9997627359388014,C
35g x 11 pouch x 20 outer box,35g x 11 Pouch x 20 Outer Box,1,1,4968.0,2.070273718288661e-07,0.9997629429661732,C
labour charges of car rep work s 1769,Labour Charges Of Car Rep. Work S 1769,2,2,4963.55,2.0684193064435755e-07,0.9997631498081039,C
repair main work from sparsh aa 3100,Repair & Main Work From Sparsh AA 3100,2,1,4957.42,2.06586480203675e-07,0.9997633563945841,C
clutch system repair shree motor af 6382,Clutch System Repair Shree Motor.AF-6382,1,1,4956.36,2.065423076968033e-07,0.9997635629368918,C
bearing sleeve h 320,Bearing Sleeve - H 320,1,1,4954.0,2.0644396136074933e-07,0.9997637693808532,C
soap dettol,Soap - Dettol,3,3,4953.0,2.0640228918445526e-07,0.9997639757831424,C
coffee beans,Coffee Beans,3,3,4952.4,2.063772858786788e-07,0.9997641821604283,C
neno 800 coating equivaler 8 mm,Neno 800 Coating equivaler 8 MM,1,1,4950.0,2.062772726555731e-07,0.999764388437701,C
anchor fastner 12x100,Anchor Fastner - 12X100,3,3,4950.0,2.062772726555731e-07,0.9997645947149737,C
rr hub repair work p 2308,RR Hub Repair Work P 2308,1,1,4950.0,2.062772726555731e-07,0.9997648009922464,C
bearing ucf 205,Bearing Ucf 205,1,1,4944.0,2.0602723959780876e-07,0.999765007019486,C
m 848651 diaphragm rubber,M 848651 Diaphragm Rubber,4,4,4925.12,2.0524046890937701e-07,0.999765212259955,C
tera cota paint,Tera Cota Paint,1,1,4924.4,2.0521046494244526e-07,0.9997654174704199,C
wall primer,Wall Primer,3,3,4920.0,2.0502710736675144e-07,0.9997656224975273,C
glass,Glass,2,2,4914.129999999999,2.0478249169190532e-07,0.9997658272800191,C
0119aan01210a frt bumper assy mtl bolero,0119AAN01210A Frt Bumper Assy MTL Bolero,1,1,4905.0,2.0440202472234063e-07,0.9997660316820438,C
silica crucible 25ml,Silica Crucible 25ml,2,2,4900.0,2.0419366384087034e-07,0.9997662358757077,C
bearing 32207 j2 q,Bearing 32207 J2/Q,1,1,4896.0,2.0402697513569412e-07,0.9997664399026828,C
repair main work from sparsh aa 2151,Repair & Main Work From Sparsh AA 2151,2,1,4890.91,2.0381486375835737e-07,0.9997666437175465,C
285126800240 gear selector cable acemega,285126800240 Gear Selector Cable AceMega,1,1,4890.6,2.0380194538370624e-07,0.999766847519492,C
bearing 48548,Bearing 48548,2,2,4884.0,2.0352690902016545e-07,0.999767051046401,C
bearing no 6301 2 z,Bearing No. - 6301 - 2 Z,1,1,4880.0,2.0336022031498923e-07,0.9997672544066213,C
softcare enhance handwash,Softcare Enhance (Handwash),2,2,4880.0,2.0336022031498923e-07,0.9997674577668416,C
non sparking fit spanner 21 x 23,Non sparking Fit Spanner- 21 x 23,1,1,4867.0,2.0281848202316652e-07,0.9997676605853236,C
808 00386 liner bearing jcb,808/00386 Liner Bearing JCB,1,1,4859.32,2.0249843970922817e-07,0.9997678630837633,C
strg yoke teeth 909,Strg Yoke & Teeth 909,1,1,4850.0,2.021100550261676e-07,0.9997680651938183,C
253420100169 water pump assy 709 bsiv,253420100169 Water Pump Assy 709 BSIV,1,1,4850.0,2.021100550261676e-07,0.9997682673038734,C
non sparking ring spanner 21 x 23,Non sparking Ring Spanner- 21 x 23,1,1,4847.0,2.0198503849728542e-07,0.9997684692889118,C
ss 304 butter fly valve plane 38mm,SS 304 Butter fly valve Plane 38mm,1,1,4844.0,2.0186002196840325e-07,0.9997686711489338,C
labour charges of car rep work r 2855,Labour Charges Of Car Rep. Work R 2855,1,1,4839.3,2.016641627398212e-07,0.9997688728130965,C
sev,Sev,7,7,4818.96,2.008165506740001e-07,0.9997690736296472,C
copper lugz ring 16 mm,Copper Lugz Ring 16 Mm,2,2,4818.0,2.0077654538475782e-07,0.9997692744061926,C
571020100103 water pump assy ace mega,571020100103 Water Pump Assy Ace Mega,2,2,4811.7300000000005,2.0051526083939412e-07,0.9997694749214534,C
270225600101assy clutch rel brg sup ace,270225600101Assy Clutch Rel.Brg. Sup Ace,3,3,4810.2,2.0045150240966417e-07,0.9997696753729558,C
papad lizzat,Papad Lizzat,4,4,4810.0,2.0044316797440538e-07,0.9997698758161238,C
ceramic sink,CERAMIC SINK,1,1,4805.07,2.0023772414527568e-07,0.9997700760538479,C
kit coupling kg 6 028,Kit Coupling Kg 6.028,1,1,4800.0,2.0002644621146482e-07,0.9997702760802941,C
belt joint hardner compound t c 310,Belt Joint Hardner Compound (T.C.310),1,1,4800.0,2.0002644621146482e-07,0.9997704761067403,C
pvc clamp 3,"Pvc Clamp 3""",1,1,4800.0,2.0002644621146482e-07,0.9997706761331865,C
swivel caster j 14 01,Swivel Caster (J-14-01),1,1,4800.0,2.0002644621146482e-07,0.9997708761596327,C
civil work plaster,Civil work plaster,1,1,4800.0,2.0002644621146482e-07,0.9997710761860789,C
cleaning cloth,Cleaning Cloth,1,1,4800.0,2.0002644621146482e-07,0.999771276212525,C
pvc female 2,"Pvc Female 2""",1,1,4800.0,2.0002644621146482e-07,0.9997714762389712,C
22 a contactor 230 v ac coil 3tf33 00 0a,22 A CONTACTOR 230 V AC COIL 3TF33 00-0A,1,1,4800.0,2.0002644621146482e-07,0.9997716762654174,C
meat grinder m c,Meat Grinder M/c,1,1,4800.0,2.0002644621146482e-07,0.9997718762918636,C
panko bread crumbs 8mm,Panko Bread Crumbs 8mm,1,1,4800.0,2.0002644621146482e-07,0.9997720763183098,C
bearing 6305 2z c3,Bearing 6305 2Z / C3,1,1,4800.0,2.0002644621146482e-07,0.999772276344756,C
0304ab0191nassy radiator m pickup bolero,0304AB0191NAssy Radiator M-Pickup Bolero,1,1,4800.0,2.0002644621146482e-07,0.9997724763712021,C
charges for hot deep galvanizing,Charges for Hot Deep Galvanizing,1,1,4796.0,1.998597575062886e-07,0.9997726762309597,C
vga to hdmi convertor,VGA to HDMI Convertor,3,3,4791.66,1.996789002611724e-07,0.99977287590986,C
stiching machine main shaft,Stiching Machine Main Shaft,2,2,4790.8,1.9964306218955954e-07,0.9997730755529222,C
bearing 7312 b,Bearing 7312 B,1,1,4788.0,1.9952638009593615e-07,0.9997732750793022,C
oil filter element arjun mahindra,Oil Filter Element Arjun Mahindra,2,2,4780.0,1.991930026855837e-07,0.9997734742723049,C
computer paper 10x12x3 6,"Computer Paper 10X12X3 -6""",1,1,4770.0,1.9877628092264317e-07,0.9997736730485858,C
fan belt 5pk 1095 super ace,Fan Belt 5PK 1095 Super Ace,1,1,4764.0,1.9852624786487883e-07,0.9997738715748337,C
maxtreat 3226,MAXTREAT 3226,1,1,4760.0,1.983595591597026e-07,0.9997740699343928,C
sleev yoke rrer teeth set 909 bsiii,Sleev Yoke & Rrer Teeth Set 909 BSIII,1,1,4753.14,1.980736880303254e-07,0.9997742680080808,C
amyl alcohol,Amyl Alcohol,1,1,4752.0,1.9802618174935017e-07,0.9997744660342626,C
acp door with frame,ACP door with frame,1,1,4750.5,1.979636734849091e-07,0.999774663997936,C
naagar adjuster rod,Naagar Adjuster Rod,1,1,4750.0,1.9794283739676207e-07,0.9997748619407734,C
mcb 6 amp 2 pole a9n2p06c schneider,MCB 6 Amp 2 Pole - A9N2P06C (Schneider),1,1,4740.0,1.975261156338215e-07,0.999775059466889,C
v belt b 64,V Belt B-64,1,1,4740.0,1.975261156338215e-07,0.9997752569930047,C
panettone paper cup,Panettone Paper Cup,7,7,4731.3,1.9716356770006325e-07,0.9997754541565724,C
disposable cup,Disposable Cup,2,2,4725.0,1.969010329894107e-07,0.9997756510576055,C
fr 3 8 valve,"Fr 3/8"" Valve",1,1,4707.0,1.961509338161177e-07,0.9997758472085393,C
needle bar connecting bracket 800612,Needle Bar Connecting Bracket (800612),1,1,4700.0,1.958592285820593e-07,0.9997760430677679,C
plastic balti,Plastic Balti,1,1,4700.0,1.958592285820593e-07,0.9997762389269965,C
simplex chain 3 4,Simplex Chain - 3/4'',1,1,4684.8,1.9522581150238967e-07,0.999776434152808,C
rotary switch 5 way double pole,"ROTARY SWITCH,5 WAY DOUBLE POLE",2,2,4680.0,1.950257850561782e-07,0.9997766291785931,C
labour charges aluminium door fixing,Labour charges aluminium door fixing,1,1,4680.0,1.950257850561782e-07,0.9997768242043782,C
pvc pipe 4,Pvc Pipe - 4'',3,3,4680.0,1.950257850561782e-07,0.9997770192301633,C
257347100161 fuel tank assy 160l 1109bs3,257347100161 Fuel Tank Assy 160L 1109BS3,1,1,4672.08,1.946957414199293e-07,0.9997772139259047,C
v belt a 68,V Belt - A 68,2,2,4667.0,1.9448404676435548e-07,0.9997774084099514,C
paper knife,Paper Knife,2,2,4666.0,1.9444237458806143e-07,0.999777602852326,C
aftershokz bluez2 headphone,Aftershokz Bluez2 Headphone,1,1,4661.02,1.9423484715011705e-07,0.9997777970871731,C
heater 3 kw,Heater 3 kw,1,1,4661.02,1.9423484715011705e-07,0.9997779913220202,C
discharge pipe for fire extinguisher,Discharge Pipe for Fire Extinguisher,3,3,4650.0,1.9377561976735655e-07,0.9997781850976399,C
ms short bend 8,Ms Short  Bend - 8'',1,1,4650.0,1.9377561976735655e-07,0.9997783788732597,C
cotton,Cotton,2,2,4650.0,1.9377561976735655e-07,0.9997785726488795,C
gland cutter 50 mm,Gland Cutter - 50 Mm,2,2,4650.0,1.9377561976735655e-07,0.9997787664244993,C
006000454f91 assy air filter donaldson,006000454F91 Assy Air Filter (Donaldson),2,2,4642.0,1.934422423570041e-07,0.9997789598667416,C
repair main work from karan s 1930,Repair & Main Work From Karan S 1930,2,1,4635.08,1.9315387089704925e-07,0.9997791530206125,C
labour charges of car rep work s 1969,Labour Charges Of Car Rep. Work S 1969,2,2,4622.0,1.92608798831123e-07,0.9997793456294113,C
hl 5605m head light assy rh 2515 hyva,HL-5605M Head Light Assy RH 2515/Hyva,1,1,4620.0,1.925254544785349e-07,0.9997795381548658,C
hl 5606m head light assy lh 2515 hyva,HL-5606M Head Light Assy LH 2515/Hyva,1,1,4620.0,1.925254544785349e-07,0.9997797306803202,C
f3349211 drive shaft input al 1012,F3349211 Drive Shaft (Input) AL 1012,1,1,4620.0,1.925254544785349e-07,0.9997799232057747,C
clove,Clove,4,4,4616.21,1.9236751693038042e-07,0.9997801155732916,C
pnumatic cylinder seal kit,PNUMATIC CYLINDER SEAL KIT,3,2,4616.0,1.9235876577335869e-07,0.9997803079320574,C
red chilli whole,Red Chilli Whole,5,5,4613.35,1.9224833450617943e-07,0.9997805001803919,C
ragister 400 page,Ragister 400 Page,1,1,4608.0,1.9202538836300624e-07,0.9997806922057803,C
crusher dimension m 1 3 1 2 1 9,Crusher - Dimension(m):1.3×1.2×1.9,1,1,4605.55,1.919232915310858e-07,0.9997808841290717,C
measuring cup 10ml,Measuring Cup 10ML,1,1,4600.0,1.916920109526538e-07,0.9997810758210827,C
alluminium lugz ring 120 mm,Alluminium Lugz Ring 120 Mm,2,2,4600.0,1.916920109526538e-07,0.9997812675130936,C
hyd boom repair frm sundeep enter c 8702,Hyd.Boom Repair Frm Sundeep Enter.C-8702,2,2,4600.0,1.916920109526538e-07,0.9997814592051045,C
land survey work bakal,Land Survey work Bakal,1,1,4592.0,1.9135863354230136e-07,0.999781650563738,C
green tea pkt,Green Tea (PKT),4,4,4586.05,1.9111068409335173e-07,0.9997818416744221,C
refrigeration gas r 134,Refrigeration Gas - R-134,1,1,4576.2,1.9070021315685527e-07,0.9997820323746353,C
hand primer mico,Hand Primer Mico,1,1,4576.2,1.9070021315685527e-07,0.9997822230748484,C
epson dmp cartridge,Epson DMP Cartridge,1,1,4576.2,1.9070021315685527e-07,0.9997824137750616,C
green elachi,Green Elachi,3,3,4566.66,1.9030266059500998e-07,0.9997826040777222,C
non sparking chiesel 8,"Non sparking chiesel 8""",1,1,4566.0,1.9027515695865591e-07,0.9997827943528792,C
repair main work from karan r 4907,Repair & Main Work From Karan R 4907,2,1,4564.51,1.9021306541597778e-07,0.9997829845659446,C
water melon tarbuj kalinder kg,Water Melon - Tarbuj / Kalinder (KG),9,9,4563.0,1.9015014042977374e-07,0.999783174716085,C
gi square pipe 1 x 1 x 2 5 mm,"GI Square Pipe 1"" x 1"" x 2.5 MM",1,1,4563.0,1.9015014042977374e-07,0.9997833648662254,C
handle ss for brush set 5356017072,Handle SS for Brush Set (5356017072),1,1,4560.0,1.900251239008916e-07,0.9997835548913493,C
cotton tap,Cotton Tap,4,4,4560.0,1.900251239008916e-07,0.9997837449164731,C
alternator repair genral vender l 2751,Alternator Repair Genral Vender L-2751,2,2,4555.0,1.898167630194213e-07,0.9997839347332361,C
ht nut 04 mm,HT NUT 04 MM,1,1,4550.0,1.8960840213795103e-07,0.9997841243416382,C
20 nb cs pipe schedule 40 seamless,20 NB CS Pipe ( schedule 40. ) (SEAMLESS,1,1,4547.4,1.8950005447958646e-07,0.9997843138416926,C
non sparking fit spanner 20 x 22,Non sparking Fit Spanner- 20 x 22,1,1,4547.0,1.8948338560906886e-07,0.9997845033250783,C
digimatic vernier caliper 6,"DIGIMATIC VERNIER CALIPER 6""",1,1,4537.0,1.8906666384612832e-07,0.9997846923917422,C
diesel lekage repair kamal diesel p 0267,Diesel Lekage Repair Kamal Diesel P-0267,1,1,4531.0,1.8881663078836397e-07,0.9997848812083729,C
pvc female 1 2,"Pvc Female 1/2""",2,2,4528.0,1.8869161425948183e-07,0.9997850698999872,C
abnormal noisy found kamal diesel l 3082,Abnormal Noisy Found Kamal Diesel L-3082,1,1,4512.0,1.8802485943877695e-07,0.9997852579248466,C
v belt b 59,V Belt - B 59,1,1,4512.0,1.8802485943877695e-07,0.9997854459497061,C
10ml masuring cup for 28mm ropp cap,10ml Masuring Cup for 28mm ROPP Cap,1,1,4500.0,1.8752479332324828e-07,0.9997856334744994,C
f0531232 front rear bush a l 1012,F0531232 Front /Rear Bush A/L 1012,1,1,4500.0,1.8752479332324828e-07,0.9997858209992928,C
ms trolley with heavy duty single wheel,MS trolley with heavy duty Single wheel,1,1,4500.0,1.8752479332324828e-07,0.9997860085240862,C
ruf pad a size,Ruf Pad A Size,2,2,4500.0,1.8752479332324828e-07,0.9997861960488795,C
diastix strips,Diastix strips,1,1,4500.0,1.8752479332324828e-07,0.9997863835736729,C
rtd wire compersating cable,Rtd Wire (Compersating Cable),1,1,4500.0,1.8752479332324828e-07,0.9997865710984662,C
rubber coupler gartech,Rubber Coupler - Gartech,1,1,4500.0,1.8752479332324828e-07,0.9997867586232596,C
gear lever knob lpt,Gear Lever Knob LPT,2,2,4500.0,1.8752479332324828e-07,0.999786946148053,C
repair maintenance for worm shaft gear,Repair & Maintenance for Worm Shaft/Gear,1,1,4500.0,1.8752479332324828e-07,0.9997871336728463,C
repair maintenance for buddy arc 400i,Repair & Maintenance for Buddy ARC 400i,1,1,4500.0,1.8752479332324828e-07,0.9997873211976397,C
filter bag 1000mm x 465mm x 50mm dust c,Filter Bag-1000mm X 465mm X 50mm(dust c,1,1,4500.0,1.8752479332324828e-07,0.999787508722433,C
mcb box 3 4 way,"Mcb Box, 3-4 Way",1,1,4500.0,1.8752479332324828e-07,0.9997876962472264,C
installation support,Installation & Support,2,2,4500.0,1.8752479332324828e-07,0.9997878837720198,C
mains cord cable,Mains Cord Cable,1,1,4500.0,1.8752479332324828e-07,0.9997880712968131,C
daily report book set,Daily Report Book (Set),1,1,4500.0,1.8752479332324828e-07,0.9997882588216065,C
ss flexible hose pipe 1 length 1200 mm,"SS Flexible Hose pipe 1"",length -1200 mm",1,1,4500.0,1.8752479332324828e-07,0.9997884463463999,C
labour charge from shivam motors l 3078,Labour Charge From Shivam Motors L-3078,1,1,4496.5,1.873789407062191e-07,0.9997886337253405,C
tube 165 175 r 14 a l dost,Tube 165/175-R-14 A/L DOST,3,3,4492.32,1.872047510093099e-07,0.9997888209300916,C
265172500131 assy window regulator rh 40,265172500131_Assy Window Regulator Rh 40,1,1,4492.2,1.8719975034815463e-07,0.999789008129842,C
486602va0a lever assy relay al dost,486602VA0A Lever Assy Relay AL DOST,1,1,4482.82,1.868088653345164e-07,0.9997891949387073,C
pani pipe 3 4,"Pani Pipe 3/4""",1,1,4482.75,1.8680594828217583e-07,0.9997893817446556,C
betadin tube,Betadin Tube,3,3,4481.0,1.8673302197366123e-07,0.9997895684776775,C
motor siw 22t part no 408184,Motor SIW 22T part no-408184,1,1,4475.76,1.8651465976988038e-07,0.9997897549923372,C
mcb switch 10 amp 4 pole,Mcb Switch - 10 Amp-4 Pole,1,1,4470.0,1.8627462803442661e-07,0.9997899412669653,C
hand drier machine,HAND DRIER MACHINE,1,1,4470.0,1.8627462803442661e-07,0.9997901275415934,C
non sparking ring spanner 20 x 22,Non sparking Ring Spanner- 20 x 22,1,1,4467.0,1.8614961150554444e-07,0.9997903136912049,C
bearing 6205 skf,Bearing 6205 Skf,2,2,4464.0,1.860245949766623e-07,0.9997904997157998,C
square pipe 20x20x2 2mm 6 mtr length,Square Pipe -20x20x2.2Mm 6 Mtr Length,1,1,4460.0,1.8585790627148608e-07,0.9997906855737061,C
air cylinder seal kit 40x75,Air Cylinder Seal Kit - 40X75,1,1,4450.0,1.854411845085455e-07,0.9997908710148906,C
carbon paper,Carbon Paper,2,2,4445.6,1.8525782693285169e-07,0.9997910562727176,C
bearing 6207 wos,Bearing 6207 WOS,1,1,4440.0,1.8502446274560497e-07,0.9997912412971803,C
a c cyl head repair kit 3118 4018s 3118,A/C CYL.Head Repair Kit 3118/4018s 3118,1,1,4428.0,1.845243966300763e-07,0.999791425821577,C
spy 2400 000 500 hr ser filter kit hydra,SPY.2400.000 500 HR Ser.Filter KIT HYDRA,1,1,4418.0,1.8410767486713574e-07,0.9997916099292519,C
pvc female 1 5,"Pvc Female 1.5""",2,2,4415.0,1.8398265833825357e-07,0.9997917939119102,C
cement primer,Cement Primer,3,3,4404.6,1.8354926770479543e-07,0.9997919774611779,C
repair main work from sparsh ad 7021,Repair & Main Work From Sparsh AD 7021,2,1,4403.080000000001,1.8348592599682847e-07,0.9997921609471039,C
pla relay 8 pin 24v,"Pla Relay 8 Pin, 24V",1,1,4400.0,1.8335757569384276e-07,0.9997923443046796,C
flow control valve 3 8,"Flow Control Valve 3/8""",1,1,4400.0,1.8335757569384276e-07,0.9997925276622552,C
r c lock inner side ace,R.C. Lock Inner Side_ ACE,1,1,4400.0,1.8335757569384276e-07,0.9997927110198309,C
regzine cloth,Regzine Cloth,1,1,4400.0,1.8335757569384276e-07,0.9997928943774066,C
fire extinguisher abc 2 kgs,Fire Extinguisher ABC - 2 Kgs.,1,1,4400.0,1.8335757569384276e-07,0.9997930777349823,C
t handle allenkey set mm size,T-Handle Allenkey Set - MM Size,1,1,4400.0,1.8335757569384276e-07,0.999793261092558,C
reagents bottle amber 1000 ml,"Reagents Bottle ""Amber"" 1000 ML",1,1,4400.0,1.8335757569384276e-07,0.9997934444501336,C
278803100108 assy crank shaft ace,278803100108 Assy Crank Shaft ACE,1,1,4397.66,1.8326006280131466e-07,0.9997936277101964,C
400 ml ovel cary tray,400 Ml Ovel Cary Tray,1,1,4388.0,1.828575095783141e-07,0.999793810567706,C
calcium wetpouch 80g,Calcium wetpouch 80g,2,2,4373.08,1.8223576070800678e-07,0.9997939928034667,C
repair main work from sparsh aa 2153,Repair & Main Work From Sparsh AA 2153,2,1,4355.63,1.8150858123167553e-07,0.999794174312048,C
beans falguni semi,Beans Falguni (Semi),10,10,4355.0,1.8148232776061029e-07,0.9997943557943757,C
luster paint,Luster Paint,1,1,4354.24,1.814506569066268e-07,0.9997945372450326,C
gi clamp 3 4,"Gi Clamp 3/4""",3,3,4350.0,1.8127396687914e-07,0.9997947185189995,C
plastic spoon curd,PLASTIC SPOON(CURD),2,2,4345.0,1.8106560599766972e-07,0.9997948995846054,C
repair main work of bolero camper gold,Repair & Main Work Of Bolero Camper Gold,1,1,4338.0,1.8077390076361133e-07,0.9997950803585062,C
eng oil filter change city whee ae7164,Eng.Oil & Filter Change City Whee AE7164,2,2,4337.46,1.8075139778841254e-07,0.9997952611099039,C
pvc suction pipe 2,"Pvc Suction Pipe 2""",2,2,4329.0,1.8039885117696484e-07,0.9997954415087551,C
air filter primary 1613 eicher 2016,Air Filter Primary 1613/EICHER 2016,1,1,4325.52,1.8025383200346155e-07,0.9997956217625871,C
red chili powder kasmiri,Red Chili Powder Kasmiri,3,3,4317.4,1.7991545393195378e-07,0.999795801678041,C
chocolate syrup,Chocolate Syrup,3,3,4311.84,1.7968375663175886e-07,0.9997959813617977,C
air filter element mahindr pickup bolero,Air Filter Element Mahindr.Pickup/Bolero,1,1,4310.0,1.7960707982737778e-07,0.9997961609688776,C
uhmw sheet size 1000 x 400 x 25 mm,"UHMW SHEET, SIZE - 1000 X 400 X 25 MM",1,1,4310.0,1.7960707982737778e-07,0.9997963405759575,C
repair main work from sparsh aa 2154,Repair & Main Work From Sparsh AA 2154,2,1,4308.53,1.795458217282255e-07,0.9997965201217792,C
diesel lekage repair kamal diesel b 2065,Diesel Lekage Repair Kamal Diesel B-2065,1,1,4306.2,1.7944872555746038e-07,0.9997966995705048,C
base plate 608,Base Plate 608,1,1,4302.0,1.7927370241702534e-07,0.9997968788442072,C
gas buder jointer,Gas Buder Jointer,2,2,4300.0,1.7919035806443724e-07,0.9997970580345653,C
gland 22 mm,Gland 22 Mm,1,1,4300.0,1.7919035806443724e-07,0.9997972372249234,C
sunrise 1 8gm,Sunrise 1.8gm,5,5,4299.4,1.791653547586608e-07,0.9997974163902782,C
bearing uc 204,Bearing - Uc 204,1,1,4290.0,1.7877363630149668e-07,0.9997975951639145,C
apw 9u rack,APW 9U Rack,1,1,4288.0,1.7869029194890858e-07,0.9997977738542064,C
f002h20387 water seprator filter,F002H20387 Water Seprator Filter,1,1,4286.52,1.786286171279934e-07,0.9997979524828235,C
f0258210 clutch rel brg tx92 cbh al 1012,F0258210 Clutch Rel.BRG(TX92 CBH)AL 1012,1,1,4280.0,1.7835691453855614e-07,0.9997981308397381,C
bottle gourd louki,Bottle Gourd (Louki),15,15,4267.0,1.7781517624673343e-07,0.9997983086549144,C
brass conector p3090,Brass conector  (P3090),1,1,4260.0,1.7752347101267504e-07,0.9997984861783854,C
ss wire mesh 12 mm,SS Wire Mesh 12 mm,1,1,4250.0,1.7710674924973447e-07,0.9997986632851347,C
wooden strip,Wooden Strip,1,1,4250.0,1.7710674924973447e-07,0.9997988403918839,C
pressur gauge 0 28 4,"Pressur Gauge 0-28 - 4""",1,1,4250.0,1.7710674924973447e-07,0.9997990174986332,C
pressur gauge 0 10 4,"Pressur Gauge 0-10 - 4""",1,1,4250.0,1.7710674924973447e-07,0.9997991946053825,C
ms flange 1 5 table f 12 7 mm,"MS Flange 1.5"" Table F, 12.7 mm",1,1,4250.0,1.7710674924973447e-07,0.9997993717121317,C
vacuum cups a 00518,Vacuum Cups A-00518,1,1,4250.0,1.7710674924973447e-07,0.999799548818881,C
rear centre bolt 12 nut 22no al ec 1012,"Rear Centre Bolt 12"" Nut 22NO AL EC 1012",1,1,4248.0,1.7702340489714637e-07,0.9997997258422859,C
v belt b 80,V Belt B-80,1,1,4248.0,1.7702340489714637e-07,0.9997999028656909,C
285035307703 pinion oil seal ace,285035307703 Pinion Oil Seal ACE,2,2,4247.3099999999995,1.7699465109550345e-07,0.9998000798603419,C
badam,Badam,5,5,4241.05,1.767337832719027e-07,0.9998002565941252,C
bearing 32209,Bearing  32209,1,1,4240.0,1.7669002748679393e-07,0.9998004332841527,C
amp meter digital,Amp Meter Digital,1,1,4230.0,1.7627330572385337e-07,0.9998006095574584,C
257425400104 assy clutch pr plate 310 d,257425400104_Assy Clutch Pr Plate 310 D,1,1,4218.75,1.7580449374054525e-07,0.9998007853619522,C
282947600189 fuel return pipe ace mega,282947600189 Fuel Return Pipe Ace Mega,1,1,4217.76,1.7576323828601415e-07,0.9998009611251905,C
insulation tap,Insulation Tap,3,3,4203.7,1.751773274873197e-07,0.999801136302518,C
steel base plate,Steel Base Plate,6,5,4200.0,1.7502314043503172e-07,0.9998013113256584,C
stiching machine belt 170 xl 059,Stiching Machine Belt 170-Xl-059,1,1,4200.0,1.7502314043503172e-07,0.9998014863487988,C
c i top bracket,C.I.TOP BRACKET,1,1,4200.0,1.7502314043503172e-07,0.9998016613719393,C
nylon pulley for chain conveyor,Nylon Pulley for chain conveyor,1,1,4200.0,1.7502314043503172e-07,0.9998018363950797,C
rc fort,Rc Fort,1,1,4200.0,1.7502314043503172e-07,0.9998020114182201,C
seamless tee 100 nb,Seamless Tee - 100 NB,1,1,4200.0,1.7502314043503172e-07,0.9998021864413605,C
v belt b 54,V BELT - B 54,1,1,4200.0,1.7502314043503172e-07,0.999802361464501,C
ht bolt 12x80 mm,Ht Bolt 12X80 mm,1,1,4200.0,1.7502314043503172e-07,0.9998025364876414,C
spring onion,Spring Onion,20,20,4200.0,1.7502314043503172e-07,0.9998027115107818,C
251626200159 assy rear cover g 27,251626200159 Assy Rear Cover G-27,1,1,4195.32,1.7482811464997552e-07,0.9998028863388965,C
0715820k92 assy pre cleaner tafe tractor,0715820K92 Assy Pre-Cleaner Tafe Tractor,1,1,4195.0,1.7481477955356145e-07,0.999803061153676,C
acc repair work from sparsh aa 4483,Acc. Repair Work From Sparsh AA 4483,1,1,4193.21,1.747401863579951e-07,0.9998032358938623,C
doubleshaftconditio dime m 1 9 1 1 2 2,DoubleshaftConditio-Dime(m):1.9×1.1×.2.2,1,1,4186.87,1.7447598476029077e-07,0.9998034103698471,C
fp602400 frt slack adjuster auto al1212,FP602400 Frt Slack Adjuster(Auto) AL1212,1,1,4186.0,1.7443972996691494e-07,0.9998035848095771,C
conical flask 250ml,Conical Flask 250ml,1,1,4185.0,1.743980577906209e-07,0.9998037592076349,C
mcb 32 amp 4 pole schneider,MCB 32 Amp 4 Pole (Schneider),1,1,4180.0,1.7418969690915062e-07,0.9998039333973318,C
ra 4621 rear brake hose 2515,RA 4621 Rear Brake Hose 2515,2,2,4180.0,1.7418969690915062e-07,0.9998041075870286,C
plywood 12mm 8 4 std size,Plywood 12MM 8*4 STD Size,1,1,4180.0,1.7418969690915062e-07,0.9998042817767255,C
ss 304 three way valve 38mm,SS 304 Three way valve 38mm,1,1,4180.0,1.7418969690915062e-07,0.9998044559664224,C
king pin unit set 1st o s 1312 2515,King Pin Unit Set 1st O/S 1312/2515,1,1,4177.0,1.7406468038026845e-07,0.9998046300311028,C
bearing sleeve h 322,Bearing Sleeve - H 322,1,1,4176.0,1.740230082039744e-07,0.999804804054111,C
eng oil filter change city whee ae3460,Eng.Oil & Filter Change City Whee AE3460,2,1,4174.3,1.739521655042745e-07,0.9998049780062764,C
281854400102head light assy rh super ace,281854400102Head Light Assy RH Super Ace,1,1,4171.98,1.7385548605527227e-07,0.9998051518617624,C
pani pipe 1 2,"Pani Pipe 1/2""",1,1,4170.0,1.7377297514621006e-07,0.9998053256347376,C
ms flange 3 table f 16 0 mm,"MS Flange 3"" Table F, 16.0 mm",1,1,4160.0,1.7335625338326952e-07,0.9998054989909909,C
filter fuel 4989106,"Filter, Fuel (4989106)",1,1,4159.04,1.733162480940272e-07,0.999805672307239,C
gas cutting nozel 3 64 ador,"GAS CUTTING NOZEL 3/64"" (ADOR)",2,2,4150.0,1.7293953162032895e-07,0.9998058452467706,C
eng lath work from mehar singh cg08l2750,Eng.Lath Work From Mehar Singh CG08L2750,1,1,4150.0,1.7293953162032895e-07,0.9998060181863022,C
cement collar,Cement Collar,2,2,4150.0,1.7293953162032895e-07,0.9998061911258338,C
tune up kit ts 10 h air compressor,Tune Up Kit Ts 10 H (Air Compressor),1,1,4150.0,1.7293953162032895e-07,0.9998063640653654,C
fip repair work of godmarra generator,FIP Repair Work Of Godmarra Generator,1,1,4142.4,1.7262282308049414e-07,0.9998065366881884,C
repair main work from jain s 1769,Repair & Main Work From Jain S 1769,2,1,4141.21,1.7257323319070422e-07,0.9998067092614216,C
ht nut 22mm,Ht Nut 22Mm,1,1,4134.0,1.722727767996241e-07,0.9998068815341984,C
seal o ring 3010937,Seal O Ring (3010937),1,1,4128.0,1.7202274374185975e-07,0.9998070535569421,C
nylon wheel for feed trolly,Nylon wheel For feed trolly,1,1,4125.05,1.718998108217923e-07,0.9998072254567529,C
impeller assembly etp buffer tank,Impeller assembly (Etp buffer tank),1,1,4110.0,1.7127264456856677e-07,0.9998073967293976,C
6903113 engine oil bobcat,6903113 Engine Oil  Bobcat,1,1,4106.0,1.7110595586339055e-07,0.9998075678353534,C
gear lever bush kit lpt,Gear Lever Bush Kit  LPT,1,1,4100.0,1.708559228056262e-07,0.9998077386912763,C
bearing cr brng nj210e,Bearing  CR BRNG. NJ210E,1,1,4090.0,1.7043920104268567e-07,0.9998079091304773,C
284646100103 strg g box mtg bracket 3118,284646100103 Strg.G/Box Mtg.Bracket 3118,1,1,4089.84,1.7043253349447862e-07,0.9998080795630109,C
bearing no 30208,Bearing No 30208,2,2,4086.6,1.7029751564328586e-07,0.9998082498605265,C
labour charges of car rep work r 4907,Labour Charges Of Car Rep. Work R 4907,1,1,4083.0,1.7014749580862727e-07,0.9998084200080223,C
eng oil filter change auto cent ac4247,Eng.Oil & Filter Change Auto Cent.AC4247,1,1,4081.0,1.7006415145603915e-07,0.9998085900721737,C
assy for motor of switch ab3686,Assy for Motor of Switch (AB3686),1,1,4080.0,1.700224792797451e-07,0.999808760094653,C
hansiya,Hansiya,2,2,4080.0,1.700224792797451e-07,0.9998089301171323,C
v belt spb 1800,V Belt - SPB 1800,1,1,4068.0,1.6952241316421644e-07,0.9998090996395456,C
room heater with temperature controller,Room Heater with Temperature Controller,1,1,4067.79,1.6951366200719468e-07,0.9998092691532076,C
281842103701 front brake disc super ace,281842103701 Front Brake Disc Super ACE,2,2,4066.48,1.6945907145624948e-07,0.999809438612279,C
paint cherry enamel,Paint Cherry  Enamel,1,1,4060.0,1.69189035753864e-07,0.9998096078013148,C
sg13879 clutch release fork bend t 909,SG13879 Clutch Release Fork (Bend T) 909,1,1,4050.0,1.6877231399092346e-07,0.9998097765736288,C
turbo repair work from new mmg cg08l0945,Turbo Repair Work From New MMG CG08L0945,1,1,4050.0,1.6877231399092346e-07,0.9998099453459428,C
turbo chager assy super ace,Turbo Chager Assy Super Ace,1,1,4050.0,1.6877231399092346e-07,0.9998101141182568,C
infrared laser thermometer gun,Infrared Laser Thermometer Gun,1,1,4050.0,1.6877231399092346e-07,0.9998102828905708,C
turbo repair work from new mmg cg08l3078,Turbo Repair Work From New MMG CG08L3078,1,1,4050.0,1.6877231399092346e-07,0.9998104516628848,C
mcb switch 25 amp 2 pole,Mcb Switch -25 Amp- 2 Pole,1,1,4050.0,1.6877231399092346e-07,0.9998106204351989,C
a c repair work from cool india r 4916,A/C Repair Work From Cool India R 4916,1,1,4050.0,1.6877231399092346e-07,0.9998107892075129,C
zerox printing charges of printer 5021,Zerox & Printing Charges of Printer 5021,3,3,4049.93,1.6876939693858286e-07,0.9998109579769098,C
tea cup,Tea Cup,3,3,4038.7200000000003,1.6830225184232652e-07,0.9998111262791616,C
connecting rod car washer,Connecting Rod (Car Washer),1,1,4036.0,1.6818890352280667e-07,0.999811294468065,C
ht nut 16 mm,Ht Nut 16 Mm,2,2,4034.8,1.681388969112538e-07,0.999811462606962,C
26 pcs 1 2 drive metric socket set,"26 Pcs 1/2"" Drive Metric Socket Set",1,1,4031.0,1.679805426413364e-07,0.9998116305875046,C
thermameter hicks,Thermameter (Hicks),2,2,4027.2,1.6782218837141897e-07,0.9998117984096929,C
front 5th leaf spring 2515,Front 5th Leaf Spring 2515,1,1,4020.0,1.675221487021018e-07,0.9998119659318416,C
ht bolt 16x150 mm,HT Bolt 16X150 mm,1,1,4015.2,1.673221222558903e-07,0.9998121332539639,C
eng oil filter change city whee af1024,Eng.Oil & Filter Change City Whee.AF1024,1,1,4014.27,1.6728336713193685e-07,0.9998123005373311,C
eng oil filter change city whee ae7165,Eng.Oil & Filter Change City Whee AE7165,1,1,4014.27,1.6728336713193685e-07,0.9998124678206982,C
eng oil filter change city whee af1025,Eng.Oil & Filter Change City Whee AF1025,1,1,4014.27,1.6728336713193685e-07,0.9998126351040654,C
eng oil filter change city whee ae7168,Eng.Oil & Filter Change City Whee.AE7168,1,1,4014.27,1.6728336713193685e-07,0.9998128023874325,C
alluminium ganj,Alluminium Ganj,1,1,4014.0,1.6727211564433747e-07,0.9998129696595481,C
bait station,BAIT STATION,2,2,4008.0,1.6702208258657313e-07,0.9998131366816307,C
eng over heating work jaika auto z 6108,Eng.Over Heating Work Jaika Auto Z-6108,2,1,4000.25,1.666991232202942e-07,0.9998133033807539,C
elevator finger for pop rivit,Elevator Finger for Pop Rivit,1,1,4000.0,1.6668870517622068e-07,0.9998134700694591,C
deptt labour,Deptt. Labour,1,1,4000.0,1.6668870517622068e-07,0.9998136367581643,C
u shape blade,U Shape Blade,1,1,4000.0,1.6668870517622068e-07,0.9998138034468694,C
a c repair work from cool india k 0396,A/C Repair Work From Cool India K 0396,1,1,4000.0,1.6668870517622068e-07,0.9998139701355746,C
ribbon premimum wax ribbon,Ribbon - Premimum Wax Ribbon,1,1,4000.0,1.6668870517622068e-07,0.9998141368242798,C
ss wire mesh 10 mm,SS Wire Mesh 10 mm,1,1,4000.0,1.6668870517622068e-07,0.999814303512985,C
welding repair work of p 1524,Welding repair Work Of P 1524,1,1,4000.0,1.6668870517622068e-07,0.9998144702016901,C
ss wire mesh 8mm,Ss Wire Mesh 8mm,1,1,4000.0,1.6668870517622068e-07,0.9998146368903953,C
hydraulic jack 35 t vehicle,Hydraulic Jack 35 T ( Vehicle ),1,1,4000.0,1.6668870517622068e-07,0.9998148035791005,C
b al male fittings qs 1 4 06 mm,"B-AL-Male Fittings QS - 1/4"" - 06 mm",1,1,4000.0,1.6668870517622068e-07,0.9998149702678056,C
heating coil for hand sealer,Heating Coil for Hand Sealer,1,1,4000.0,1.6668870517622068e-07,0.9998151369565108,C
labour charges of shutter repairing work,Labour Charges of Shutter Repairing Work,1,1,4000.0,1.6668870517622068e-07,0.999815303645216,C
ms bolt 6x25 golden,Ms Bolt 6X25 (Golden),1,1,4000.0,1.6668870517622068e-07,0.9998154703339212,C
ss flexible hose pipe 1 length 900 mm,"SS Flexible Hose pipe 1"",length -900 mm",1,1,4000.0,1.6668870517622068e-07,0.9998156370226263,C
repair of ac frequency drive 0 75 kw,Repair of AC Frequency Drive 0.75 KW,1,1,4000.0,1.6668870517622068e-07,0.9998158037113315,C
battery gun socket spanner 10 mm,Battery Gun Socket Spanner 10 mm,1,1,4000.0,1.6668870517622068e-07,0.9998159704000367,C
base plate 300 car washer,Base Plate 300 (Car Washer),1,1,4000.0,1.6668870517622068e-07,0.9998161370887418,C
seal kit for damping cyliner,Seal Kit for Damping Cyliner,1,1,4000.0,1.6668870517622068e-07,0.999816303777447,C
flame proof gland 19mm,Flame Proof Gland 19Mm,1,1,4000.0,1.6668870517622068e-07,0.9998164704661522,C
battery gun socket spanner 6 mm,Battery Gun Socket Spanner 6 mm,1,1,4000.0,1.6668870517622068e-07,0.9998166371548574,C
eng lath work from saggu eng mp50la0895,Eng.Lath Work From Saggu Eng.MP50LA0895,1,1,3990.0,1.6627198341328015e-07,0.9998168034268408,C
tube fitting stud 8mmx1 4,"Tube Fitting Stud - 8MmX1/4""",5,5,3975.0,1.656469007688693e-07,0.9998169690737415,C
stiching machine pulley,STICHING MACHINE PULLEY,2,2,3969.4,1.654135365816226e-07,0.999817134487278,C
illuminated led push button green 24v dc,Illuminated LED Push Button Green 24V DC,2,2,3960.0,1.6502181812445848e-07,0.9998172995090961,C
illuminated led push button red 24v dc,Illuminated LED Push Button Red 24V DC,1,1,3960.0,1.6502181812445848e-07,0.9998174645309142,C
labour charges of car rep work dw 1786,Labour Charges Of Car Rep. Work DW 1786,2,2,3950.01,1.6460551308328088e-07,0.9998176291364274,C
non sparking fit spanner 18 x 19,Non sparking Fit Spanner- 18 x 19,1,1,3946.0,1.6443840765634172e-07,0.999817793574835,C
ips flooring,IPS Flooring,1,1,3933.6,1.6392167267029542e-07,0.9998179574965077,C
plastic chair,Plastic Chair,1,1,3932.24,1.638649985105355e-07,0.9998181213615062,C
252515209906 evr dps sensor 407 bsiv,252515209906 EVR/DPS Sensor 407 BSIV,2,2,3929.68,1.6375831773922271e-07,0.9998182851198238,C
electrical assembly si 22 part no 329659,"Electrical Assembly SI 22,Part no-329659",1,1,3927.0,1.6364663630675466e-07,0.9998184487664602,C
ss bolt 8x25,Ss Bolt 8X25,2,2,3922.0,1.634382754252844e-07,0.9998186122047357,C
combination wrench one end open other,Combination Wrench (One End Open & Other,1,1,3920.0,1.6335493107269627e-07,0.9998187755596667,C
ac plug socket 25amp p n e,"AC Plug & socket 25amp,P+N+E",1,1,3912.0,1.6302155366234383e-07,0.9998189385812204,C
illuminated led push button green 230vac,Illuminated LED Push Button Green 230VAC,1,1,3900.0,1.6252148754681517e-07,0.999819101102708,C
couplingbc 2a n b,Couplingbc -2A N/B,1,1,3900.0,1.6252148754681517e-07,0.9998192636241956,C
loop patti japan sheet,Loop Patti (Japan Sheet),1,1,3900.0,1.6252148754681517e-07,0.9998194261456832,C
grub screw 6x16,Grub Screw 6x16,2,1,3900.0,1.6252148754681517e-07,0.9998195886671708,C
fiber glass sheet,Fiber Glass Sheet,1,1,3897.6,1.6242147432370944e-07,0.9998197510886451,C
screw driver set 831,Screw Driver Set 831,2,2,3885.0,1.6189640490240436e-07,0.99981991298505,C
gauge glass sleev 3 4,"Gauge Glass Sleev 3/4""",1,1,3880.0,1.6168804402093406e-07,0.9998200746730941,C
kf1174 assy ball joint upper m bolero,KF1174 Assy ball joint upper M-BOLERO,1,1,3852.0,1.6052122308470052e-07,0.9998202351943172,C
289846600134 drag link assy t yodha,289846600134 Drag Link Assy T-Yodha,2,2,3842.18,1.601120023134929e-07,0.9998203953063195,C
micro switch kib9433 02 pa0754,Micro Switch KIB9433-02 (PA0754),1,1,3840.0,1.6002115696917185e-07,0.9998205553274765,C
ss cotter pin 1 8x1 25,"Ss Cotter Pin 1/8X1.25""",2,2,3840.0,1.6002115696917185e-07,0.9998207153486335,C
glass fibre,GLASS FIBRE,2,2,3837.75,1.5992739457251023e-07,0.999820875276028,C
ruttonsha dg 15 kva,Ruttonsha ( DG-15 KVA ),1,1,3830.0,1.5960443520623131e-07,0.9998210348804633,C
bridge rectifire 7 5 kva,Bridge Rectifire 7.5 KVA,1,1,3830.0,1.5960443520623131e-07,0.9998211944848985,C
hyd cyl repair work sundeep enter c 9682,Hyd.Cyl.Repair Work Sundeep Enter.C-9682,2,2,3830.0,1.5960443520623131e-07,0.9998213540893337,C
screw head 6 60 n b,Screw Head 6*60 N/B,1,1,3826.0,1.594377465010551e-07,0.9998215135270802,C
non sparking ring spanner 18 x 19,Non sparking Ring Spanner- 18 x 19,1,1,3825.0,1.5939607432476105e-07,0.9998216729231545,C
palak,Palak,21,21,3825.0,1.5939607432476105e-07,0.9998218323192288,C
schedule service work jaika auto z 8442,Schedule Service Work Jaika Auto Z-8442,2,1,3817.17,1.590697811843786e-07,0.9998219913890101,C
service wire 4c x 10sqmm,SERVICE WIRE 4C X 10SQMM,1,1,3814.0,1.5893768038552643e-07,0.9998221503266904,C
mouse usb,Mouse - usb,1,1,3813.4,1.5891267707974999e-07,0.9998223092393675,C
isolator lt control switch 32a rev for,Isolator(LT Control)Switch 32A Rev. /For,1,1,3810.0,1.587709916803502e-07,0.9998224680103592,C
copper lugz pin insulated 0 75 sqmm,Copper Lugz Pin Insulated 0.75 Sqmm,1,1,3800.0,1.5835426991740965e-07,0.9998226263646292,C
parafilm m t 380010,Parafilm-M (T-380010),1,1,3800.0,1.5835426991740965e-07,0.9998227847188991,C
ybz14a 090 100 power steering pump 909,YBZ14A-090/100 Power Steering Pump 909,1,1,3800.0,1.5835426991740965e-07,0.999822943073169,C
ms bolt 8x40 golden,Ms Bolt 8X40 (Golden),1,1,3800.0,1.5835426991740965e-07,0.9998231014274389,C
ss flange 2,Ss Flange - 2'',1,1,3800.0,1.5835426991740965e-07,0.9998232597817088,C
wire guide roller with bush assy,Wire guide roller with bush (ASSY),1,1,3800.0,1.5835426991740965e-07,0.9998234181359787,C
cylinder liner tough rider jeep,Cylinder Liner Tough Rider/Jeep,3,3,3798.73,1.5830134625351621e-07,0.999823576437325,C
distemper white,Distemper White,2,1,3793.2,1.5807089911861007e-07,0.9998237345082241,C
ashirwad atta,Ashirwad Atta,1,1,3792.0,1.580208925070572e-07,0.9998238925291166,C
power drill oil 70619069 bobcat,Power Drill Oil - 70619069 (Bobcat),1,1,3790.2,1.579458825897279e-07,0.9998240504749992,C
ele t 1,"Ele. T 1""",3,2,3780.0,1.5752082639152854e-07,0.9998242079958256,C
f1624611 synchro ring 5 6th gear al 1012,F1624611 Synchro Ring 5/6th Gear AL 1012,1,1,3776.0,1.5735413768635232e-07,0.9998243653499633,C
f1624511 synchro ring 3 4 al 1012,F1624511 Synchro Ring 3/4 AL 1012,1,1,3776.0,1.5735413768635232e-07,0.999824522704101,C
repair main work from jain k 1897,Repair & Main Work From Jain K 1897,3,2,3773.06,1.572316214880478e-07,0.9998246799357225,C
labour charges of car rep work r 4915,Labour Charges Of Car Rep. Work R 4915,1,1,3773.0,1.5722912115747017e-07,0.9998248371648437,C
278809130114 air filter element ace n m,278809130114 Air Filter Element Ace N/M,1,1,3772.86,1.57223287052789e-07,0.9998249943881308,C
459 10144 valve adapter assy jcb,459/10144 Valve Adapter Assy JCB,1,1,3761.86,1.567648931135544e-07,0.9998251511530238,C
rear 2nd leaf spring al 1616 2214,Rear 2nd Leaf Spring AL 1616/2214,1,1,3760.0,1.5668738286564744e-07,0.9998253078404067,C
front 3rd leaf spring al 1616 2214,Front 3rd Leaf Spring AL 1616/2214,1,1,3760.0,1.5668738286564744e-07,0.9998254645277895,C
bit driver,Bit Driver,2,2,3760.0,1.5668738286564744e-07,0.9998256212151724,C
knife,Knife,5,5,3758.4,1.5662070738357697e-07,0.9998257778358798,C
40 303570 universal joint u j cross jcb,40/303570 Universal Joint(U.J Cross) Jcb,4,4,3750.0,1.562706611027069e-07,0.9998259341065409,C
grinding wheel ag 5,Grinding Wheel Ag-5,1,1,3750.0,1.562706611027069e-07,0.9998260903772019,C
latter pad abis export,Latter Pad - Abis export,1,1,3750.0,1.562706611027069e-07,0.999826246647863,C
bhawani pin massy,Bhawani Pin Massy,1,1,3750.0,1.562706611027069e-07,0.9998264029185241,C
adopter holder 6 amp,Adopter Holder - 6 Amp,2,2,3750.0,1.562706611027069e-07,0.9998265591891852,C
assy foot rest lh rh lpt,Assy Foot Rest LH/RH LPT,1,1,3750.0,1.562706611027069e-07,0.9998267154598462,C
butalax,Butalax,1,1,3750.0,1.562706611027069e-07,0.9998268717305073,C
26215470 assy rectifier 3ru,26215470 Assy Rectifier 3RU,1,1,3738.0,1.5577059498717824e-07,0.9998270275011023,C
cylinder liner 709 euro iii,Cylinder Liner 709 Euro-III,2,2,3734.38,1.5561974170899376e-07,0.9998271831208441,C
front hub assy massy tractor,Front Hub Assy Massy Tractor,1,1,3730.0,1.554372175768258e-07,0.9998273385580616,C
water tank 1000 ltr,Water Tank - 1000 Ltr.,1,1,3728.82,1.5538804440879882e-07,0.999827493946106,C
bearing no 6302 2z,Bearing No. - 6302- 2Z,2,2,3728.0,1.5535387322423767e-07,0.9998276492999792,C
bearing 6303 2rs1,Bearing 6303-2RS1,2,2,3727.4,1.5532886991846125e-07,0.9998278046288491,C
emery paper 220 no,Emery Paper 220 No,5,5,3720.08,1.5502382958798877e-07,0.9998279596526787,C
castable super 25 kg,Castable Super 25 kg,1,1,3720.0,1.5502049581388523e-07,0.9998281146731745,C
29066577 c m c assy 1210,29066577 C.M.C Assy 1210,1,1,3712.6,1.5471212170930923e-07,0.9998282693852961,C
butter fly valve 65 mm,Butter Fly Valve 65 Mm,1,1,3710.0,1.546037740509447e-07,0.9998284239890701,C
tyre 3 00 17 50p ngp plus v2 n6 tt bike,Tyre 3.00-17 50P NGP PLUS-V2 N6 TT(BIKE),1,1,3703.7,1.5434123934029214e-07,0.9998285783303095,C
chopping board,Chopping Board,1,1,3700.0,1.5418705228800413e-07,0.9998287325173617,C
labour charges of partition shifting,Labour Charges of Partition Shifting,1,1,3692.49,1.5387409424403577e-07,0.999828886391456,C
oil drain plug for air blower,OIL DRAIN PLUG FOR AIR BLOWER,1,1,3680.0,1.5335360876212302e-07,0.9998290397450648,C
butter fly valve 80 mm,Butter Fly Valve 80 Mm,1,1,3680.0,1.5335360876212302e-07,0.9998291930986736,C
v belt a 72,V Belt A-72,1,1,3680.0,1.5335360876212302e-07,0.9998293464522824,C
wheel disc plate 2515 10 hole,Wheel Disc Plate 2515 10 Hole,1,1,3675.0,1.5314524788065275e-07,0.9998294995975303,C
relay 24v dc g2rs 14ztw 4,Relay 24V DC G2RS 14ZTW-4,1,1,3660.0,1.5252016523624192e-07,0.9998296521176956,C
feviquick,Feviquick,7,7,3659.57,1.525022462004355e-07,0.9998298046199418,C
search light bulb 1311,search Light Bulb 1311,4,3,3658.0,1.5243682088365382e-07,0.9998299570567626,C
26211033 assy starter,26211033 Assy Starter,2,2,3657.0,1.5239514870735977e-07,0.9998301094519113,C
front hub oil seal 105x130x13 1312 2515,Front Hub Oil Seal 105X130X13 1312/2515/,1,1,3650.0,1.5210344347330138e-07,0.9998302615553548,C
monkey plier,Monkey Plier,1,1,3650.0,1.5210344347330138e-07,0.9998304136587983,C
compact indicator blue,Compact Indicator Blue,1,1,3650.0,1.5210344347330138e-07,0.9998305657622418,C
f2606800 rear engine mounting al 1012,F2606800 Rear Engine Mounting AL 1012,1,1,3648.0,1.5202009912071326e-07,0.999830717782341,C
head light holder,Head Light Holder,1,1,3644.0,1.5185341041553703e-07,0.9998308696357514,C
hydrochloric acid lab,Hydrochloric Acid (Lab),2,2,3640.0,1.5168672171036081e-07,0.9998310213224731,C
pvc male 2 5,"Pvc Male 2.5""",2,2,3640.0,1.5168672171036081e-07,0.9998311730091949,C
center joint rubber 709 909,Center Joint Rubber 709/909,1,1,3636.0,1.515200330051846e-07,0.9998313245292278,C
power capaciter 5 kvar,Power Capaciter 5 Kvar,1,1,3634.0,1.514366886525965e-07,0.9998314759659165,C
kamani rubber bush w sleeve m bolero,Kamani Rubber Bush W/Sleeve M-Bolero,1,1,3630.0,1.5126999994742027e-07,0.9998316272359165,C
hl 5541bm head light assy rh 1312 3118,HL- 5541BM Head Light Assy RH 1312/3118,1,1,3630.0,1.5126999994742027e-07,0.9998317785059164,C
ss bolt 10x50mm,Ss Bolt 10X50Mm,1,1,3625.0,1.5106163906595e-07,0.9998319295675555,C
copper lugz pin 4 mm,Copper Lugz Pin 4 Mm,5,4,3624.0,1.5101996688965596e-07,0.9998320805875224,C
v belt ktre 1145 a 43 eicher tractor,V Belt Ktre-1145(A-43) Eicher Tractor,1,1,3620.0,1.5085327818447974e-07,0.9998322314408006,C
repair main work from sparsh aa 0403,Repair & Main Work From Sparsh AA 0403,2,1,3617.3,1.5074076330848577e-07,0.9998323821815639,C
chana masala,Chana Masala,5,5,3616.2,1.506949239145623e-07,0.9998325328764878,C
black pepper kali mirch,Black Pepper (Kali Mirch),3,3,3609.5,1.5041572033339215e-07,0.9998326832922081,C
toplink hook pin 10,"Toplink (Hook) Pin 10""",4,3,3604.6000000000004,1.502115266695513e-07,0.9998328335037348,C
screw head 4 75 n b,Screw Head 4*75 N/B,1,1,3602.0,1.5010317901118673e-07,0.9998329836069137,C
filling case,filling case,1,1,3601.69,1.5009026063653558e-07,0.9998331336971744,C
key board usb,Key Board - Usb,1,1,3601.6,1.500865101406691e-07,0.9998332837836845,C
air filter primary 407 709 bsii,Air Filter Primary 407/709 BSII,2,2,3601.4,1.500781757054103e-07,0.9998334338618602,C
cst conector 6amp,Cst Conector 6Amp,1,1,3600.0,1.5001983465859863e-07,0.9998335838816949,C
measuring jug 1 ltr,Measuring Jug 1 Ltr.,1,1,3600.0,1.5001983465859863e-07,0.9998337339015295,C
assy window regulator machine lh sup ace,Assy Window Regulator Machine LH SUP.ACE,1,1,3600.0,1.5001983465859863e-07,0.9998338839213642,C
brain heart infusion agar,Brain Heart Infusion Agar,1,1,3600.0,1.5001983465859863e-07,0.9998340339411989,C
assy window regulator machine rh sup ace,Assy Window Regulator Machine RH SUP.ACE,1,1,3600.0,1.5001983465859863e-07,0.9998341839610335,C
shower,SHOWER,1,1,3600.0,1.5001983465859863e-07,0.9998343339808682,C
drain valve air tank,Drain Valve Air Tank,1,1,3600.0,1.5001983465859863e-07,0.9998344840007029,C
magnetic base and dial indicator kit,Magnetic Base and Dial Indicator Kit,1,1,3600.0,1.5001983465859863e-07,0.9998346340205375,C
flyer printing,Flyer Printing,1,1,3600.0,1.5001983465859863e-07,0.9998347840403722,C
magnesium sulphate f g iafi,Magnesium Sulphate F.G. (IAFI),1,1,3600.0,1.5001983465859863e-07,0.9998349340602068,C
curtain plastic 40mm,Curtain Plastic 40mm,1,1,3600.0,1.5001983465859863e-07,0.9998350840800415,C
gear teeth 38,GEAR TEETH-38,1,1,3600.0,1.5001983465859863e-07,0.9998352340998762,C
bearing puller 12,"Bearing Puller 12""",3,3,3600.0,1.5001983465859863e-07,0.9998353841197108,C
coloumn for bath,Coloumn for bath,1,1,3600.0,1.5001983465859863e-07,0.9998355341395455,C
bell crank bush big 2515,Bell Crank Bush Big 2515,1,1,3600.0,1.5001983465859863e-07,0.9998356841593802,C
civil work pannel room brick col,Civil Work Pannel Room Brick Col,1,1,3599.15,1.499844133087487e-07,0.9998358341437935,C
civil work pannel room brick column,Civil work Pannel room brick column,1,1,3599.15,1.499844133087487e-07,0.9998359841282068,C
civil work pannel room brick work,Civil work Pannel room brick work,1,1,3599.15,1.499844133087487e-07,0.9998361341126202,C
cartridge lub oil filter 5285612,"Cartridge, Lub Oil Filter (5285612)",2,2,3588.32,1.4953310363948406e-07,0.9998362836457239,C
bearing 6208,Bearing 6208,1,1,3588.0,1.4951976854306997e-07,0.9998364331654924,C
f002g20517 drive assy megnet,F002G20517 Drive Assy (Megnet),1,1,3585.96,1.4943475730343008e-07,0.9998365826002498,C
frypan nonstick cookware,Frypan ( Nonstick Cookware),2,1,3585.0,1.493947520141878e-07,0.9998367319950018,C
radish muli,Radish (Muli),22,22,3584.87,1.4938933463126955e-07,0.9998368813843365,C
281854400101head light assy lh super ace,281854400101Head Light Assy LH Super Ace,1,1,3584.6,1.4937808314367017e-07,0.9998370307624196,C
tomato ketchup sauce,Tomato Ketchup (Sauce),5,5,3584.08,1.4935641361199726e-07,0.9998371801188332,C
leong noodel,Leong Noodel,1,1,3584.0,1.4935307983789375e-07,0.999837329471913,C
tube 13 00 24 hydra,Tube 13.00-24 Hydra,1,1,3560.02,1.4835378105036228e-07,0.999837477825694,C
brass foot valve 2 5,"Brass Foot Valve - 2.5""",1,1,3560.0,1.4835294760683642e-07,0.9998376261786416,C
pvc elbow 4,"Pvc Elbow 4""",2,2,3560.0,1.4835294760683642e-07,0.9998377745315892,C
bench vice 8,"Bench Vice - 8""",1,1,3559.32,1.4832461052695647e-07,0.9998379228561997,C
label sensor brn 12 240 v dc ble 0 v,"Label Sensor Brn +12-240 V Dc,Ble- 0 V,",1,1,3550.0,1.4793622584389586e-07,0.9998380707924255,C
fennel seeds,Fennel Seeds,3,3,3547.65,1.4783829622960484e-07,0.9998382186307218,C
labour charges of car rep work eu 2239,Labour Charges Of Car Rep. Work EU 2239,3,3,3545.0,1.477278649624256e-07,0.9998383663585867,C
bearing sleev h 316,Bearing Sleev H-316,1,1,3543.0,1.4764452060983747e-07,0.9998385140031073,C
ridima,Ridima,2,2,3541.9,1.4759868121591402e-07,0.9998386616017885,C
led bulb 12w pin type,LED Bulb 12W(Pin type),1,1,3540.0,1.4751950408095532e-07,0.9998388091212925,C
led bulb 7 w thread type,LED Bulb 7 W(Thread type),1,1,3540.0,1.4751950408095532e-07,0.9998389566407966,C
aliminium fix window,Aliminium Fix Window,1,1,3538.5,1.4745699581651422e-07,0.9998391040977924,C
labour charges of car rep work aa 2172,Labour Charges Of Car Rep. Work AA 2172,1,1,3533.0,1.4722779884689693e-07,0.9998392513255913,C
vernier caliper precision 200mm 8,"Vernier Caliper Precision 200MM 8""",1,1,3528.0,1.4701943796542666e-07,0.9998393983450292,C
v belt c 60,V Belt C-60,1,1,3528.0,1.4701943796542666e-07,0.9998395453644672,C
adn1103d balance rod rubber bush 608 609,ADN1103D Balance Rod Rubber Bush 608/609,2,2,3528.0,1.4701943796542666e-07,0.9998396923839051,C
alluminium kadhai,Alluminium Kadhai,2,2,3522.96,1.4680941019690462e-07,0.9998398391933153,C
redium cutting w of bakal workshop veh,Redium Cutting W. Of Bakal Workshop Veh.,1,1,3520.0,1.4668606055507422e-07,0.9998399858793758,C
289846600135 tie rod assy w end t yodha,289846600135 Tie Rod Assy W/End T-Yodha,1,1,3515.62,1.4650353642290625e-07,0.9998401323829123,C
wiper seal 04725,WIPER SEAL (04725),1,1,3510.0,1.4626933879213365e-07,0.999840278652251,C
ms nut 2 5 sut,Ms Nut 2.5 Sut,2,2,3509.1,1.46231833833469e-07,0.9998404248840849,C
kf1175 assy ball joint lower m bolero,KF1175 Assy ball joint lower M-BOLERO,1,1,3504.0,1.4601930573436933e-07,0.9998405709033906,C
turbo repair work from new mmg cg08l3084,Turbo Repair Work From New MMG CG08L3084,1,1,3500.0,1.458526170291931e-07,0.9998407167560076,C
turbo repair work frm new mmg cg08z6108,Turbo Repair Work Frm New MMG CG08Z6108,1,1,3500.0,1.458526170291931e-07,0.9998408626086246,C
turbo repair work from new mmg cg08b2212,Turbo Repair Work From New MMG CG08B2212,1,1,3500.0,1.458526170291931e-07,0.9998410084612416,C
diesel lekage work from kamal die p 0487,Diesel Lekage Work From Kamal Die.P-0487,1,1,3500.0,1.458526170291931e-07,0.9998411543138586,C
non metalic packing sheet 1 5mm af154,Non Metalic Packing Sheet 1.5mm - AF154,1,1,3500.0,1.458526170291931e-07,0.9998413001664755,C
hyd hose change from bharat earth l 0648,Hyd.Hose Change From Bharat Earth L-0648,1,1,3500.0,1.458526170291931e-07,0.9998414460190925,C
turbo repair work frm new mmg mp50la0895,Turbo Repair Work Frm NEW MMG MP50LA0895,1,1,3500.0,1.458526170291931e-07,0.9998415918717095,C
ms bolt 12x50 golden,Ms Bolt 12X50 (Golden),1,1,3500.0,1.458526170291931e-07,0.9998417377243265,C
chassis repair work krishna fabri l 0648,Chassis Repair Work Krishna Fabri.L-0648,1,1,3500.0,1.458526170291931e-07,0.9998418835769435,C
ele pipe 32mm pvc,ELE. PIPE -32MM (PVC),1,1,3500.0,1.458526170291931e-07,0.9998420294295605,C
front bumfer assy lpt 3118 bsiii iv,Front Bumfer Assy LPT 3118 BSIII/IV,1,1,3500.0,1.458526170291931e-07,0.9998421752821774,C
roman lettuce,Roman Lettuce,7,7,3500.0,1.458526170291931e-07,0.9998423211347944,C
ci ball valve 3,"Ci Ball Valve 3""",1,1,3500.0,1.458526170291931e-07,0.9998424669874114,C
strg cyl repiar from sundeep enter c9718,Strg.Cyl.Repiar From Sundeep Enter.C9718,1,1,3500.0,1.458526170291931e-07,0.9998426128400284,C
gm non return valve 1 5,"Gm Non Return Valve 1.5""",1,1,3500.0,1.458526170291931e-07,0.9998427586926454,C
led street light 50w,LED Street Light - 50W,1,1,3500.0,1.458526170291931e-07,0.9998429045452624,C
schedule service work jaika auto ab 0647,Schedule Service Work Jaika Auto AB-0647,2,1,3496.71,1.4571551556918567e-07,0.9998430502607779,C
pipe spanner 18 n,Pipe Spanner 18 N,1,1,3495.0,1.4564425614772282e-07,0.999843195905034,C
allanky mm size,Allanky Mm Size,3,3,3485.0,1.4522753438478228e-07,0.9998433411325683,C
contactor 16 amp 3tf32000ap0 siemens,Contactor 16 Amp - 3TF32000AP0 (Siemens),1,1,3480.0,1.45019173503312e-07,0.9998434861517419,C
bandage cloth,Bandage Cloth,2,2,3480.0,1.45019173503312e-07,0.9998436311709155,C
deep tea bag,Deep Tea Bag,2,2,3477.9,1.449316619330945e-07,0.9998437761025774,C
gear lever end lh small 909 tc,Gear Lever End LH ( Small) 909/Tc,2,2,3471.0,1.446441239166655e-07,0.9998439207467013,C
gear lever end rh small 909 tc,Gear Lever End RH (Small) 909/TC,2,2,3471.0,1.446441239166655e-07,0.9998440653908252,C
240282va9b harn accelerator padal aldost,240282VA9B Harn Accelerator Padal ALDost,1,1,3461.9,1.442649071123896e-07,0.9998442096557323,C
fruit cocktail,Fruit cocktail,2,2,3460.56,1.4420906639615555e-07,0.9998443538647986,C
gland cutter 45 mm,Gland Cutter - 45 mm,1,1,3460.0,1.441857299774309e-07,0.9998444980505287,C
ruchi frosty bucket,RUCHI FROSTY BUCKET,2,2,3452.88,1.4388902408221723e-07,0.9998446419395527,C
labour charges of car rep work aa 0397,Labour Charges Of Car Rep. Work AA 0397,2,2,3452.0,1.4385235256707846e-07,0.9998447857919053,C
water pump assy tata ace super ace,Water Pump Assy Tata Ace/Super Ace,1,1,3450.0,1.4376900821449034e-07,0.9998449295609135,C
eng oil filter change city whee af6012,Eng.Oil & Filter Change City Whee.AF6012,2,1,3449.44,1.4374567179576566e-07,0.9998450733065853,C
haller patta 2 1 2,"Haller Patta 2 1/2""",2,2,3444.0,1.4351897515672602e-07,0.9998452168255605,C
m 250560 low pressure indicator switch,M 250560 Low Pressure Indicator Switch,1,1,3444.0,1.4351897515672602e-07,0.9998453603445356,C
pcc 1 3 6,PCC 1:3:6,1,1,3442.01,1.4343604752590084e-07,0.9998455037805831,C
ms nut 3 sut,Ms Nut 3 Sut,2,2,3441.5,1.4341479471599087e-07,0.9998456471953778,C
earth motor pump voltage up to 12v,Earth Motor Pump Voltage up to 12V,3,3,3440.0,1.433522864515498e-07,0.9998457905476643,C
0028334 frt bonnet hings kabja rh bolero,0028334 Frt.Bonnet Hings Kabja RH Bolero,1,1,3440.0,1.433522864515498e-07,0.9998459338999508,C
broccoli green cauliflower,BROCCOLI (Green Cauliflower),15,15,3432.0,1.4301890904119736e-07,0.9998460769188598,C
v belt a 84,V Belt - A 84,2,2,3432.0,1.4301890904119736e-07,0.9998462199377689,C
plastic table,PLASTIC TABLE,2,2,3430.0,1.4293556468860924e-07,0.9998463628733336,C
mithi lakadi,Mithi Lakadi,2,2,3428.5499999999997,1.4287514003298285e-07,0.9998465057484737,C
filter fuel 3978040,"Filter, Fuel (3978040)",2,2,3424.64,1.427122018236731e-07,0.9998466484606755,C
mixture machine repair work of damri far,Mixture Machine Repair Work Of Damri Far,2,2,3420.0,1.425188429256687e-07,0.9998467909795185,C
oil seal for air blower ugrk160,Oil Seal for air blower - UGRK160,1,1,3420.0,1.425188429256687e-07,0.9998469334983614,C
gland 50 mm,Gland 50 Mm,1,1,3420.0,1.425188429256687e-07,0.9998470760172044,C
diamond gland cutter 19 mm,Diamond Gland Cutter - 19 mm,1,1,3420.0,1.425188429256687e-07,0.9998472185360473,C
007602181c1 front hub m m arjun tractor,007602181C1 Front Hub M&M Arjun Tractor,2,2,3401.69,1.4175582537772454e-07,0.9998473602918727,C
ek 6087 oil filter mahindra arjun di,EK-6087 Oil Filter Mahindra Arjun DI,1,1,3400.0,1.416853993997876e-07,0.9998475019772721,C
jack rod 48 steel,"Jack Rod 48"" (Steel)",1,1,3400.0,1.416853993997876e-07,0.9998476436626715,C
godown bill book,Godown Bill Book,1,1,3400.0,1.416853993997876e-07,0.999847785348071,C
silicon rubber 60 x 2,Silicon Rubber 60' x 2',1,1,3400.0,1.416853993997876e-07,0.9998479270334704,C
whatman filter paper no 1,Whatman Filter paper No.1,2,2,3400.0,1.416853993997876e-07,0.9998480687188698,C
gasket cement,Gasket Cement,1,1,3400.0,1.416853993997876e-07,0.9998482104042692,C
272425600252 clutch fork ball pin yodha,272425600252 Clutch Fork Ball Pin Yodha,1,1,3396.88,1.4155538220975014e-07,0.9998483519596514,C
air filter element mega dicor super ace,Air Filter Element Mega Dicor/Super Ace,1,1,3396.6,1.415437140003878e-07,0.9998484935033654,C
9188 801fuel filter 1 2ltr cloth typ 407,9188-801Fuel Filter 1/2Ltr Cloth Typ 407,1,1,3390.0,1.4126867763684703e-07,0.999848634772043,C
assy hood tractor,Assy Hood Tractor,1,1,3389.83,1.4126159336687704e-07,0.9998487760336363,C
sandisk 128gb ixpand mini,Sandisk 128GB IXPAND MINI,1,1,3389.83,1.4126159336687704e-07,0.9998489172952296,C
wooden piece,Wooden Piece,2,1,3388.0,1.4118533328425893e-07,0.9998490584805629,C
ht bolt 10x100 mm,HT Bolt 10X100 mm,1,1,3384.0,1.410186445790827e-07,0.9998491994992075,C
pressure plate 170 dai tata ace,Pressure Plate 170 Dai Tata Ace,1,1,3377.25,1.4073735738909784e-07,0.9998493402365649,C
brg 6406 n main shaft tough rider,BRG 6406 N Main Shaft Tough Rider,1,1,3375.0,1.406435949924362e-07,0.9998494808801599,C
chicken waste,Chicken Waste,1,1,3375.0,1.406435949924362e-07,0.9998496215237549,C
cooler khus,Cooler Khus,2,2,3375.0,1.406435949924362e-07,0.9998497621673499,C
screw head 4 70 n b,Screw Head 4*70 N/B,1,1,3374.0,1.4060192281614214e-07,0.9998499027692727,C
26215880 assy rotor jcb,26215880 Assy Rotor JCB,1,1,3370.8,1.4046857185200118e-07,0.9998500432378445,C
264126800234 turning tube lp 712 bs iii,264126800234 Turning Tube LP 712 BS-III,1,1,3369.2,1.404018963699307e-07,0.9998501836397409,C
264142300154 slack adjuster rh mei hldx,264142300154 Slack Adjuster RH  MEI/HLDX,1,1,3367.21,1.403189687391055e-07,0.9998503239587097,C
armature for cutter m c,Armature for Cutter M/c,2,2,3365.0,1.4022687322949565e-07,0.9998504641855829,C
tagadi,Tagadi,1,1,3360.0,1.4001851234802538e-07,0.9998506042040952,C
copper lugz ring 4 mm,Copper Lugz Ring 4 Mm,1,1,3360.0,1.4001851234802538e-07,0.9998507442226076,C
multifunction meter model mfm376 230vac,MULTIFUNCTION METER-(MODEL-MFM376)230VAC,1,1,3360.0,1.4001851234802538e-07,0.9998508842411199,C
repair main work from jain k 1770,Repair & Main Work From Jain K 1770,2,1,3351.95,1.3968305132885823e-07,0.9998510239241712,C
office chair wheel,Office Chair Wheel,2,2,3350.0,1.3960179058508482e-07,0.9998511635259618,C
eng oil filter change shivam mot l3078,Eng.Oil & Filter Change Shivam Mot.L3078,2,1,3345.21,1.394021808606363e-07,0.9998513029281427,C
bolt 19 no 2,"Bolt 19 No. 2""",1,1,3340.0,1.3918506882214428e-07,0.9998514421132115,C
mx08ad analog digitizer,MX08AD Analog Digitizer  ,3,1,3335.0,1.38976707940674e-07,0.9998515810899195,C
tomat ketch up sachets,Tomat Ketch up Sachets,2,2,3321.44,1.3841163323012662e-07,0.9998517195015527,C
helogen rod 500w,Helogen Rod - 500W,3,3,3315.6000000000004,1.3816826772056935e-07,0.9998518576698204,C
plastic printed casing 48mm red,Plastic Printed Casing 48mm - RED,3,3,3309.0,1.3789323135702856e-07,0.9998519955630518,C
brake light switch 909,Brake Light Switch 909,1,1,3305.0,1.3772654265185234e-07,0.9998521332895944,C
272425600125 assy clutch release brg ace,272425600125 Assy Clutch Release Brg Ace,1,1,3302.55,1.376244458199319e-07,0.9998522709140403,C
polyamide cable gland 24 mm,Polyamide Cable Gland 24 mm,1,1,3300.0,1.3751818177038207e-07,0.999852408432222,C
schezwan sauce,Schezwan Sauce,5,5,3300.0,1.3751818177038207e-07,0.9998525459504037,C
refrigration compressor,Refrigration Compressor,1,1,3300.0,1.3751818177038207e-07,0.9998526834685855,C
reciept book,Reciept Book,1,1,3300.0,1.3751818177038207e-07,0.9998528209867672,C
repair main work from a von k 0535,Repair & Main Work From A-Von K 0535,1,1,3300.0,1.3751818177038207e-07,0.9998529585049489,C
122049532 ball joint round lower bolero,122049532 Ball Joint Round Lower Bolero,1,1,3300.0,1.3751818177038207e-07,0.9998530960231307,C
vaccinator needile 18 no,Vaccinator Needile 18 No,1,1,3300.0,1.3751818177038207e-07,0.9998532335413124,C
gland 35 mm,Gland 35 Mm,1,1,3300.0,1.3751818177038207e-07,0.9998533710594941,C
bearing puller 10,"Bearing Puller 10""",2,2,3300.0,1.3751818177038207e-07,0.9998535085776759,C
stiching machine cable com set d 808,Stiching Machine Cable Com. Set (D-808),2,2,3300.0,1.3751818177038207e-07,0.9998536460958576,C
ss ballvalve 1 2,"Ss Ballvalve 1/2""",1,1,3300.0,1.3751818177038207e-07,0.9998537836140393,C
horizontal heating element,Horizontal Heating Element,1,1,3300.0,1.3751818177038207e-07,0.999853921132221,C
labour charges of car rep work ab 0638,Labour Charges Of Car Rep. Work AB 0638,1,1,3286.0,1.369347713022653e-07,0.9998540580669923,C
labour charges of car rep work aa 0403,Labour Charges Of Car Rep. Work AA 0403,1,1,3285.0,1.3689309912597124e-07,0.9998541949600914,C
door lock,Door Lock,2,2,3284.8,1.3688476469071245e-07,0.9998543318448562,C
sa 1182 armature assy a lek,SA 1182 Armature Assy A/LEK,1,1,3281.26,1.3673724518663148e-07,0.9998544685821014,C
water tank sintex 300 liter round,Water tank Sintex 300 liter round,1,1,3279.6,1.3666806937398334e-07,0.9998546052501708,C
upvc ballvalve 1 5,Upvc Ballvalve 1.5'',1,1,3275.9,1.3651388232169535e-07,0.9998547417640531,C
hub greashing work shree motors p 1923,Hub Greashing Work Shree Motors P-1923,2,1,3267.37,1.3615841865790704e-07,0.9998548779224717,C
simplex spocket 17 x 1 25,Simplex Spocket 17 X 1.25,2,2,3264.0,1.3601798342379609e-07,0.9998550139404552,C
eng lath repair work saggu engine b 2212,Eng.Lath Repair Work Saggu Engine.B-2212,1,1,3260.0,1.3585129471861986e-07,0.9998551497917499,C
socket 36 mm c36,Socket 36 mm (C36),1,1,3258.0,1.3576795036603174e-07,0.9998552855597003,C
pvc suction pipe 3,"Pvc Suction Pipe 3""",1,1,3258.0,1.3576795036603174e-07,0.9998554213276506,C
repair main work from sparsh ad 7027,Repair & Main Work From Sparsh AD 7027,2,1,3256.87,1.3572086080681947e-07,0.9998555570485114,C
ms bolt 6x25mm,Ms Bolt 6X25Mm,1,1,3250.0,1.354345729556793e-07,0.9998556924830844,C
v3 8103011speedo meter w 0 88 square1109,V3-8103011Speedo Meter W=0.88 Square1109,1,1,3250.0,1.354345729556793e-07,0.9998558279176574,C
indent slip,Indent slip,1,1,3250.0,1.354345729556793e-07,0.9998559633522304,C
269126204618 shifter sleeve 1 2 3 4,"269126204618 Shifter Sleeve 1/2,3/4",1,1,3246.88,1.3530455576564185e-07,0.9998560986567862,C
labour charges of car rep work s 1930,Labour Charges Of Car Rep. Work S 1930,1,1,3245.0,1.3522621207420903e-07,0.9998562338829983,C
screw 3 4,Screw - 3/4'',3,3,3240.0,1.3501785119273876e-07,0.9998563689008495,C
ss short bend 2,Ss Short Bend - 2'',1,1,3240.0,1.3501785119273876e-07,0.9998565039187007,C
ct coil 30 5,CT Coil - 30/5,1,1,3240.0,1.3501785119273876e-07,0.999856638936552,C
red cherry,Red Cherry,1,1,3240.0,1.3501785119273876e-07,0.9998567739544032,C
j hook 3,"J Hook 3""",4,4,3238.5,1.349553429282977e-07,0.9998569089097461,C
mater peas,Mater (Peas),5,5,3235.0,1.348094903112685e-07,0.9998570437192364,C
driver road expenses report,Driver Road Expenses Report,1,1,3232.0,1.3468447378238632e-07,0.9998571784037102,C
54524g5100 link compl frt sus upr rh ald,54524G5100 Link Compl Frt Sus Upr Rh Ald,1,1,3231.26,1.346536363719287e-07,0.9998573130573466,C
253450110122 radiator assy t yodha bsiv,253450110122 Radiator Assy T-Yodha BSIV,1,1,3221.88,1.3426275135829048e-07,0.999857447320098,C
ms bolt 2 sut 1 5,"Ms Bolt 2 Sut 1.5""",2,2,3220.0,1.3418440766685766e-07,0.9998575815045057,C
power contactor 18a 220vac lc1d18m7,"Power Contactor 18A, 220VAC - LC1D18M7",1,1,3220.0,1.3418440766685766e-07,0.9998577156889134,C
casserole,CASSEROLE,2,2,3216.74,1.3404855637213902e-07,0.9998578497374697,C
centre bearing teeth 2515,Centre Bearing Teeth 2515,3,3,3216.0,1.3401771896168144e-07,0.9998579837551886,C
numex black ink,Numex Black Ink,1,1,3214.5,1.3395521069724036e-07,0.9998581177103993,C
king pin bearing tx 151 sr std 1312 2,King Pin Bearing TX - 151  SR STD 1312/2,1,1,3210.0,1.337676859039171e-07,0.9998582514780853,C
king pin 2nd o s 1312 2515,King Pin 2nd O/S 1312/2515,1,1,3209.4,1.3374268259814067e-07,0.9998583852207679,C
hose pipe 4104834,Hose Pipe (4104834),1,1,3200.54,1.3337346711617535e-07,0.999858518594235,C
h type connector,H TYPE CONNECTOR,1,1,3200.0,1.3335096414097655e-07,0.9998586519451992,C
civil work brick work,Civil work Brick work,1,1,3200.0,1.3335096414097655e-07,0.9998587852961633,C
test tube 25 100,Test Tube(25*100),1,1,3200.0,1.3335096414097655e-07,0.9998589186471275,C
anchor fastner 12x150 mm,Anchor Fastner 12X150 mm,1,1,3200.0,1.3335096414097655e-07,0.9998590519980917,C
flat jet spray nozzle 1 4 bsp thread,"Flat Jet Spray Nozzle 1/4"" Bsp Thread",1,1,3200.0,1.3335096414097655e-07,0.9998591853490558,C
deep meausring tap 30 mtr,Deep Meausring Tap-30 Mtr,1,1,3200.0,1.3335096414097655e-07,0.99985931870002,C
pinion teeth 14,PINION TEETH-14,1,1,3200.0,1.3335096414097655e-07,0.9998594520509841,C
v belt spa 2240,V belt SPA- 2240,1,1,3200.0,1.3335096414097655e-07,0.9998595854019483,C
front support guard bumfer lower 3118,Front Support Guard Bumfer (Lower) 3118,1,1,3200.0,1.3335096414097655e-07,0.9998597187529125,C
bucket fastner 3 8 x 1 5,Bucket Fastner - 3/8 X 1.5'',2,2,3190.0,1.32934242378036e-07,0.9998598516871549,C
air cylinder 40x75,Air Cylinder - 40X75,1,1,3190.0,1.32934242378036e-07,0.9998599846213972,C
solonoid valve model no 4v210 08,SOLONOID VALVE-MODEL NO-4V210-08,1,1,3188.0,1.328508980254479e-07,0.9998601174722953,C
cylinder 70 dia ts 03 10 15 ts nh serie,CYLINDER 70 DIA TS 03/10/15-TS(NH) SERIE,1,1,3183.0,1.3264253714397762e-07,0.9998602501148325,C
eng oil filter change city whee ad9109,Eng.Oil & Filter Change City Whee AD9109,2,1,3182.22,1.3261003284646825e-07,0.9998603827248653,C
vacuum conveyor dimension m 0 8 0 5 4 5,Vacuum conveyor-Dimension(m):0.8×0.5×4.5,1,1,3182.02,1.3260169841120943e-07,0.9998605153265637,C
26216316 rectifier assy 12v al 1012,26216316 Rectifier Assy 12V AL 1012,2,2,3180.0,1.3251752061509545e-07,0.9998606478440843,C
strg i shaft rod 19 1 2 w cross ex ace,"Strg.I Shaft Rod 19 1/2"" W/Cross EX Ace",1,1,3178.14,1.324400103671885e-07,0.9998607802840948,C
leather bucket 1 75,"Leather Bucket 1.75""",1,1,3178.0,1.3243417626250733e-07,0.999860912718271,C
pf candle sleek ar p,Pf Candle Sleek  (AR) (P),2,2,3178.0,1.3243417626250733e-07,0.9998610451524473,C
monosodium glutamate,Monosodium Glutamate,1,1,3178.0,1.3243417626250733e-07,0.9998611775866236,C
286409139904air filter element super ace,286409139904Air Filter Element Super Ace,1,1,3177.96,1.3243250937545558e-07,0.999861310019133,C
spoon,Spoon,3,3,3177.3199999999997,1.3240583918262737e-07,0.9998614424249722,C
joint of cylinder packing,Joint of Cylinder Packing,1,1,3176.0,1.3235083190991923e-07,0.9998615747758042,C
341012ve0a gear shift lever al partner,341012VE0A Gear Shift Lever AL Partner,2,2,3171.87,1.321787258218248e-07,0.99986170695453,C
anabond 666 t plus 25 grm,Anabond-666 T Plus 25 Grm,3,2,3167.7200000000003,1.3200578629020446e-07,0.9998618389603163,C
2126767k01silencer dholki tafe tractor,2126767K01Silencer Dholki Tafe Tractor,1,1,3162.0,1.3176742144180244e-07,0.9998619707277377,C
pencil,Pencil,3,3,3160.71,1.3171366433438313e-07,0.9998621024414021,C
40 303620 liner ring swing cyl jcb,40/303620 Liner Ring Swing CYL.JCB,2,2,3155.95,1.3151530477522341e-07,0.9998622339567068,C
exhaust fan 9,"Exhaust fan 9""",1,1,3152.56,1.3137403609758658e-07,0.9998623653307429,C
tube 700x15,Tube 700X15,2,2,3152.3599999999997,1.3136570166232774e-07,0.9998624966964446,C
alluminium lugz ring 95 mm,Alluminium Lugz Ring 95 Mm,2,2,3152.0,1.313506996788619e-07,0.9998626280471442,C
filling nozzle seal 05088,Filling Nozzle Seal (05088),1,1,3150.0,1.3126735532627378e-07,0.9998627593144995,C
kabja 6,"Kabja 6""",2,2,3150.0,1.3126735532627378e-07,0.9998628905818548,C
guide bracket for 3mm wir,GUIDE BRACKET FOR 3MM WIR,1,1,3150.0,1.3126735532627378e-07,0.9998630218492102,C
coiled hose,COILED HOSE,1,1,3150.0,1.3126735532627378e-07,0.9998631531165655,C
ms bolt 2 sut 3,"Ms Bolt 2 Sut 3""",1,1,3150.0,1.3126735532627378e-07,0.9998632843839208,C
self repair work from sai baba au l 1544,Self Repair Work From Sai Baba Au.L-1544,1,1,3150.0,1.3126735532627378e-07,0.9998634156512761,C
clamp hose 4950440,Clamp Hose (4950440),1,1,3149.7,1.3125485367338557e-07,0.9998635469061298,C
bans bamboo,Bans (Bamboo),2,2,3145.0,1.310589944448035e-07,0.9998636779651242,C
female cage gate repairing,Female Cage Gate Repairing,1,1,3144.0,1.3101732226850946e-07,0.9998638089824464,C
strawberry ice cream,Strawberry Ice Cream,3,3,3136.0,1.3068394485815702e-07,0.9998639396663913,C
bearing 6205,Bearing 6205,1,1,3120.0,1.3001719003745214e-07,0.9998640696835813,C
numex ink reducer 500ml,Numex Ink Reducer 500ml,1,1,3118.8,1.2996718342589927e-07,0.9998641996507648,C
8206010013 pre gen oil 13 ltr conc mixer,8206010013 Pre.Gen.Oil 13 Ltr.Conc.Mixer,1,1,3117.79,1.2992509452784228e-07,0.9998643295758594,C
connecting piece,CONNECTING PIECE,1,1,3116.0,1.2985050133227592e-07,0.9998644594263607,C
head nut car washer,Head Nut (Car Washer),1,1,3114.4,1.2978382585020542e-07,0.9998645892101865,C
332 y0161 ga gear lever turret jcb,332/Y0161 GA Gear Lever Turret JCB,1,1,3113.56,1.2974882122211842e-07,0.9998647189590077,C
nrv assly 1 vertical a020490,Nrv Assly 1 Vertical (A020490),1,1,3111.0,1.2964214045080565e-07,0.9998648486011482,C
plastick tirpaul 18x24,Plastick Tirpaul 18X24,1,1,3109.32,1.2957213119463164e-07,0.9998649781732795,C
labour charges of car rep work aa 4483,Labour Charges Of Car Rep. Work AA 4483,2,2,3109.0,1.2955879609821752e-07,0.9998651077320756,C
poultry flame gun brass nipple,Poultry Flame Gun Brass Nipple,1,1,3107.1,1.2947961896325882e-07,0.9998652372116945,C
piston gp dia 100 air compressor,Piston & GP Dia 100 (Air Compressor),1,1,3106.0,1.2943377956933538e-07,0.9998653666454741,C
turbo repair work from new mmg cg08l0874,Turbo Repair Work From New MMG CG08L0874,2,2,3100.0,1.2918374651157103e-07,0.9998654958292206,C
diesel pipe 19x19 36,"Diesel Pipe 19X19 36""",1,1,3100.0,1.2918374651157103e-07,0.999865625012967,C
motor starter dol l t,Motor Starter - Dol -  L & T,1,1,3093.6,1.2891704458328909e-07,0.9998657539300116,C
labour charges of car rep work r 3207,Labour Charges Of Car Rep. Work R 3207,1,1,3091.0,1.2880869692492454e-07,0.9998658827387086,C
not goestrip low avrage gk diesel y 4258,Not Goestrip Low Avrage GK Diesel Y-4258,2,1,3078.32,1.2828029372951593e-07,0.9998660110190023,C
ht bolt 12 x40,"Ht Bolt 12""X40""",1,1,3075.0,1.2814194210421966e-07,0.9998661391609444,C
344152va2a assy gear select cable aldost,344152VA2A Assy Gear Select Cable ALDOST,1,1,3074.97,1.2814069193893083e-07,0.9998662673016363,C
bearing sleev h 317,Bearing Sleev H-317,1,1,3072.0,1.280169255753375e-07,0.9998663953185619,C
allanky spanner 10mm,Allanky Spanner 10Mm,2,2,3070.0,1.279335812227494e-07,0.9998665232521431,C
hyd strg cyl repair sundeep enter p 0267,Hyd.Strg.Cyl.Repair Sundeep Enter.P-0267,1,1,3070.0,1.279335812227494e-07,0.9998666511857243,C
250526207903 assy main shaft,250526207903_Assy Main Shaft,1,1,3066.41,1.2778397810985372e-07,0.9998667789697023,C
pointed chisel te spsm36,Pointed Chisel TE SPSM36,1,1,3060.85,1.2755228080965877e-07,0.9998669065219832,C
steel adoptor,Steel Adoptor,6,5,3060.0,1.2751685945980883e-07,0.9998670340388426,C
new subscription after 15th oct 2018,New Subscription After 15th Oct. 2018,1,1,3060.0,1.2751685945980883e-07,0.999867161555702,C
labour charges of car rep work ad 2313,Labour Charges Of Car Rep. Work AD 2313,1,1,3060.0,1.2751685945980883e-07,0.9998672890725614,C
26253077 drive assy 24v 9 teeth 1112 bs3,26253077 Drive Assy 24V 9 Teeth 1112 BS3,1,1,3052.8,1.2721681979049164e-07,0.9998674162893811,C
bulb 1141 no,Bulb 1141 No,1,1,3052.0,1.2718348204945638e-07,0.9998675434728632,C
7602016d1 spindle check nut 605 m arjun,7602016D1 Spindle Check Nut 605 M-ARJUN,1,1,3050.0,1.2710013769686829e-07,0.999867670573001,C
kit pr switch retrofit recip 022458379,KIT PR-SWITCH RETROFIT RECIP (022458379),1,1,3044.0,1.2685010463910394e-07,0.9998677974231056,C
pipe wrench 36,"Pipe Wrench 36""",1,1,3042.0,1.2676676028651585e-07,0.9998679241898659,C
front u bolt nut 24 no 7 608 909,"Front U Bolt Nut 24 No 7"" 608/909",1,1,3040.0,1.2668341593392772e-07,0.9998680508732819,C
pipe copper 3 4 refrigration,Pipe Copper 3/4 (Refrigration),1,1,3037.5,1.2657923549319257e-07,0.9998681774525174,C
fip injector repair kamal diesel b1983,FIP & Injector Repair Kamal Diesel B1983,1,1,3035.0,1.2647505505245745e-07,0.9998683039275725,C
pressure plate assy 240 dai 407turbo bs2,Pressure Plate Assy 240 Dai 407Turbo BS2,2,2,3032.83,1.2638462642989934e-07,0.999868430312199,C
combination brush 5356017124,Combination Brush (5356017124),1,1,3030.0,1.2626669417098718e-07,0.9998685565788932,C
honey sahad,Honey ( Sahad ),2,2,3025.71,1.2608792053468567e-07,0.9998686826668137,C
non sparking ring spanner 16 x 17,Non sparking Ring Spanner- 16 x 17,1,1,3024.0,1.2601666111322284e-07,0.9998688086834748,C
rumicare,Rumicare,1,1,3024.0,1.2601666111322284e-07,0.9998689347001359,C
gi flexible pipe 1 2,"Gi Flexible Pipe - 1/2""",1,1,3022.5,1.2595415284878177e-07,0.9998690606542888,C
catilever tray,Catilever tray,1,1,3016.0,1.256832837028704e-07,0.9998691863375725,C
ss bolt 10x25 mm,Ss Bolt 10X25 Mm,2,2,3015.0,1.2564161152657635e-07,0.999869311979184,C
vehicle idel speed work gk diesel l 3695,Vehicle Idel Speed Work GK Diesel L-3695,2,1,3013.5,1.2557910326213525e-07,0.9998694375582873,C
284547100107 fuel tank cap w lock su ace,284547100107 Fuel Tank Cap W/Lock Su.Ace,2,2,3007.7799999999997,1.2534073841373326e-07,0.9998695628990257,C
battery lugz patti,Battery Lugz Patti,3,3,3005.1,1.252290569812652e-07,0.9998696881280827,C
ear plug safety,Ear Plug (Safety),3,3,3000.0,1.2501652888216551e-07,0.9998698131446117,C
labour charges for impeller setting,"Labour Charges for Impeller Setting,",1,1,3000.0,1.2501652888216551e-07,0.9998699381611406,C
mixer arm jb300f,Mixer Arm JB300F,1,1,3000.0,1.2501652888216551e-07,0.9998700631776695,C
bearing 30209 j2 q,Bearing 30209 J2/Q,1,1,3000.0,1.2501652888216551e-07,0.9998701881941984,C
pto part of tanker,PTO (PART OF TANKER),1,1,3000.0,1.2501652888216551e-07,0.9998703132107273,C
formula change employee dashboard,Formula change employee dashboard,1,1,3000.0,1.2501652888216551e-07,0.9998704382272562,C
cooling adaptor for 100 dia weld wheel,Cooling Adaptor for 100 Dia Weld Wheel,1,1,3000.0,1.2501652888216551e-07,0.9998705632437851,C
food warmer repairing charge,Food Warmer  Repairing Charge,1,1,3000.0,1.2501652888216551e-07,0.999870688260314,C
saffron,Saffron,2,2,3000.0,1.2501652888216551e-07,0.9998708132768429,C
battery gun socket spanner 8 mm,Battery Gun Socket Spanner 8 mm,1,1,3000.0,1.2501652888216551e-07,0.9998709382933718,C
feeder pipe jointer 1 5 inch,"Feeder Pipe Jointer, 1.5 inch",1,1,3000.0,1.2501652888216551e-07,0.9998710633099007,C
scotch brite,Scotch Brite,1,1,3000.0,1.2501652888216551e-07,0.9998711883264296,C
sap id configurations for leave approval,SAP ID Configurations for leave approval,1,1,3000.0,1.2501652888216551e-07,0.9998713133429585,C
oil filter mahindra pickup bolero,Oil Filter Mahindra Pickup/Bolero,1,1,3000.0,1.2501652888216551e-07,0.9998714383594874,C
aqua dashboard and other reports,Aqua Dashboard and other reports,1,1,3000.0,1.2501652888216551e-07,0.9998715633760163,C
thurst bearing 016 no,Thurst Bearing 016 No.,2,2,3000.0,1.2501652888216551e-07,0.9998716883925453,C
b al male fittings qs 1 2 06 mm,"B-AL-Male Fittings QS - 1/2"" - 06 mm",1,1,3000.0,1.2501652888216551e-07,0.9998718134090742,C
hf fuse 25 amp,Hf Fuse 25 Amp,1,1,3000.0,1.2501652888216551e-07,0.9998719384256031,C
heating element geyser 2000w,HEATING ELEMENT GEYSER 2000W,1,1,3000.0,1.2501652888216551e-07,0.999872063442132,C
u clam 4mm,U Clam 4Mm,1,1,3000.0,1.2501652888216551e-07,0.9998721884586609,C
assy frt bumper 1613,Assy FRT Bumper 1613,1,1,3000.0,1.2501652888216551e-07,0.9998723134751898,C
double headed screw t 20 ph2,Double headed screw T 20 PH2,1,1,3000.0,1.2501652888216551e-07,0.9998724384917187,C
cotton medical,Cotton (Medical),1,1,3000.0,1.2501652888216551e-07,0.9998725635082476,C
badges size 4 x 4,"Badges (Size 4"" x 4"")",1,1,3000.0,1.2501652888216551e-07,0.9998726885247765,C
sling rope 1 2,"Sling Rope 1/2""",1,1,3000.0,1.2501652888216551e-07,0.9998728135413054,C
labour charge from vardhman auto l1822,Labour Charge From Vardhman Auto.L1822,1,1,3000.0,1.2501652888216551e-07,0.9998729385578343,C
labour charge from jaika auto cg08z6108,Labour Charge From Jaika Auto.CG08Z6108,1,1,3000.0,1.2501652888216551e-07,0.9998730635743632,C
vaccinator wisher,Vaccinator Wisher,1,1,3000.0,1.2501652888216551e-07,0.9998731885908921,C
bearing 6308,Bearing 6308,1,1,2996.0,1.248498401769893e-07,0.9998733134407323,C
gland cutter 32 mm,Gland Cutter - 32 Mm,2,2,2980.0,1.241830853562844e-07,0.9998734376238176,C
mcb switch 20 amp 4 pole,Mcb Switch - 20 Amp-4 Pole,1,1,2980.0,1.241830853562844e-07,0.999873561806903,C
eng oil filter change city whee ae7166,Eng.Oil & Filter Change City Whee AE7166,1,1,2978.12,1.241047416648516e-07,0.9998736859116447,C
steel glass,Steel Glass,1,1,2976.0,1.240163966511082e-07,0.9998738099280413,C
ms bolt 4 sut 3,"Ms Bolt 4 Sut 3""",2,2,2974.0,1.239330522985201e-07,0.9998739338610936,C
eng oil filter change jaika aut aa6843,Eng.Oil & Filter Change Jaika Aut.AA6843,1,1,2971.9,1.2384554072830257e-07,0.9998740577066343,C
bearing ucf 211,Bearing Ucf 211,1,1,2971.0,1.2380803576963792e-07,0.9998741815146701,C
circlip plier inner,Circlip Plier Inner,2,2,2970.0,1.2376636359334387e-07,0.9998743052810337,C
250ml container with lid,250ml Container with Lid,1,1,2970.0,1.2376636359334387e-07,0.9998744290473973,C
12 module plate,12 Module Plate,1,1,2967.5,1.2366218315260872e-07,0.9998745527095805,C
labour charges of car rep work ad 7027,Labour Charges Of Car Rep. Work AD 7027,1,1,2966.0,1.2359967488816765e-07,0.9998746763092554,C
roda box sticky pad,RODA BOX STICKY PAD,1,1,2966.0,1.2359967488816765e-07,0.9998747999089304,C
temprature check sheet ip,Temprature Check Sheet-Ip,1,1,2960.0,1.233496418304033e-07,0.9998749232585722,C
drill bit 4 5 mm,Drill Bit - 4.5 Mm,1,1,2960.0,1.233496418304033e-07,0.999875046608214,C
king pin cotter kit 1312 2515,King Pin Cotter Kit 1312/2515,2,2,2958.3,1.2327879913070342e-07,0.9998751698870132,C
rear u bolt 17 nut 30 no 1109 bs iii,"Rear U Bolt 17"" Nut 30 No.1109 BS III",1,1,2952.0,1.2301626442005086e-07,0.9998752929032776,C
burnol,Burnol,2,2,2940.0,1.225161983045222e-07,0.9998754154194759,C
belt m 27,Belt - M-27,1,1,2940.0,1.225161983045222e-07,0.9998755379356742,C
element lub oil filter 4982627,"Element, Lub Oil Filter (4982627)",1,1,2939.6,1.2249952943400457e-07,0.9998756604352036,C
grout cement,Grout (Cement),2,2,2937.8,1.224245195166753e-07,0.9998757828597231,C
extruder oil motor 0 37kw,Extruder - Oil motor: 0.37KW,1,1,2930.81,1.2213323100437984e-07,0.9998759049929541,C
socket 35 mm c35,Socket 35 mm (C35),1,1,2928.0,1.2201613218899354e-07,0.9998760270090863,C
nylon rassi 25mm,Nylon Rassi 25Mm,1,1,2925.0,1.2189111566011137e-07,0.9998761489002019,C
iron kadhai 18,"Iron Kadhai 18""",1,1,2925.0,1.2189111566011137e-07,0.9998762707913176,C
rear aux a leaf spring tata ace mega,Rear Aux-A Leaf Spring Tata Ace Mega,1,1,2920.0,1.216827547786411e-07,0.9998763924740723,C
breezing rod,Breezing Rod,3,2,2919.9,1.216785875610117e-07,0.9998765141526599,C
soframycine tube,Soframycine Tube,2,2,2916.0,1.2151606607346488e-07,0.999876635668726,C
dress kapda,Dress Kapda,1,1,2916.0,1.2151606607346488e-07,0.9998767571847921,C
dalda,Dalda,2,2,2914.2,1.2144105615613557e-07,0.9998768786258483,C
house care 100ml,House Care - 100ml,1,1,2906.68,1.211276813904043e-07,0.9998769997535297,C
whitner,Whitner,3,3,2901.0,1.2089098342905404e-07,0.9998771206445132,C
mint,Mint,25,25,2900.0,1.2084931125276e-07,0.9998772414938244,C
b al male fittings qs tee 08 mm,B-Al-Male Fittings Qs - Tee - 08 Mm,1,1,2900.0,1.2084931125276e-07,0.9998773623431356,C
khada moong,Khada Moong,4,4,2896.02,1.2068345599110966e-07,0.9998774830265916,C
gland cutter 22 mm,Gland Cutter - 22 Mm,2,2,2895.0,1.2064095037128972e-07,0.999877603667542,C
elevator bucket dq3325n,Elevator Bucket DQ3325N,1,1,2890.0,1.2043258948981946e-07,0.9998777241001314,C
bottel 1000 ml,Bottel  1000 ML,3,3,2889.9,1.2042842227219003e-07,0.9998778445285537,C
pvc transfer pipe assly b,Pvc Transfer Pipe Assly(B,1,1,2886.0,1.2026590078464323e-07,0.9998779647944545,C
aliminium sliding window,Aliminium Sliding Window,1,1,2883.3,1.201533859086493e-07,0.9998780849478404,C
battery 35 ah exide max,Battery 35 AH Exide MAX,1,1,2883.0,1.2014088425576106e-07,0.9998782050887246,C
dark copmound,Dark Copmound,2,2,2881.4,1.2007420877369057e-07,0.9998783251629334,C
ram,Ram,1,1,2881.35,1.2007212516487586e-07,0.9998784452350585,C
diamond gland cutter 16mm,DIAMOND GLAND CUTTER- 16MM,1,1,2880.0,1.200158677268789e-07,0.9998785652509262,C
cabin mounting upper lower 1109,Cabin Mounting Upper / Lower 1109,1,1,2880.0,1.200158677268789e-07,0.9998786852667939,C
king pin only 2nd o s 608 709,King Pin (Only) 2nd O/S 608/709,1,1,2874.0,1.1976583466911457e-07,0.9998788050326286,C
amp selector switch,Amp Selector Switch,2,2,2872.0,1.1968249031652645e-07,0.999878924715119,C
253405990103 valve inlet exh set 407,253405990103 Valve Inlet -Exh. SET 407,3,3,2871.12,1.1964581880138768e-07,0.9998790443609378,C
separator fuel water 4093731,"Separator, Fuel Water (4093731)",4,3,2863.52,1.1932911026155287e-07,0.999879163690048,C
stiffener joint 3 8,"Stiffener Joint 3/8""",2,2,2861.5,1.1924493246543889e-07,0.9998792829349805,C
electric bend 3 4,"Electric Bend 3/4""",2,2,2860.0,1.1918242420099779e-07,0.9998794021174047,C
leaf spring change nagpur spring l1534,Leaf Spring Change Nagpur Spring L1534,1,1,2860.0,1.1918242420099779e-07,0.9998795212998288,C
pistachios pista,Pistachios (Pista),3,3,2857.1499999999996,1.1906365849855972e-07,0.9998796403634873,C
pen add gel green,Pen Add Gel Green,2,2,2856.8,1.1904907323685683e-07,0.9998797594125606,C
french beans,French Beans,8,8,2855.0,1.1897406331952752e-07,0.9998798783866238,C
26212684 assy stator 24v,26212684 Assy Stator 24V,2,2,2853.94,1.1892989081265582e-07,0.9998799973165147,C
rr hub oil seal 100x125x12 inner 909 bs4,RR Hub Oil Seal 100x125x12 Inner 909 BS4,1,1,2850.0,1.1876570243805725e-07,0.999880116082217,C
simplex chain suitable to above sp wheel,Simplex chain suitable to above sp.wheel,1,1,2850.0,1.1876570243805725e-07,0.9998802348479194,C
taj mahal tea,TAJ MAHAL TEA,2,2,2848.28,1.1869402629483148e-07,0.9998803535419457,C
screw conveyor capacity 1500kg h,Screw conveyor - Capacity:1500kg/h,1,1,2847.06,1.1864318623975271e-07,0.999880472185132,C
ms bolt 3 sut 1 5,"Ms Bolt 3 Sut 1.5""",1,1,2838.5,1.1828647241067561e-07,0.9998805904716044,C
eng oil filter change shree mot aj4052,Eng.Oil & Filter Change Shree Mot.AJ4052,1,1,2836.45,1.1820104444927279e-07,0.9998807086726488,C
hydrolic oil 32 no,Hydrolic Oil 32 No.,2,2,2832.55,1.1803852296172599e-07,0.9998808267111717,C
hf fuse 50 amp,Hf Fuse 50 Amp,1,1,2832.0,1.1801560326476425e-07,0.999880944726775,C
labour charges of car rep work g 6000,Labour Charges Of Car Rep. Work G 6000,1,1,2831.97,1.1801435309947541e-07,0.9998810627411281,C
hydrolic hose pipe 31 5 mm id,Hydrolic Hose Pipe 31.5 mm (id),1,1,2830.0,1.1793225891217614e-07,0.999881180673387,C
gulab patia dry,Gulab Patia Dry,10,9,2830.0,1.1793225891217614e-07,0.999881298605646,C
breezing tarch,Breezing Tarch,1,1,2830.0,1.1793225891217614e-07,0.999881416537905,C
v belt b 120,V Belt B -120,1,1,2829.0,1.1789058673588208e-07,0.9998815344284917,C
diet coke can,Diet Coke (Can),1,1,2828.55,1.1787183425654977e-07,0.999881652300326,C
bolt 17 no 5 m10x1 5x125,"Bolt 17 No. 5"" M10X1.5X125",1,1,2828.0,1.1784891455958803e-07,0.9998817701492405,C
measuring cylinder 1000 ml,Measuring Cylinder 1000 ML,1,1,2826.0,1.1776557020699992e-07,0.9998818879148107,C
m 307550 q system protection valve 3118,M 307550 Q.System Protection Valve 3118,1,1,2821.0,1.1755720932552964e-07,0.99988200547202,C
bearing 55206 55437 diff al 1012,Bearing 55206/55437 (Diff.) AL 1012,1,1,2821.0,1.1755720932552964e-07,0.9998821230292293,C
angal valve brass 1 2,"Angal Valve Brass 1/2""",2,2,2820.0,1.1751553714923559e-07,0.9998822405447665,C
pvc suction pipe 1,"Pvc Suction Pipe 1""",2,2,2820.0,1.1751553714923559e-07,0.9998823580603037,C
front hub oil seal mahindra bolero,Front Hub Oil Seal Mahindra Bolero,2,2,2820.0,1.1751553714923559e-07,0.9998824755758409,C
pineapple fruits,Pineapple Fruits,7,7,2815.0,1.1730717626776531e-07,0.9998825928830172,C
black handi small,Black Handi Small,2,1,2810.0,1.1709881538629504e-07,0.9998827099818326,C
nose plier 6,Nose Plier - 6'',3,2,2810.0,1.1709881538629504e-07,0.999882827080648,C
led bulb 5w pin type,LED Bulb 5W (Pin type),1,1,2810.0,1.1709881538629504e-07,0.9998829441794634,C
v belt a 42,V BELT - A 42,1,1,2808.0,1.1701547103370693e-07,0.9998830611949344,C
air filter secondary 407 bsiii,Air Filter Secondary 407 BSIII,1,1,2806.8,1.1696546442215407e-07,0.9998831781603988,C
non sparking fit spanner 16 x 17,Non sparking Fit Spanner- 16 x 17,1,1,2805.0,1.1689045450482476e-07,0.9998832950508534,C
clutch plate 170 dai tata ace,Clutch Plate 170 Dai Tata Ace,1,1,2802.85,1.1680085932579254e-07,0.9998834118517127,C
seat cover change w from mahavir r 2851,Seat Cover Change W. From Mahavir R 2851,1,1,2800.0,1.1668209362335449e-07,0.9998835285338064,C
ms bolt 4 sut 5,"Ms Bolt 4 Sut 5""",1,1,2800.0,1.1668209362335449e-07,0.9998836452159,C
pully 5 g x 14 c section,"PULLY - 5 G X 14"" , C- SECTION",1,1,2800.0,1.1668209362335449e-07,0.9998837618979937,C
panel filter 17 5 x 17 5,PANEL FILTER- 17.5 X 17.5,1,1,2800.0,1.1668209362335449e-07,0.9998838785800873,C
hn fuse 100 amp,Hn Fuse 100 Amp,1,1,2800.0,1.1668209362335449e-07,0.999883995262181,C
advance slip isi,Advance Slip - ISI,2,2,2800.0,1.1668209362335449e-07,0.9998841119442746,C
ms flange 4 table f 19 0 mm,"MS Flange 4"" Table F, 19.0 mm",1,1,2800.0,1.1668209362335449e-07,0.9998842286263683,C
insulator 40mm,Insulator 40Mm,1,1,2800.0,1.1668209362335449e-07,0.9998843453084619,C
motor fan 4 5 pvc,"Motor Fan - 4.5"" Pvc",1,1,2800.0,1.1668209362335449e-07,0.9998844619905556,C
ht bolt 8x75 mm,Ht Bolt 8X75 Mm,1,1,2794.0,1.1643206056559016e-07,0.9998845784226161,C
gland 28 mm,Gland 28 Mm,2,2,2784.0,1.160153388026496e-07,0.9998846944379549,C
flat file 14 rough,"Flat File 14"" (Rough)",1,1,2780.0,1.1584865009747338e-07,0.999884810286605,C
bearing no 6202 s k f 2z c3,Bearing No. - 6202 S.K.F. - 2Z/C3,1,1,2780.0,1.1584865009747338e-07,0.9998849261352551,C
122049532 ball joint round upper bolero,122049532 Ball Joint Round Upper Bolero,2,2,2772.76,1.1554694354110443e-07,0.9998850416821987,C
chicken masala,Chicken Masala,3,3,2769.0,1.1539025615823877e-07,0.9998851570724548,C
bearing fl 206,BEARING FL-206,1,1,2766.0,1.1526523962935661e-07,0.9998852723376944,C
bearing block fl 206,BEARING BLOCK (FL-206),1,1,2766.0,1.1526523962935661e-07,0.999885387602934,C
frt center brg teeth 16t 88512 brg 3118,Frt Center Brg.Teeth 16T(88512 Brg.)3118,2,2,2754.0,1.1476517351382795e-07,0.9998855023681075,C
psw assy ps15 1c with ul a020018,Psw Assy Ps15 1C with UL (A020018),1,1,2753.0,1.1472350133753389e-07,0.9998856170916088,C
oil filter 06 436 01 0 00,Oil Filter - 06.436.01.0.00,1,1,2752.56,1.147051655799645e-07,0.9998857317967744,C
ms pipe,MS Pipe,1,1,2750.0,1.1459848480865173e-07,0.9998858463952592,C
bearing 6207 2rsr,Bearing 6207-2RSR,1,1,2750.0,1.1459848480865173e-07,0.999885960993744,C
gland 57 mm,Gland 57 Mm,1,1,2750.0,1.1459848480865173e-07,0.9998860755922289,C
double ended cic s2,Double ended CIC S2,1,1,2750.0,1.1459848480865173e-07,0.9998861901907137,C
3 pin top 6 amp,3 Pin Top 6 Amp,3,3,2750.0,1.1459848480865173e-07,0.9998863047891985,C
rear slack adjuster lh 709 909,Rear Slack Adjuster LH 709/909,1,1,2750.0,1.1459848480865173e-07,0.9998864193876833,C
hitch assy w plate complete tractr massy,Hitch Assy W/Plate Complete Tractr.Massy,1,1,2750.0,1.1459848480865173e-07,0.9998865339861681,C
eng oil filter change city whee af6013,Eng.Oil & Filter Change City Whee AF6013,1,1,2747.53,1.1449555453320542e-07,0.9998866484817226,C
251626204606 shifter sleeve,251626204606_Shifter Sleeve,1,1,2743.76,1.1433845042857683e-07,0.999886762820173,C
soya ref oil 5 ltr jar abis gold,Soya Ref.Oil ( 5 Ltr. Jar ) ABIS GOLD,2,2,2741.8999999999996,1.1426094018066987e-07,0.9998868770811131,C
aalmetrin permethrin 25 ec 1l,AALMETRIN (Permethrin 25%ec) 1L,1,1,2733.05,1.1389214142046749e-07,0.9998869909732545,C
whatman filter paper no 41,Whatman Filter paper No.41,1,1,2730.0,1.1376504128277062e-07,0.9998871047382958,C
haller patta 2,"Haller Patta 2""",1,1,2730.0,1.1376504128277062e-07,0.9998872185033371,C
radiator mouth coolant fill pipe,Radiator Mouth (Coolant Fill Pipe),1,1,2720.0,1.1334831951983007e-07,0.9998873318516566,C
assy connecting rod 1035 di,Assy Connecting Rod 1035 Di,1,1,2717.8,1.1325664073198316e-07,0.9998874451082973,C
440fk2va0j rear brake lining assy aldost,440FK2VA0J Rear Brake Lining Assy ALDOST,1,1,2714.04,1.130999533491175e-07,0.9998875582082507,C
pvc footvalve 2,"Pvc Footvalve 2""",1,1,2712.0,1.1301494210947763e-07,0.9998876712231928,C
repairing service,Repairing & Service,2,2,2711.86,1.1300910800479647e-07,0.9998877842323007,C
f4832660 gear lever knob al ec 1012,F4832660 Gear Lever Knob AL EC 1012,2,2,2710.0,1.1293159775688952e-07,0.9998878971638985,C
stiching machine lupar,Stiching Machine Lupar,1,1,2700.0,1.1251487599394897e-07,0.9998880096787744,C
iodex,Iodex,2,2,2700.0,1.1251487599394897e-07,0.9998881221936504,C
bearing 6204 2rs1 c3,Bearing 6204-2RS1/C3,1,1,2700.0,1.1251487599394897e-07,0.9998882347085264,C
labour charges of car rep work ad 1941,Labour Charges Of Car Rep. Work Ad 1941,1,1,2691.0,1.1213982640730246e-07,0.9998883468483528,C
f7806700 tempreture tee 24 no al 1012,F7806700 Tempreture Tee 24 No.AL 1012,1,1,2690.0,1.1209815423100842e-07,0.999888458946507,C
oil seal 50 80 12,Oil Seal 50*80*12,2,2,2690.0,1.1209815423100842e-07,0.9998885710446612,C
stearing system repair mp tractor p 2291,Stearing System Repair MP Tractor P-2291,1,1,2681.75,1.1175435877658246e-07,0.99988868279902,C
pressure gauge 0 25 kg cm2 6 dial,"Pressure Gauge 0-25 Kg/cm2 - 6"" Dial",1,1,2680.0,1.1168143246806786e-07,0.9998887944804524,C
pressure gauge 0 16 kg cm2 6,"Pressure Gauge 0-16 Kg/cm2 - 6""",1,1,2680.0,1.1168143246806786e-07,0.9998889061618849,C
labour charge from city wheels ds 3453,Labour Charge From City Wheels DS-3453,1,1,2678.02,1.1159892155900564e-07,0.9998890177608064,C
temperature gun infrared,Temperature Gun Infrared,1,1,2675.0,1.1147307158659758e-07,0.999889129233878,C
tie rod end massy,Tie Rod End Massy,2,2,2671.1800000000003,1.113138838731543e-07,0.9998892405477618,C
ring spanner 21x23,Ring Spanner 21X23,1,1,2670.0,1.1126471070512731e-07,0.9998893518124725,C
measring tap 5 m,Measring Tap 5 M,5,5,2666.0,1.1109802199995109e-07,0.9998894629104945,C
assy side indicator white lh bsiii lpt,Assy Side Indicator White Lh BSIII LPT,1,1,2664.0,1.1101467764736298e-07,0.9998895739251722,C
assy side indicator white rh bsiii lpt,Assy Side Indicator White RH BSIII LPT,1,1,2664.0,1.1101467764736298e-07,0.9998896849398499,C
tool bag,Tool Bag,2,2,2660.0,1.1084798894218676e-07,0.9998897957878388,C
252709119913 fuel filter insert 909 bsiv,252709119913 Fuel Filter Insert 909 BSIV,1,1,2656.4,1.1069796910752817e-07,0.9998899064858079,C
search light assy 12v helogn bulb type,Search Light Assy 12V(Helogn Bulb Type),2,2,2655.5,1.1066046414886351e-07,0.999890017146272,C
hn fuse 400 a,Hn Fuse 400 A,1,1,2655.0,1.1063962806071648e-07,0.9998901277859,C
b5412547 door glass i channel rh al 1012,B5412547 Door Glass I Channel RH AL 1012,2,2,2650.0,1.1043126717924621e-07,0.9998902382171672,C
civil work solvent plant indamara,Civil work Solvent plant Indamara,1,1,2650.0,1.1043126717924621e-07,0.9998903486484343,C
ms washer 3 4,"MS WASHER 3/4""",2,2,2650.0,1.1043126717924621e-07,0.9998904590797014,C
b al male fittings qs 3 8 06 mm,"B-AL-Male Fittings QS - 3/8"" - 06 mm",1,1,2650.0,1.1043126717924621e-07,0.9998905695109686,C
labour charges of car rep work k 1897,Labour Charges Of Car Rep. Work K 1897,2,2,2649.0,1.1038959500295215e-07,0.9998906799005636,C
bearing 0314 s k f cr brng bc1,Bearing 0314 S.K.F.(CR BRNG.BC1),1,1,2649.0,1.1038959500295215e-07,0.9998907902901586,C
bearing 320 332x ace inner,Bearing 320/332X (Ace Inner),1,1,2646.0,1.1026457847406999e-07,0.9998909005547371,C
led pilot light white 24v dc,LED Pilot Light White 24V DC,1,1,2645.0,1.1022290629777593e-07,0.9998910107776433,C
radiator mtg bottom 407,Radiator Mtg Bottom 407,1,1,2640.0,1.1001454541630566e-07,0.9998911207921887,C
pvc ballvalve 2,"Pvc Ballvalve 2""",2,2,2640.0,1.1001454541630566e-07,0.999891230806734,C
labour charges of car rep work k 0396,Labour Charges Of Car Rep. Work K 0396,3,3,2631.0,1.0963949582965915e-07,0.9998913404462298,C
abnormal noisy found jaika auto l0877,Abnormal Noisy Found Jaika Auto.L0877,2,1,2628.39,1.0953073144953167e-07,0.9998914499769613,C
apple fruits,Apple Fruits,11,11,2622.8,1.0929778398404791e-07,0.9998915592747453,C
roasted chana dalia,Roasted Chana ( Dalia),3,3,2621.8,1.0925611180775386e-07,0.9998916685308571,C
289488100104 fender outer cmplt rh yodha,289488100104 Fender Outer CMPLT RH Yodha,1,1,2620.31,1.091940202650757e-07,0.9998917777248774,C
29066717 c m c assy swaraj mazda bus,29066717 C M C Assy Swaraj Mazda Bus,2,2,2620.06,1.0918360222100219e-07,0.9998918869084796,C
ms flange 4 ibr,"MS Flange -4""-IBR",1,1,2620.0,1.0918110189042455e-07,0.9998919960895816,C
pencill cell small,Pencill Cell - Small,2,2,2615.06,1.0897524133953192e-07,0.999892105064823,C
injector repair work kamal diesel g 6096,Injector Repair Work Kamal Diesel G-6096,1,1,2611.2,1.0881438673903686e-07,0.9998922138792097,C
temperature gauge 0 600 c,Temperature Gauge 0-600°C,1,1,2600.0,1.0834765836454345e-07,0.9998923222268681,C
stiching machine top cover,Stiching Machine Top Cover,1,1,2600.0,1.0834765836454345e-07,0.9998924305745265,C
impeller,Impeller,2,2,2600.0,1.0834765836454345e-07,0.9998925389221849,C
rtd sensor proble length 250mm thik 6m,"RTD SENSOR (PROBLE LENGTH-250MM,THIK-6M)",1,1,2600.0,1.0834765836454345e-07,0.9998926472698433,C
air dryer repair work emam motor l 1537,Air Dryer Repair Work Emam Motor L-1537,2,2,2600.0,1.0834765836454345e-07,0.9998927556175017,C
transistor w7nk90z,Transistor- W7NK90Z,1,1,2600.0,1.0834765836454345e-07,0.9998928639651601,C
mcb switch 6 amp 1pole,Mcb Switch -6 Amp-1Pole,1,1,2592.0,1.08014280954191e-07,0.999892971979441,C
relay model my4n,"RELAY, Model-MY4N",1,1,2590.0,1.079309366016029e-07,0.9998930799103777,C
relay ply 240v,Relay Ply 240V.,1,1,2590.0,1.079309366016029e-07,0.9998931878413143,C
elevator bucket dq4726n,Elevator Bucket DQ4726N,1,1,2586.0,1.0776424789642668e-07,0.9998932956055622,C
paint golden brown,Paint Golden Brown,1,1,2585.0,1.0772257572013263e-07,0.9998934033281379,C
non sparking fit spanner 14 x 15,Non sparking Fit Spanner- 14 x 15,1,1,2584.0,1.0768090354383856e-07,0.9998935110090414,C
ra f027n diesel pipe 19 no 27,"RA F027N Diesel Pipe 19 NO. 27""",1,1,2580.0,1.0751421483866234e-07,0.9998936185232563,C
eye tube,Eye Tube,2,2,2580.0,1.0751421483866234e-07,0.9998937260374712,C
ss nails for cooling tower,SS Nails for Cooling Tower,1,1,2575.0,1.0730585395719207e-07,0.9998938333433252,C
non sparking ring spanner 14 x 15,Non sparking Ring Spanner- 14 x 15,1,1,2564.0,1.0684746001795746e-07,0.9998939401907851,C
503912ve0a rr kamani rr hanger lhpartner,503912VE0A RR Kamani RR Hanger LHPartner,1,1,2560.93,1.0671952643673471e-07,0.9998940469103116,C
kwik connect imperial pb1800,Kwik connect Imperial (PB1800),1,1,2560.0,1.0668077131278124e-07,0.9998941535910829,C
therma col sheet 1,Therma Col Sheet - 1,2,2,2560.0,1.0668077131278124e-07,0.9998942602718542,C
40 302349 assy frt grill eng bonnet jcb,40/302349 Assy Frt.Grill(Eng.Bonnet) JCB,1,1,2555.93,1.0651116555526442e-07,0.9998943667830198,C
telephone cable 2 pair,Telephone Cable  2 Pair,2,2,2553.0,1.0638906607872286e-07,0.9998944731720859,C
mayonnaise,Mayonnaise,3,3,2552.9,1.0638489886109345e-07,0.9998945795569848,C
lf fs 873 5w meter warm white,LF FS 873 5W/Meter Warm White,1,1,2552.0,1.063473939024288e-07,0.9998946859043787,C
repair main work from sparsh ad 1942,Repair & Main Work From Sparsh AD 1942,2,1,2550.1,1.062682167674701e-07,0.9998947921725955,C
non sparking chiesel 6,"Non sparking chiesel 6""",1,1,2544.0,1.0601401649207636e-07,0.9998948981866119,C
9451037404 fuel filter,9451037404_Fuel Filter,2,2,2542.5,1.0595150822763527e-07,0.9998950041381202,C
civil work supply fixing for sewerage,Civil work supply & fixing for sewerage,1,1,2542.37,1.0594609084471704e-07,0.999895110084211,C
tiles filler,Tiles Filler,1,1,2542.3,1.0594317379237647e-07,0.9998952160273847,C
upvc ballvalve 2 5,"Upvc Ballvalve 2.5""",1,1,2542.2,1.0593900657474705e-07,0.9998953219663913,C
disposal dosa plate,Disposal Dosa Plate,1,1,2542.0,1.0593067213948825e-07,0.9998954278970634,C
orange crush,Orange Crush,4,4,2539.2599999999998,1.0581649037644253e-07,0.9998955337135538,C
bearing hfl 2530,Bearing Hfl - 2530,1,1,2538.0,1.0576398343431203e-07,0.9998956394775372,C
chromecast google media player wifi,Chromecast Google Media Player WIFI,1,1,2533.87,1.0559187734621757e-07,0.9998957450694146,C
hose pipe plain id 38mm od 45mm,Hose Pipe Plain( ID-38MM)(OD-45MM),2,1,2531.52,1.0549394773192655e-07,0.9998958505633623,C
steel katori,Steel Katori,2,2,2530.0,1.0543060602395958e-07,0.9998959559939683,C
assy intermidiate pipe tc 2515,Assy Intermidiate Pipe TC 2515,2,2,2525.0,1.0522224514248931e-07,0.9998960612162134,C
bearing 6201 2z s k f,Bearing  6201  2Z - S.K.F.,1,1,2520.0,1.0501388426101903e-07,0.9998961662300977,C
c r c spray 2 26,C.R.C Spray 2-26,1,1,2520.0,1.0501388426101903e-07,0.999896271243982,C
26215076 d e bracket assy al 1012,26215076 D E Bracket Assy AL 1012,2,2,2519.16,1.0497887963293202e-07,0.9998963762228615,C
assy piston w pin lock super ace,Assy Piston W/Pin & Lock Super Ace,1,1,2515.62,1.0483136012885107e-07,0.9998964810542217,C
rawmater storage silo dimens m 1 7 1 5 5,Rawmater Storage silo-Dimens(m)1.7×1.5×5,1,1,2512.12,1.0468550751182187e-07,0.9998965857397292,C
bearing 580 572 q,Bearing 580/572/Q,1,1,2510.0,1.0459716249807848e-07,0.9998966903368917,C
pvc socket 1 25,"Pvc Socket 1.25""",2,2,2509.0,1.0455549032178443e-07,0.999896794892382,C
eng speed abnormal work gk diesel l 0725,Eng.Speed Abnormal Work GK Diesel L-0725,2,1,2505.88,1.0442547313174698e-07,0.9998968993178552,C
hyd boom hose pipe 24x27 36 tractor,"HYD.Boom Hose Pipe 24X27 36"" Tractor",1,1,2500.0,1.0418044073513793e-07,0.9998970034982959,C
olive oil pomace 1 ltr,Olive Oil  Pomace 1 Ltr,1,1,2500.0,1.0418044073513793e-07,0.9998971076787366,C
compressor for refrigerator,Compressor for Refrigerator,1,1,2500.0,1.0418044073513793e-07,0.9998972118591773,C
stichin m c needle for 802vm gabbar,Stichin M/c Needle for 802VM (Gabbar),1,1,2500.0,1.0418044073513793e-07,0.9998973160396181,C
flap 1000 20,Flap 1000 - 20,1,1,2500.0,1.0418044073513793e-07,0.9998974202200588,C
gland cutter 29 mm,Gland Cutter - 29 Mm,1,1,2500.0,1.0418044073513793e-07,0.9998975244004995,C
olive pomance oil,Olive Pomance Oil,1,1,2500.0,1.0418044073513793e-07,0.9998976285809402,C
ms short bend 2,"Ms Short Bend 2""",1,1,2500.0,1.0418044073513793e-07,0.9998977327613809,C
job card,Job Card,1,1,2500.0,1.0418044073513793e-07,0.9998978369418217,C
ac controller,AC controller,1,1,2500.0,1.0418044073513793e-07,0.9998979411222624,C
gear box mounting ace,Gear Box Mounting ACE,1,1,2500.0,1.0418044073513793e-07,0.9998980453027031,C
brake boot tractor,Brake Boot - Tractor,2,2,2495.0,1.0397207985366766e-07,0.9998981492747829,C
253405167901tappet eng push rod 407bsiii,253405167901Tappet Eng.Push Rod 407BSIII,3,3,2493.52,1.0391040503275246e-07,0.999898253185188,C
combination switch tractor,Combination Switch Tractor,1,1,2490.0,1.0376371897219738e-07,0.9998983569489069,C
40 302811 hyd hose jcb,40/302811 HYD. Hose JCB,3,2,2490.0,1.0376371897219738e-07,0.9998984607126259,C
labour charge from g k diesel cg08l3728,Labour Charge From G K Diesel CG08L3728,1,1,2480.0,1.0334699720925682e-07,0.9998985640596231,C
labour charge from g k diesel cg08l0726,Labour Charge From G K Diesel CG08L0726,1,1,2480.0,1.0334699720925682e-07,0.9998986674066203,C
relay 0 9 1 5 mn2,Relay  - 0.9-1.5 Mn2,1,1,2480.0,1.0334699720925682e-07,0.9998987707536174,C
labour charge from gk diesel cg08l1404,Labour Charge From GK Diesel CG08L1404,1,1,2480.0,1.0334699720925682e-07,0.9998988741006146,C
labour charge from g k diesel cg08l0874,Labour Charge From G K Diesel CG08L0874,1,1,2480.0,1.0334699720925682e-07,0.9998989774476118,C
labour charge from g k diesel cg08l2669,Labour Charge From G K Diesel CG08L2669,1,1,2480.0,1.0334699720925682e-07,0.999899080794609,C
labour charge from g k diesel cg08y4258,Labour Charge From G K Diesel CG08Y4258,1,1,2480.0,1.0334699720925682e-07,0.9998991841416062,C
nylon hammer,Nylon Hammer,1,1,2480.0,1.0334699720925682e-07,0.9998992874886033,C
labour charge from g k diesel cg08l0742,Labour Charge From G K Diesel CG08L0742,1,1,2480.0,1.0334699720925682e-07,0.9998993908356005,C
labour charge from g k diesel cg19f0170,Labour Charge From G K Diesel CG19F0170,1,1,2480.0,1.0334699720925682e-07,0.9998994941825977,C
fip injector repair kamal diesel l0812,FIP & Injector Repair Kamal Diesel L0812,1,1,2478.82,1.0329782404122984e-07,0.9998995974804218,C
4251212m92 tie rod w end assy massy 1035,4251212M92 Tie Rod W/End Assy Massy 1035,1,1,2478.0,1.0326365285666871e-07,0.9998997007440746,C
petri dish 100x20 mm,Petri Dish 100x20 mm,1,1,2475.0,1.0313863632778655e-07,0.9998998038827109,C
ceramic blanket,Ceramic Blanket,1,1,2475.0,1.0313863632778655e-07,0.9998999070213472,C
dispovan syringe 20ml dairy,Dispovan Syringe 20Ml (Dairy),2,2,2475.0,1.0313863632778655e-07,0.9999000101599835,C
labour charge from gk diesel cg08l1677,Labour Charge From GK Diesel CG08L1677,1,1,2474.0,1.0309696415149249e-07,0.9999001132569477,C
bearing ta 2230,Bearing TA 2230,1,1,2472.0,1.0301361979890438e-07,0.9999002162705675,C
labour charges of car rep work aa 2153,Labour Charges Of Car Rep. Work AA 2153,1,1,2467.0,1.0280525891743411e-07,0.9999003190758264,C
f7b01200 air filter ele secondry al 1616,F7B01200 Air Filter Ele.Secondry AL 1616,1,1,2464.0,1.0268024238855194e-07,0.9999004217560689,C
troggle switch,Troggle Switch,1,1,2462.0,1.0259689803596383e-07,0.999900524352967,C
f002g90210 transister regulator,F002G90210 Transister Regulator,1,1,2460.9,1.0255105864204037e-07,0.9999006269040256,C
air filter af258773815928,Air Filter (AF258773815928),1,1,2457.66,1.0241604079084763e-07,0.9999007293200664,C
taski dry mop blue refill,Taski Dry Mop Blue Refill,1,1,2455.0,1.0230519280190545e-07,0.9999008316252591,C
refilling for m foam type 9 ltr,Refilling for M/Foam Type 9 Ltr.,2,2,2450.0,1.0209683192043517e-07,0.999900933722091,C
rubber washer 12mm,Rubber Washer - 12Mm,1,1,2450.0,1.0209683192043517e-07,0.9999010358189229,C
airt line tee 8 mm,Airt Line Tee - 8  mm,2,2,2450.0,1.0209683192043517e-07,0.9999011379157547,C
thrust bearing 51109,Thrust Bearing 51109,1,1,2448.0,1.0201348756784706e-07,0.9999012399292423,C
upvc elbow 1 5,"Upvc Elbow 1.5""",2,2,2441.44,1.0174011809135806e-07,0.9999013416693604,C
cable rg 6,Cable - RG 6,1,1,2440.0,1.0168011015749462e-07,0.9999014433494705,C
oil seal joint radial 11368 334273,Oil Seal Joint Radial 11368 (334273),1,1,2432.0,1.0134673274714217e-07,0.9999015446962033,C
head 100 dia ts 05 07 10 ts nh series,HEAD 100 DIA TS 05/07/10-TS (NH) SERIES,1,1,2431.0,1.0130506057084813e-07,0.9999016460012639,C
cash payment voucher,Cash Payment Voucher,3,3,2429.2599999999998,1.0123255098409646e-07,0.9999017472338149,C
labour charge from city wheels ae7167,Labour Charge From City Wheels AE7167,1,1,2428.57,1.0120379718245357e-07,0.9999018484376121,C
m 18 27 no hub nut 407 909,M 18 27 NO. Hub Nut 407/909,1,1,2420.0,1.0084666663161351e-07,0.9999019492842788,C
ra f024n diesel pipe 19 no 24,"RA F024N Diesel Pipe 19 NO. 24""",1,1,2420.0,1.0084666663161351e-07,0.9999020501309455,C
ms round bar 18 mm,Ms Round bar 18 MM,1,1,2415.7,1.0066747627354907e-07,0.9999021507984217,C
bearing 6011,BEARING 6011,1,1,2406.0,1.0026325616349674e-07,0.9999022510616778,C
nozzle shaft o ring 50 x 3 wire dia,Nozzle Shaft O Ring 50 X 3 Wire Dia,1,1,2400.0,1.0001322310573241e-07,0.999902351074901,C
output od 48 l 165,OUTPUT OD-48 L-165,1,1,2400.0,1.0001322310573241e-07,0.9999024510881241,C
50 nb cs sorf flange class 150,50 NB CS SORF Flange ( Class - 150 ),1,1,2400.0,1.0001322310573241e-07,0.9999025511013473,C
labour charges of car rep work r 2540,Labour Charges Of Car Rep. Work R 2540,2,2,2400.0,1.0001322310573241e-07,0.9999026511145704,C
vga cable 15 mtr,VGA Cable 15 mtr.,2,2,2400.0,1.0001322310573241e-07,0.9999027511277936,C
labour charge from jaika automob la 0892,Labour Charge From Jaika Automob.LA-0892,1,1,2400.0,1.0001322310573241e-07,0.9999028511410167,C
hyd jack repair work bharat elect p 0561,Hyd.Jack Repair Work bharat Elect.P-0561,1,1,2400.0,1.0001322310573241e-07,0.9999029511542399,C
welding rod 6013 ador,Welding Rod 6013 (Ador),1,1,2400.0,1.0001322310573241e-07,0.999903051167463,C
upvc pipe 1 2,Upvc Pipe 1/2'',1,1,2400.0,1.0001322310573241e-07,0.9999031511806862,C
white board,White Board,2,2,2400.0,1.0001322310573241e-07,0.9999032511939093,C
the z elevator bucket plastic,The Z Elevator Bucket - Plastic,1,1,2400.0,1.0001322310573241e-07,0.9999033512071325,C
chiesel for hammer m c,Chiesel for Hammer M/c,1,1,2400.0,1.0001322310573241e-07,0.9999034512203556,C
mx08pb profibus dp v1 gateway,MX08PB Profibus DP V1  gateway,3,1,2400.0,1.0001322310573241e-07,0.9999035512335788,C
ele flaxible pipe 3 4 pvc,Ele. Flaxible Pipe - 3/4'' Pvc,2,2,2399.8,1.000048886704736e-07,0.9999036512384675,C
eng oil filter change city whee af6009,Eng.Oil & Filter Change City Whee.AF6009,1,1,2390.41,9.961358693507242e-08,0.9999037508520544,C
252720120182 assy thermostat 909 bsiii,252720120182 Assy Thermostat 909 BSIII,1,1,2388.24,9.952315831251432e-08,0.9999038503752127,C
screw spanner 12,"Screw Spanner 12""",1,1,2385.0,9.938814046132159e-08,0.9999039497633532,C
assy cam shaft 407 909,Assy Cam Shaft -407 & 909,1,1,2382.82,9.929729511700055e-08,0.9999040490606483,C
maxtreat 3226,Maxtreat 3226,1,1,2380.0,9.91797795798513e-08,0.999904148240428,C
search light,Search Light,1,1,2380.0,9.91797795798513e-08,0.9999042474202076,C
labour charge from city wheels ae 7166,Labour Charge From City Wheels AE-7166,1,1,2375.05,9.897350230719575e-08,0.9999043463937098,C
labour charge from city wheels ds 2792,Labour Charge From City Wheels DS-2792,1,1,2375.05,9.897350230719575e-08,0.9999044453672121,C
gas cutting nozel 3 64,Gas Cutting Nozel 3/64,1,1,2375.0,9.897141869838103e-08,0.9999045443386309,C
drill bit 3 16,Drill Bit 3/16,2,2,2367.16,9.864470883623564e-08,0.9999046429833397,C
278607989965 fuel filter tata lpt 2518,278607989965 Fuel Filter Tata LPT 2518,1,1,2366.1,9.860053632936394e-08,0.999904741583876,C
807012ve0a w regulator assy lh alpartner,807012VE0A W/Regulator Assy LH ALPartner,1,1,2365.6,9.857970024121691e-08,0.9999048401635763,C
279005110101 tensioner timing belt ace,279005110101 Tensioner Timing Belt  ACE,2,2,2364.84,9.854802938723344e-08,0.9999049387116057,C
modular shocket 6 amp,Modular Shocket - 6 Amp,1,1,2364.3,9.852552641203466e-08,0.9999050372371321,C
copper lugz pin 16 mm,Copper Lugz Pin 16 Mm,1,1,2358.0,9.826299170138209e-08,0.9999051355001238,C
rotary barrel pump v25 3r spl f,Rotary Barrel Pump - V25/3R/SPL/F,1,1,2354.0,9.809630299620587e-08,0.9999052335964268,C
free flow salt iafi,Free flow salt (IAFI),1,1,2350.0,9.792961429102965e-08,0.9999053315260411,C
casting for motor cover,Casting for motor cover,1,1,2349.9,9.792544707340025e-08,0.9999054294514882,C
hoister dimension m 2 2 0 6 2 5,Hoister - Dimension(m): 2.2×0.6×2.5,2,1,2344.64,9.770625142609352e-08,0.9999055271577396,C
ac condensor coil,AC Condensor Coil,1,1,2344.0,9.767958123326532e-08,0.9999056248373208,C
ss pipe 1 2,"Ss Pipe 1/2""",1,1,2340.0,9.75128925280891e-08,0.9999057223502134,C
front kamani bush 1210 1109,Front Kamani Bush 1210 /1109,1,1,2340.0,9.75128925280891e-08,0.9999058198631059,C
frt clamp 4,"Frt Clamp 4""",2,2,2340.0,9.75128925280891e-08,0.9999059173759984,C
bearing 34308 34478 diff al 1012,Bearing 34308/34478 (Diff.) AL 1012,1,1,2339.0,9.747122035179505e-08,0.9999060148472187,C
113202va0a assy rear eng mtg al dost,113202VA0A Assy Rear Eng. MTG AL Dost,1,1,2337.52,9.740954553087985e-08,0.9999061122567643,C
clutch disc plate 310 dai 1109 bs ii,Clutch Disc Plate 310 Dai 1109 BS-II,1,1,2336.0,9.734620382291288e-08,0.9999062096029682,C
soya bean bari,Soya Bean Bari,5,5,2334.5,9.72836955584718e-08,0.9999063068866637,C
cyl head gasket 407,Cyl. Head Gasket 407,1,1,2332.8,9.721285285877191e-08,0.9999064040995166,C
auxilary contactor 3 th 3031 0a,AUXILARY CONTACTOR 3-TH-3031-0A,1,1,2330.0,9.709617076514856e-08,0.9999065011956874,C
en 9 round bar,En 9 Round Bar,1,1,2326.5,9.695031814811936e-08,0.9999065981460055,C
frt kamani frt hanger 608 709,Frt Kamani Frt Hanger 608/709,2,2,2326.12,9.693448272112762e-08,0.9999066950804882,C
praxis dry yeast,Praxis Dry Yeast,1,1,2321.4,9.673779004901968e-08,0.9999067918182782,C
tube fitting stud 6mm x 1 2,"Tube Fitting Stud - 6mm X 1/2""",1,1,2320.0,9.6679449002208e-08,0.9999068884977272,C
chromostat 10ml,Chromostat 10Ml,2,2,2316.8599999999997,9.654859836864466e-08,0.9999069850463256,C
measuring cylinder 500 ml,Measuring Cylinder 500 ML,1,1,2310.0,9.626272723926745e-08,0.9999070813090528,C
wire cutter,Wire Cutter,1,1,2310.0,9.626272723926745e-08,0.99990717757178,C
oil seal 40x62x7 metalic,Oil Seal 40X62X7 (Metalic),1,1,2310.0,9.626272723926745e-08,0.9999072738345073,C
gunny bags damage pp 0 3kg,Gunny-Bags Damage-Pp-0.3Kg,6013,6013,2307.76,9.616938156436877e-08,0.9999073700038889,C
ht bolt 10x75,Ht Bolt 10X75,1,1,2307.0,9.613771071038528e-08,0.9999074661415995,C
low pickup repair work jaika auto la0892,Low Pickup Repair Work Jaika Auto LA0892,2,1,2302.78,9.596185412642437e-08,0.9999075621034537,C
door closer,Door Closer,2,2,2300.0,9.58460054763269e-08,0.9999076579494591,C
water spray pump,Water Spray Pump,1,1,2300.0,9.58460054763269e-08,0.9999077537954646,C
daily attendance book,Daily Attendance Book,1,1,2300.0,9.58460054763269e-08,0.9999078496414701,C
v belt a 89,V-BELT A-89,1,1,2300.0,9.58460054763269e-08,0.9999079454874755,C
pu tube 6x4 mm,Pu Tube 6X4 Mm,1,1,2300.0,9.58460054763269e-08,0.999908041333481,C
ss bolt 6x40 mm,Ss Bolt 6X40 Mm,1,1,2300.0,9.58460054763269e-08,0.9999081371794865,C
stud elbow male bspt 6mm x 1 8,"Stud Elbow Male BSPT 6mm X 1/8""",1,1,2300.0,9.58460054763269e-08,0.9999082330254919,C
foster brass nipple male,Foster Brass Nipple Male,1,1,2300.0,9.58460054763269e-08,0.9999083288714974,C
217102va0a assy aus tank complt al dost,217102VA0A Assy Aus Tank Complt.AL DOST,1,1,2296.88,9.571598828628945e-08,0.9999084245874856,C
0108fn0970d rr arch fender lh pvc bolero,0108FN0970D RR Arch Fender Lh PVC Bolero,1,1,2296.0,9.567931677115068e-08,0.9999085202668024,C
0108fn0960d rr arch fender rh pvc bolero,0108FN0960D RR Arch Fender Rh PVC Bolero,1,1,2296.0,9.567931677115068e-08,0.9999086159461192,C
repair main work from karan s 1770,Repair & Main Work From Karan S 1770,1,1,2291.64,9.549762608250859e-08,0.9999087114437453,C
26252761 drive bendex assy 10t m tractor,26252761 Drive Bendex Assy 10T M-Tractor,1,1,2289.6,9.541261484286872e-08,0.9999088068563601,C
curtain socket,Curtain Socket,4,3,2288.0,9.534593936079824e-08,0.9999089022022994,C
stabilizer 1 kva,Stabilizer 1 KVA,2,2,2288.0,9.534593936079824e-08,0.9999089975482388,C
16 pin 16a female insert pt1643,16 Pin 16A Female Insert (PT1643),1,1,2280.0,9.50125619504458e-08,0.9999090925608007,C
282129100101clutch booster 90dai 909 bs4,282129100101Clutch Booster 90Dai 909 BS4,1,1,2277.34,9.490171396150362e-08,0.9999091874625147,C
0116cn0020n wiper water tank m bolero,0116CN0020N Wiper Water Tank M-Bolero,1,1,2268.0,9.451249583491714e-08,0.9999092819750105,C
265125400113 assy pr plate 240 d,265125400113 Assy Pr Plate 240 D,1,1,2264.84,9.438081175782792e-08,0.9999093763558222,C
bearing 629 zz,Bearing - 629 Zz,1,1,2260.0,9.41791184245647e-08,0.9999094705349406,C
pvc male 3 4,"Pvc Male 3/4""",2,2,2260.0,9.41791184245647e-08,0.999909564714059,C
multimeter m21c with magnet,"MULTIMETER, M21C WITH MAGNET",1,1,2260.0,9.41791184245647e-08,0.9999096588931774,C
ra f021n diesel pipe 19 no 21,"RA F021N Diesel Pipe 19 NO. 21""",1,1,2260.0,9.41791184245647e-08,0.9999097530722958,C
baby corn,Baby Corn,1,1,2256.0,9.401242971938847e-08,0.9999098470847255,C
envelope 9 x4 abis export i pvt ltd,"Envelope 9""X4"" - Abis Export(I) Pvt. Ltd",1,1,2250.0,9.376239666162414e-08,0.9999099408471221,C
ignitor mh hpsv,Ignitor MH / HPSV,1,1,2250.0,9.376239666162414e-08,0.9999100346095188,C
mixing bowl,Mixing Bowl,1,1,2250.0,9.376239666162414e-08,0.9999101283719154,C
hyflex hand gloves,Hyflex Hand Gloves,1,1,2250.0,9.376239666162414e-08,0.999910222134312,C
ss ball valve 1 4,"SS Ball Valve 1/4""",1,1,2250.0,9.376239666162414e-08,0.9999103158967086,C
ria vial tube,Ria Vial Tube,1,1,2250.0,9.376239666162414e-08,0.9999104096591053,C
ss nut 12 mm,Ss Nut 12 Mm,2,2,2249.0,9.372072448533008e-08,0.9999105033798298,C
165462va1a air filter al dost,165462VA1A Air Filter AL DOST,1,1,2247.44,9.365571589031135e-08,0.9999105970355456,C
279001107802 oil seal crankshaft rr ace,279001107802 Oil Seal Crankshaft RR Ace,1,1,2245.8,9.358737352118912e-08,0.9999106906229192,C
therma col sheet 1 5,"Therma Col Sheet - 1.5""",2,2,2240.0,9.334567489868359e-08,0.999910783968594,C
labour charges of car rep work aa 3101,Labour Charges Of Car Rep. Work AA 3101,1,1,2240.0,9.334567489868359e-08,0.9999108773142689,C
white compound chocolate,White Compound Chocolate,1,1,2237.3,9.323316002268964e-08,0.9999109705474288,C
mojito lime mint syrup 1 ltr,Mojito Lime  & Mint Syrup 1 Ltr,2,2,2235.5,9.315815010536033e-08,0.9999110637055789,C
hyd strg cyl repair sundeep enter p0488,Hyd.Strg.Cyl.Repair Sundeep Enter.P0488,1,1,2235.0,9.313731401721331e-08,0.9999111568428929,C
screw driver 905,Screw Driver 905,3,3,2233.0,9.30539696646252e-08,0.9999112498968625,C
540a02va0j pivot seat frt suspention ald,540A02VA0J Pivot Seat FRT Suspention ALD,1,1,2230.48,9.294895578036418e-08,0.9999113428458183,C
x7437600 fuel tank cap al 1309,X7437600 Fuel Tank Cap AL 1309,2,2,2226.56,9.278560084929148e-08,0.9999114356314192,C
19 b 1 011 door lock clutcher lh hydra,19-B-1-011 Door (Lock) Clutcher LH Hydra,1,1,2226.0,9.276226443056682e-08,0.9999115283936836,C
26214242 rotter assy,26214242 Rotter Assy.,1,1,2226.0,9.276226443056682e-08,0.999911621155948,C
soap lifebuoy,Soap - Lifebuoy,2,2,2225.66,9.274809589062683e-08,0.9999117139040439,C
end join pump end car washer,End Join Pump End (Car Washer),1,1,2224.5,9.269975616612573e-08,0.9999118066038001,C
non sparking ring spanner 12 x 13,Non sparking Ring Spanner- 12 x 13,1,1,2223.0,9.263724790168464e-08,0.999911899241048,C
electric tape green,Electric Tape - Green,2,2,2222.5,9.261641181353762e-08,0.9999119918574597,C
welding helmat,Welding Helmat,2,2,2220.0,9.251223137280249e-08,0.999912084369691,C
lock washer i e star washer,Lock Washer (I.E. Star Washer),1,1,2220.0,9.251223137280249e-08,0.9999121768819224,C
repair main work from sparsh aa 0795,Repair & Main Work From Sparsh AA 0795,2,1,2219.68,9.249889627638838e-08,0.9999122693808187,C
beeb cock,Beeb Cock,2,2,2219.16,9.247722674471547e-08,0.9999123618580454,C
pneumatic air cylender a130501600,Pneumatic Air Cylender - A130501600,1,1,2219.0,9.247055919650842e-08,0.9999124543286046,C
alluminium lugz ring 25 mm,Alluminium Lugz Ring 25 Mm,4,4,2218.4,9.244555589073199e-08,0.9999125467741605,C
152092vb0a element oil filter al partner,152092VB0A Element Oil Filter AL Partner,1,1,2216.94,9.238471451334267e-08,0.9999126391588751,C
pickle aachar,Pickle (Aachar),2,2,2214.32,9.227553341145226e-08,0.9999127314344085,C
repair main work from karan s 1769,Repair & Main Work From Karan S 1769,1,1,2210.29,9.21075945409872e-08,0.9999128235420031,C
oil seal 25x40x7,Oil Seal 25X40X7,3,3,2208.0,9.201216525727382e-08,0.9999129155541683,C
ring spanner 20x22,Ring Spanner 20X22,1,1,2205.0,9.188714872839165e-08,0.9999130074413171,C
strip file,Strip File,2,2,2204.0,9.18454765520976e-08,0.9999130992867936,C
9451037456 lube oil filter insert,9451037456 Lube Oil Filter Insert,1,1,2203.4,9.182047324632117e-08,0.9999131911072668,C
ups 0 5 kva,UPS 0.5 KVA,1,1,2203.38,9.181963980279529e-08,0.9999132829269066,C
repair main work from jain r 4916,Repair & Main Work From Jain R 4916,1,1,2201.67,9.174838038133246e-08,0.999913374675287,C
labour charge from g k diesel cg08l1536,Labour Charge From G K Diesel CG08L1536,1,1,2200.0,9.167878784692138e-08,0.9999134663540749,C
coupler shaft repair bharat elec e t0365,Coupler Shaft Repair Bharat Elec.E.T0365,1,1,2200.0,9.167878784692138e-08,0.9999135580328627,C
550 41004 sleeve cyl seal kit jcb,550/41004 Sleeve Cyl. Seal Kit Jcb,1,1,2200.0,9.167878784692138e-08,0.9999136497116506,C
acid,Acid,1,1,2200.0,9.167878784692138e-08,0.9999137413904385,C
labour charge from g k diesel cg08l3695,Labour Charge From G K Diesel CG08L3695,1,1,2200.0,9.167878784692138e-08,0.9999138330692264,C
11 kv do fuse set 200 amp,11 Kv DO Fuse Set - 200 Amp,1,1,2200.0,9.167878784692138e-08,0.9999139247480143,C
labour charge from g k diesel cg08l0725,Labour Charge From G K Diesel CG08L0725,1,1,2200.0,9.167878784692138e-08,0.9999140164268022,C
clutch patti set 1109 1312,Clutch Patti Set 1109/1312,1,1,2190.0,9.126206608398083e-08,0.9999141076888683,C
f1624411 synchro ring 1 2 thin al 1012,F1624411 Synchro Ring 1/2 Thin AL 1012,1,1,2190.0,9.126206608398083e-08,0.9999141989509345,C
ms short bend 6,"Ms Short Bend 6""",1,1,2190.0,9.126206608398083e-08,0.9999142902130006,C
alluminium lugz ring 50 mm,Alluminium Lugz Ring 50 Mm,2,2,2189.0,9.122039390768677e-08,0.9999143814333945,C
tea cup china,Tea Cup (China),2,2,2185.92,9.109204360470109e-08,0.9999144725254381,C
barcode scanner,Barcode Scanner,1,1,2182.2,9.093702310888719e-08,0.9999145634624612,C
repair main work from jain k 0396,Repair & Main Work From Jain K 0396,2,2,2178.36,9.077700195191803e-08,0.9999146542394631,C
labour charges of car rep work k 0290,Labour Charges Of Car Rep. Work K 0290,1,1,2178.0,9.076199996845217e-08,0.999914745001463,C
hdpe bucket tdgk 50 32 dq3216,HDPE BUCKET TDGK 50/32 DQ3216,1,1,2178.0,9.076199996845217e-08,0.999914835763463,C
cpvc elbow 2,"Cpvc Elbow - 2""",1,1,2172.27,9.052321839828723e-08,0.9999149262866813,C
450 10206 gear planet jcb,450/10206 Gear Planet JCB,1,1,2168.64,9.03719483983398e-08,0.9999150166586297,C
26245621 drive assy bendex m bolero,26245621 Drive Assy (Bendex) M-Bolero,1,1,2168.0,9.034527820551162e-08,0.999915107003908,C
29666296 c s c assy 1210,29666296 C.S.C. Assy 1210,1,1,2166.0,9.02619338529235e-08,0.9999151972658418,C
rivits 10 12,Rivits 10/12,1,1,2162.4,9.011191401826491e-08,0.9999152873777558,C
rear clamp 8 1 2,"Rear Clamp 8 1/2""",1,1,2160.0,9.001190079515917e-08,0.9999153773896566,C
16 pin 16a male insert only pt1645,16 Pin 16A Male Insert Only (PT1645),1,1,2160.0,9.001190079515917e-08,0.9999154674015575,C
steel scale 36,"Steel Scale 36""",1,1,2160.0,9.001190079515917e-08,0.9999155574134583,C
sambhar masala,Sambhar Masala,2,2,2152.4,8.969519225532436e-08,0.9999156471086506,C
ht bolt 6 x 19,HT BOLT 6 X 19,1,1,2150.0,8.959517903221862e-08,0.9999157367038296,C
cent brg system repair baster mot l 3589,Cent.Brg.System Repair Baster Mot.L-3589,1,1,2150.0,8.959517903221862e-08,0.9999158262990087,C
fit spanner 24x27,Fit Spanner 24X27,1,1,2150.0,8.959517903221862e-08,0.9999159158941877,C
ahu filter nylon 292x292x50mm,AHU Filter (Nylon) 292X292X50MM,1,1,2150.0,8.959517903221862e-08,0.9999160054893668,C
40 303284 suction hose jcb,40/303284 Suction Hose Jcb,1,1,2150.0,8.959517903221862e-08,0.9999160950845458,C
eng lath work from saggu eng cg08l0813,Eng.Lath Work From Saggu Eng.CG08L0813,1,1,2150.0,8.959517903221862e-08,0.9999161846797249,C
home made garam masala,Home Made Garam Masala,3,3,2142.8999999999996,8.929930658053081e-08,0.9999162739790315,C
bearing 88507,BEARING 88507,1,1,2142.0,8.926180162186618e-08,0.9999163632408331,C
marker pen highlighter,Marker Pen - Highlighter,1,1,2142.0,8.926180162186618e-08,0.9999164525026347,C
coupling spanpak 8 cdd 5 ltr,COUPLING (SPANPAK-8*CDD 5 LTR),1,1,2134.0,8.892842421151374e-08,0.9999165414310589,C
dispovan syringe 5ml,Dispovan Syringe 5Ml,1,1,2130.0,8.876173550633752e-08,0.9999166301927944,C
middle screw blade 2500mm d185 d60,Middle Screw Blade 2500mm - D185*D60,1,1,2130.0,8.876173550633752e-08,0.9999167189545299,C
ring spanner 10x11,Ring Spanner 10X11,1,1,2130.0,8.876173550633752e-08,0.9999168077162655,C
cutting wheel ag 7,"Cutting Wheel Ag- 7""",1,1,2125.0,8.855337462486724e-08,0.9999168962696401,C
ss bolt 8x50,Ss Bolt 8X50,1,1,2125.0,8.855337462486724e-08,0.9999169848230147,C
maggi noodles,Maggi Noodles,5,5,2121.36,8.840168790315689e-08,0.9999170732247026,C
tamarind imalee,Tamarind (Imalee),3,3,2121.0,8.838668591969101e-08,0.9999171616113885,C
ap 4215 combination switch 1210 jcb,AP-4215 Combination Switch 1210/JCB,1,1,2120.0,8.834501374339697e-08,0.9999172499564023,C
tubelar spanner 12x13,Tubelar Spanner 12X13,2,2,2120.0,8.834501374339697e-08,0.999917338301416,C
l folder file,L Folder File,1,1,2120.0,8.834501374339697e-08,0.9999174266464298,C
dolly paper,Dolly Paper,1,1,2119.5,8.832417765524994e-08,0.9999175149706074,C
tractor hood,Tractor Hood,1,1,2118.64,8.828833958363704e-08,0.9999176032589471,C
552354400115 assy head light rh ace mega,552354400115 Assy Head Light RH Ace Mega,1,1,2118.64,8.828833958363704e-08,0.9999176915472867,C
430a32ve1j rr hub bolt 27 no al partner,430A32VE1J RR Hub Bolt 27 No.AL Partner,1,1,2115.6,8.816165616770312e-08,0.9999177797089429,C
503802ve0a rr kamani frt hanger partner,503802VE0A RR Kamani Frt Hanger Partner,1,1,2110.94,8.796746382617282e-08,0.9999178676764068,C
hand gloves,Hand Gloves,2,2,2110.0,8.792829198045641e-08,0.9999179556046988,C
repairing service charges,Repairing & Service Charges,2,2,2105.9300000000003,8.775868622293963e-08,0.999918043363385,C
fan belt 8pk 1422 tata cummins 2515 3118,Fan Belt 8PK 1422 Tata Cummins 2515/3118,1,1,2103.5,8.765742283454506e-08,0.9999181310208078,C
272425400164assy pr plate190dia ace mega,272425400164Assy Pr.Plate190Dia.Ace Mega,1,1,2103.24,8.764658806870859e-08,0.9999182186673959,C
tube light rod t 5 14w 2700 k,Tube Light Rod T-5 14W - 2700 K,2,2,2100.0,8.751157021751586e-08,0.9999183061789662,C
raer clamp 7 1 2,Raer Clamp 7 1/2,1,1,2100.0,8.751157021751586e-08,0.9999183936905364,C
drill bit 2mm,Drill Bit 2Mm,1,1,2100.0,8.751157021751586e-08,0.9999184812021066,C
front rear kamani bush tata ace,Front /Rear Kamani Bush Tata Ace,1,1,2100.0,8.751157021751586e-08,0.9999185687136768,C
assy stearing worm w rod tough rider,Assy Stearing Worm W/ROD Tough Rider,1,1,2100.0,8.751157021751586e-08,0.999918656225247,C
diesel lekage work kamal diesel b 1259,Diesel Lekage Work Kamal Diesel B-1259,1,1,2100.0,8.751157021751586e-08,0.9999187437368172,C
diesel lekage work from kamal die b 1124,Diesel Lekage Work From Kamal Die.B-1124,1,1,2100.0,8.751157021751586e-08,0.9999188312483874,C
ceiling mount bracket,Ceiling Mount Bracket,2,2,2100.0,8.751157021751586e-08,0.9999189187599576,C
turbo repair work from new mmg cg19f0170,Turbo Repair Work From New MMG CG19F0170,1,1,2100.0,8.751157021751586e-08,0.9999190062715279,C
stud elbow male bspt 4mm x 1 4,"Stud Elbow Male BSPT 4mm X 1/4""",1,1,2100.0,8.751157021751586e-08,0.9999190937830981,C
contact element nc s2,Contact Element NC - S2,2,2,2100.0,8.751157021751586e-08,0.9999191812946683,C
cst conector 25 amp,Cst Conector 25 Amp,1,1,2100.0,8.751157021751586e-08,0.9999192688062385,C
turbo repair work from new mmg cg08l1458,Turbo Repair Work From New MMG CG08L1458,1,1,2100.0,8.751157021751586e-08,0.9999193563178087,C
odonil,Odonil,1,1,2100.0,8.751157021751586e-08,0.9999194438293789,C
power cable 15 mtr,Power Cable 15 mtr.,2,2,2100.0,8.751157021751586e-08,0.9999195313409491,C
front rear hub 5 hole mixer machine,Front/Rear Hub 5 Hole Mixer Machine,1,1,2100.0,8.751157021751586e-08,0.9999196188525193,C
bush change work from kamal b 0117,Bush Change Work From Kamal B 0117,1,1,2100.0,8.751157021751586e-08,0.9999197063640896,C
29066716 c s c assy swaraj mazda bus,29066716 C S C Assy Swaraj Mazda Bus,2,2,2096.05,8.734696512115435e-08,0.9999197937110547,C
oil sprayer dimension m 1 1 0 5 1 4,Oil sprayer - Dimension(m):1.1×0.5×1.4,1,1,2093.43,8.723778401926391e-08,0.9999198809488387,C
tata sky new connection recharge,TATA SKY NEW CONNECTION & RECHARGE,1,1,2093.22,8.722903286224216e-08,0.9999199681778715,C
tip box t 524051,Tip Box (T-524051),2,2,2090.0,8.709484845457531e-08,0.99992005527272,C
indicatro flasher 3 pin,Indicatro Flasher ( 3 Pin),1,1,2088.0,8.70115041019872e-08,0.9999201422842241,C
repair main work from sparsh k 0397,Repair & Main Work From Sparsh K 0397,2,1,2085.34,8.690065611304502e-08,0.9999202291848802,C
264154209973 speedo meter w 1 0 78 t 909,264154209973 Speedo Meter W-1:0.78 T-909,1,1,2083.59,8.682772980453042e-08,0.99992031601261,C
non sparking fit spanner 12 x 13,Non sparking Fit Spanner- 12 x 13,1,1,2083.0,8.680314322051692e-08,0.9999204028157532,C
bulb 67 no,Bulb 67 No,3,3,2080.0,8.667812669163476e-08,0.9999204894938799,C
urad mogar,Urad Mogar,2,2,2080.0,8.667812669163476e-08,0.9999205761720066,C
5500 65g speedo meter 1 0 76 sqr 709 bs3,5500-65G Speedo Meter 1:0.76 SQR 709 BS3,1,1,2074.0,8.642809363387043e-08,0.9999206626001003,C
seal 05201,SEAL ( 05201 ),1,1,2070.0,8.62614049286942e-08,0.9999207488615052,C
v belt spa 1932,V Belt Spa  1932,1,1,2064.0,8.601137187092988e-08,0.9999208348728771,C
celery leaf ajawain,Celery Leaf ( Ajawain),11,10,2060.0,8.584468316575365e-08,0.9999209207175602,C
water tank lid,Water Tank Lid,2,1,2058.8,8.579467655420079e-08,0.9999210065122368,C
v belt b 2000,V BELT - B 2000,1,1,2056.0,8.567799446057743e-08,0.9999210921902313,C
v belt spax 1250,V Belt - SPAX 1250,1,1,2055.0,8.563632228428338e-08,0.9999211778265535,C
eng oil filter change city whee ad9142,Eng.Oil & Filter Change City Whee AD9142,1,1,2052.62,8.553714250470353e-08,0.999921263363696,C
eng oil filter change city whee ad9109,Eng.Oil & Filter Change City Whee.AD9109,1,1,2052.62,8.553714250470353e-08,0.9999213489008385,C
eng oil filter change city whee af6010,Eng.Oil & Filter Change City Whee AF6010,1,1,2052.62,8.553714250470353e-08,0.999921434437981,C
armature for pipe cutter,Armature for Pipe Cutter,1,1,2051.0,8.546963357910716e-08,0.9999215199076146,C
dip cups non returnable,Dip Cups Non Returnable,1,1,2050.0,8.54279614028131e-08,0.999921605335576,C
allenkey spanner mm,Allenkey Spanner Mm,1,1,2050.0,8.54279614028131e-08,0.9999216907635373,C
strg gear box repair new mmg cg08l1364,Strg.Gear Box Repair New MMG CG08L1364,1,1,2050.0,8.54279614028131e-08,0.9999217761914987,C
jack repair work bakal workshop,Jack Repair Work Bakal Workshop,1,1,2050.0,8.54279614028131e-08,0.9999218616194601,C
pvc t 3,"Pvc T 3""",1,1,2049.0,8.538628922651905e-08,0.9999219470057493,C
mop refill,Mop Refill,2,2,2046.0,8.526127269763688e-08,0.999922032267022,C
ball cock assembly set,Ball Cock Assembly Set,2,2,2044.2,8.518626278030759e-08,0.9999221174532849,C
278054209905l speedo cable 3600 mm,278054209905L_Speedo Cable 3600 Mm,1,1,2044.08,8.51812621191523e-08,0.999922202634547,C
thums up bottle 2 ltr,Thums Up Bottle 2 Ltr,4,4,2042.84,8.512958862054766e-08,0.9999222877641356,C
hammer mill sieve plate 5mm sfsp132x102g,Hammer Mill Sieve Plate 5mm-SFSP132X102G,2,1,2040.25,8.502165768394606e-08,0.9999223727857933,C
b9708223 water pump assy al dost,B9708223 Water Pump Assy AL Dost,1,1,2039.06,8.497206779415614e-08,0.9999224577578611,C
everyday creamer 3gm,Everyday Creamer 3GM,2,2,2034.25,8.477162462618173e-08,0.9999225425294858,C
door mate,Door Mate,1,1,2034.0,8.476120658210822e-08,0.9999226272906924,C
steplar machine small 10 no,Steplar Machine Small 10 No,1,1,2034.0,8.476120658210822e-08,0.999922712051899,C
wind shield glass m bolero,Wind Shield Glass M-Bolero,1,1,2033.9,8.475703936447882e-08,0.9999227968089384,C
mini display port 2 vga converter,Mini Display Port 2 VGA Converter,1,1,2033.9,8.475703936447882e-08,0.9999228815659778,C
007822 sony mdr wi c300 black,007822 - Sony MDR WI-C300 (Black),1,1,2033.89,8.475662264271588e-08,0.9999229663226004,C
sandisk 64gb ixpand mini,Sandisk 64GB IXPAND MINI,1,1,2033.89,8.475662264271588e-08,0.999923051079223,C
402272ve0a front hub oil seal al partner,402272VE0A Front Hub Oil Seal AL Partner,1,1,2033.8,8.47528721468494e-08,0.9999231358320951,C
zus car finder usb car charger,ZUS Car Finder & USB Car Charger,1,1,2033.36,8.473453638928002e-08,0.9999232205666315,C
252709140258air filter primary ultra bus,252709140258Air Filter Primary Ultra Bus,1,1,2028.81,8.454492798714208e-08,0.9999233051115595,C
warning tringle,Warning Tringle,1,1,2028.0,8.451117352434389e-08,0.999923389622733,C
bearing 30205 j 2 q,Bearing  30205 J 2/Q,1,1,2028.0,8.451117352434389e-08,0.9999234741339065,C
b5421522 s a w shield upper panel al1012,B5421522 S/A W/Shield Upper Panel AL1012,1,1,2018.0,8.409445176140334e-08,0.9999235582283582,C
labour charges of car rep work ad 7026,Labour Charges Of Car Rep. Work AD 7026,2,2,2017.0,8.405277958510929e-08,0.9999236422811378,C
26211637 oil seal vaccume assist,26211637 Oil Seal (Vaccume Assist),1,1,2016.0,8.401110740881523e-08,0.9999237262922452,C
oil can,OIL CAN,4,3,2015.0,8.396943523252118e-08,0.9999238102616804,C
repair main work from jain aa 4488,Repair & Main Work From Jain AA 4488,2,1,2014.7700000000002,8.395985063197355e-08,0.999923894221531,C
meatup carton skin and coat 80gx30 pouch,Meatup Carton SKIN and COAT 80gX30 Pouch,1,1,2012.5,8.386525479178603e-08,0.9999239780867858,C
pneumatic cylinder 63x50mm,Pneumatic Cylinder 63X50Mm,1,1,2005.0,8.355271346958063e-08,0.9999240616394992,C
element crn resistor 4072352,"Element, CRN Resistor (4072352)",2,2,2000.81,8.337810705090853e-08,0.9999241450176063,C
ball stud guide part no 800631,"BALL STUD GUIDE., PART NO. - (800631)",1,1,2000.0,8.334435258811034e-08,0.9999242283619589,C
eng lath repair mehar sing tough rider 1,Eng.Lath Repair Mehar Sing.Tough Rider-1,1,1,2000.0,8.334435258811034e-08,0.9999243117063116,C
stud elbow male bspt 4mm x 1 8,"Stud Elbow Male BSPT 4mm X 1/8""",1,1,2000.0,8.334435258811034e-08,0.9999243950506642,C
oil seal 25x72x8,Oil Seal 25X72X8,1,1,2000.0,8.334435258811034e-08,0.9999244783950169,C
repairing of pneumatic cylinder 125x320,Repairing of Pneumatic Cylinder 125X320,1,1,2000.0,8.334435258811034e-08,0.9999245617393695,C
eng lath work from mehar singh cg08l1677,Eng.Lath Work From Mehar Singh CG08L1677,1,1,2000.0,8.334435258811034e-08,0.9999246450837221,C
noise level monitoring,Noise Level Monitoring,2,2,2000.0,8.334435258811034e-08,0.9999247284280748,C
denting painting work r 2851,Denting & Painting Work R 2851,1,1,2000.0,8.334435258811034e-08,0.9999248117724274,C
urad dal,Urad Dal,2,2,2000.0,8.334435258811034e-08,0.9999248951167801,C
name plate,Name Plate,1,1,2000.0,8.334435258811034e-08,0.9999249784611327,C
sliding window,Sliding Window,1,1,2000.0,8.334435258811034e-08,0.9999250618054853,C
labour charge from jaika automob z 8439,Labour Charge From Jaika Automob.Z-8439,1,1,2000.0,8.334435258811034e-08,0.999925145149838,C
freight installation charges,Freight & Installation Charges,1,1,2000.0,8.334435258811034e-08,0.9999252284941906,C
deductibles as per policy t c,Deductibles (as per policy T&C),2,2,2000.0,8.334435258811034e-08,0.9999253118385433,C
copping,copping,1,1,2000.0,8.334435258811034e-08,0.9999253951828959,C
electronic fan regulater,Electronic Fan Regulater,1,1,2000.0,8.334435258811034e-08,0.9999254785272486,C
weight 5 kg,Weight 5 Kg,4,4,2000.0,8.334435258811034e-08,0.9999255618716012,C
bovirum bolus,Bovirum Bolus,1,1,1996.5,8.319849997108115e-08,0.9999256450701012,C
29663387 w c assy lh ace,29663387 W C Assy Lh Ace,1,1,1995.0,8.313599170664007e-08,0.9999257282060929,C
bearing sleev h 311,Bearing Sleev H -311,1,1,1990.0,8.292763082516979e-08,0.9999258111337238,C
diamond gland cutter 22 5 mm,DIAMOND GLAND CUTTER- 22.5 MM,1,1,1980.0,8.251090906222924e-08,0.9999258936446329,C
lugz paste,Lugz Paste,1,1,1980.0,8.251090906222924e-08,0.999925976155542,C
repair main work from sparsh ad 7023,Repair & Main Work From Sparsh AD 7023,2,1,1977.5,8.24067286214941e-08,0.9999260585622707,C
963012ve0a assy mirror rh al partner,963012VE0A Assy Mirror RH AL Partner,1,1,1975.0,8.230254818075897e-08,0.9999261408648189,C
ss nut m5,Ss Nut M5,2,2,1974.0,8.226087600446491e-08,0.9999262231256949,C
ht bolt 8x50 mm,Ht Bolt 8X50 Mm,1,1,1968.0,8.201084294670058e-08,0.9999263051365378,C
pipe wrench 24,"Pipe Wrench 24""",1,1,1965.0,8.188582641781842e-08,0.9999263870223642,C
printer roller for printer,Printer Roller For Printer,2,2,1964.79,8.187707526079666e-08,0.9999264688994395,C
614 05000 hyd hose 5 8 bsp 820mm jcb,614/05000 Hyd.Hose-5/8 BSP 820MM JCB,2,2,1960.0,8.167746553634813e-08,0.999926550576905,C
okc connector,OKC Connector,1,1,1960.0,8.167746553634813e-08,0.9999266322543706,C
stiching machine can looper complete,Stiching Machine Can Looper Complete,1,1,1960.0,8.167746553634813e-08,0.9999267139318362,C
ss nut 8 mm,Ss Nut 8 Mm,3,3,1955.0,8.146910465487787e-08,0.9999267954009409,C
v belt b 63,V Belt B-63,1,1,1955.0,8.146910465487787e-08,0.9999268768700456,C
battery dry 6v 4 5 ah,Battery (Dry) 6V 4.5 AH,1,1,1953.1,8.138992751991915e-08,0.9999269582599731,C
mcb 5sl43637rc,MCB - 5SL43637RC,1,1,1953.0,8.138576030228975e-08,0.9999270396457335,C
272425200171 clutch disc 190dia ace mega,272425200171 Clutch Disc 190Dia.Ace Mega,1,1,1952.0,8.134408812599569e-08,0.9999271209898216,C
pvc ballvalve 2 5,"Pvc Ballvalve 2.5""",1,1,1950.0,8.126074377340758e-08,0.9999272022505654,C
dol stater box for 3 7kw motor,DOL stater box for 3.7kw motor,1,1,1950.0,8.126074377340758e-08,0.9999272835113092,C
smps power supply,SMPS (Power Supply ),1,1,1949.15,8.122532242355764e-08,0.9999273647366317,C
885426010407 synchro kit gbs 38 407 bsii,885426010407 Synchro Kit GBS-38 407 BSII,1,1,1945.32,8.10657179883514e-08,0.9999274458023497,C
12 module metal box,12 Module Metal Box,1,1,1942.5,8.094820245120218e-08,0.9999275267505522,C
ss reducer seamless concen 150x100 nb,SS REDUCER SEAMLESS CONCEN-150X100 NB,1,1,1940.0,8.084402201046703e-08,0.9999276075945742,C
sm1067 va field coil auto lek,SM1067-VA Field Coil Auto Lek,1,1,1937.5,8.07398415697319e-08,0.9999276883344158,C
ms bolt 6 sut 4,"Ms Bolt 6 Sut 4""",1,1,1936.5,8.069816939343785e-08,0.9999277690325852,C
570609110106fuel filter spinon ultra bus,570609110106Fuel Filter SpinOn Ultra Bus,1,1,1935.6,8.066066443477319e-08,0.9999278496932497,C
bearing sleev h 315,Bearing Sleev H-315,1,1,1934.0,8.05939889527027e-08,0.9999279302872386,C
v belt b 48,V Belt B-48,1,1,1932.0,8.051064460011459e-08,0.9999280107978832,C
1002aab00061n accelerator cable m bolero,1002Aab00061N Accelerator Cable M-Bolero,1,1,1932.0,8.051064460011459e-08,0.9999280913085278,C
waterinjectmachi dimens m 1 2 0 7 1 3,WaterInjectMachi-Dimens(m):1.2×0.7×1.3,1,1,1925.96,8.02589446552985e-08,0.9999281715674724,C
spray pipe 23 long mb15378,"Spray Pipe 23"" Long (MB15378)",1,1,1925.0,8.021893936605621e-08,0.9999282517864118,C
breenjal bagan,Breenjal (Bagan),12,12,1921.6,8.007725396665642e-08,0.9999283318636657,C
rear kamani bush 1109,Rear Kamani Bush 1109,1,1,1920.0,8.001057848458593e-08,0.9999284118742442,C
weight 10 kg,Weight 10 Kg,4,4,1920.0,8.001057848458593e-08,0.9999284918848227,C
backdol red oxide primer,"Backdol ""Red-Oxide"" Primer",3,3,1920.0,8.001057848458593e-08,0.9999285718954012,C
ms short bend 2 5 ibr,"Ms Short Bend - 2.5"" Ibr",1,1,1920.0,8.001057848458593e-08,0.9999286519059797,C
ms short bend 3,"Ms Short Bend 3 """,1,1,1920.0,8.001057848458593e-08,0.9999287319165582,C
ms pipe 1 a class 2 6 mm 1 98 kg mt,"MS Pipe 1"" A Class 2.6 mm, 1.98  kg / mt",1,1,1916.9,7.988139473807436e-08,0.9999288117979529,C
oil seal w basf82x160x13 nbr,Oil seal W BASF82x160x13-NBR,1,1,1915.0,7.980221760311566e-08,0.9999288916001705,C
alternator repair frm taj auto el l 0946,Alternator Repair Frm Taj Auto El.L-0946,1,1,1910.0,7.959385672164537e-08,0.9999289711940272,C
bearing tr bearing 30307,Bearing TR-BEARING 30307,1,1,1909.0,7.955218454535133e-08,0.9999290507462117,C
278915400101 boost pre sensor 709 bsiv,278915400101 Boost Pre.Sensor 709 BSIV,1,1,1908.59,7.953509895307075e-08,0.9999291302813107,C
pickle aachar pouch,Pickle (Aachar) Pouch,2,2,1907.04,7.947050707981497e-08,0.9999292097518178,C
taflon sheet for hp printer,Taflon Sheet for HP Printer,2,2,1906.8000000000002,7.946050575750441e-08,0.9999292892123235,C
printer cartiridge ml 1610,Printer Cartiridge ML-1610,1,1,1906.8,7.94605057575044e-08,0.9999293686728292,C
isolator lt control switch 32a on off,Isolator (LT Control) Switch 32A-On-Off,1,1,1905.0,7.93854958401751e-08,0.9999294480583251,C
bearing 6206 2z,Bearing 6206 2Z,1,1,1904.0,7.934382366388104e-08,0.9999295274021487,C
bearing 30204 j2 q,Bearing 30204 J2/Q,1,1,1902.0,7.926047931129293e-08,0.999929606662628,C
264154209914 assy speedo cable jis 3000,264154209914_Assy Speedo Cable Jis 3000,1,1,1901.7,7.924797765840472e-08,0.9999296859106056,C
labour charges of car rep work ad 1942,Labour Charges Of Car Rep. Work AD 1942,1,1,1901.0,7.921880713499888e-08,0.9999297651294128,C
labour charges of car rep work aa 3100,Labour Charges Of Car Rep. Work AA 3100,1,1,1901.0,7.921880713499888e-08,0.99992984434822,C
labour charges of car rep work ad 1940,Labour Charges Of Car Rep. Work AD 1940,1,1,1901.0,7.921880713499888e-08,0.9999299235670271,C
labour charges of car rep work ad 1941,Labour Charges Of Car Rep. Work AD 1941,1,1,1901.0,7.921880713499888e-08,0.9999300027858343,C
hyd boom cyl repair sundeep enter ae6401,Hyd.Boom Cyl.Repair Sundeep Enter.AE6401,1,1,1900.0,7.917713495870482e-08,0.9999300819629693,C
pvc socket 2,"Pvc Socket 2""",2,2,1900.0,7.917713495870482e-08,0.9999301611401042,C
sakal huk engle work of all vehicle,Sakal Huk & Engle Work Of All Vehicle,1,1,1900.0,7.917713495870482e-08,0.9999302403172392,C
test tube 32 200 100 ml,Test Tube(32*200) 100 ml,1,1,1900.0,7.917713495870482e-08,0.9999303194943742,C
ss nut 6 mm,Ss Nut 6 Mm,2,2,1900.0,7.917713495870482e-08,0.9999303986715091,C
labour charges of car rep work k 1770,Labour Charges Of Car Rep. Work K 1770,1,1,1899.0,7.913546278241077e-08,0.9999304778069719,C
bearing 6202 2rs c3,Bearing 6202 2RS- C3,1,1,1896.0,7.90104462535286e-08,0.9999305568174182,C
led tube light 2 ft,LED Tube Light 2' ft,1,1,1892.8,7.887709528938763e-08,0.9999306356945135,C
dandi spoon big,Dandi Spoon - Big,1,1,1890.0,7.876041319576427e-08,0.9999307144549267,C
410a02vf2j rear w c assy lh al partner,410A02VF2J Rear W C Assy LH AL Partner,1,1,1889.84,7.875374564755722e-08,0.9999307932086723,C
279005110103 idler for timing belt ace,279005110103 Idler For Timing Belt ACE,2,2,1886.6999999999998,7.862289501399389e-08,0.9999308718315673,C
v belt b 69,V Belt B-69,1,1,1884.0,7.851038013799994e-08,0.9999309503419473,C
king pin cotter kit 909,King Pin Cotter Kit 909,1,1,1880.0,7.834369143282372e-08,0.9999310286856388,C
pop spray,POP Spray,1,1,1875.0,7.813533055135345e-08,0.9999311068209693,C
juice milkshake mixer blender,Juice & Milkshake Mixer Blender,1,1,1864.41,7.769402220439941e-08,0.9999311845149915,C
pen drive 16 gb,Pen Drive 16 GB,1,1,1864.4,7.769360548263647e-08,0.999931262208597,C
o ring for air blower ugrk160,O RING FOR AIR BLOWER (UGRK160),1,1,1860.0,7.751024790694261e-08,0.9999313397188448,C
ss washer 12 mm,Ss Washer - 12 Mm,2,2,1860.0,7.751024790694261e-08,0.9999314172290927,C
253405139902 valve tappet guide 407 909,253405139902 Valve Tappet Guide 407/909,3,3,1859.4,7.74852446011662e-08,0.9999314947143373,C
bulb 2441 24v,Bulb 2441 24V,1,1,1857.0,7.738523137806046e-08,0.9999315720995686,C
rose water,Rose Water,2,2,1855.98,7.734272575824052e-08,0.9999316494422944,C
0102baf00800a frt show grill assy bolero,0102BAF00800A Frt Show Grill Assy Bolero,1,1,1852.0,7.717687049659017e-08,0.9999317266191649,C
ci ball valve 2,"Ci Ball Valve 2""",1,1,1850.0,7.709352614400206e-08,0.999931803712691,C
mestic compound,Mestic Compound,1,1,1850.0,7.709352614400206e-08,0.9999318808062171,C
green zucchini,Green Zucchini,15,15,1850.0,7.709352614400206e-08,0.9999319578997432,C
lf dl 1003 7w white,LF DL 1003 7W WHITE,1,1,1844.4,7.686016195675536e-08,0.9999320347599051,C
440a12vf1j rear w c assy lh al partner,440A12VF1J Rear W C Assy LH AL Partner,1,1,1835.94,7.650761534530765e-08,0.9999321112675205,C
29667851 rr w c assy rh 110mm al partner,29667851 RR W C Assy RH 110MM AL Partner,1,1,1835.94,7.650761534530765e-08,0.9999321877751358,C
hyd strg cyl repair sundeep enter c9682,Hyd.Strg.Cyl.Repair Sundeep Enter.C9682,1,1,1835.0,7.646844349959124e-08,0.9999322642435793,C
ss round bar 55mm,Ss Round Bar 55Mm,1,1,1831.5,7.632259088256204e-08,0.9999323405661702,C
gi washer 8mm,Gi Washer 8Mm,2,2,1830.54,7.628258559331975e-08,0.9999324168487558,C
265133800122 tie rod end rh 407 bsiv,265133800122 Tie Rod End RH 407 BSIV,1,1,1823.43,7.598629641986902e-08,0.9999324928350521,C
29667856 rear w c assy lh al partner,29667856 Rear W C Assy LH AL Partner,1,1,1821.88,7.592170454661324e-08,0.9999325687567567,C
29667857 rear w c assy rh al partner,29667857 Rear W C Assy RH AL Partner,1,1,1821.88,7.592170454661324e-08,0.9999326446784613,C
coupling tube f m dia 6mm 1 4,"Coupling Tube F/M Dia 6mm - 1/4""",1,1,1820.0,7.584336085518041e-08,0.9999327205218221,C
505341990106 centre bearing bracket 3118,505341990106 Centre Bearing Bracket 3118,3,3,1819.0,7.580168867888636e-08,0.9999327963235108,C
pine apple crush,Pine Apple Crush,3,3,1814.27,7.560457928501547e-08,0.9999328719280901,C
labour charges of car rep work aa 0795,Labour Charges Of Car Rep. Work AA 0795,1,1,1812.0,7.550998344482798e-08,0.9999329474380736,C
labour charges of car rep work aa 2154,Labour Charges Of Car Rep. Work AA 2154,1,1,1812.0,7.550998344482798e-08,0.9999330229480571,C
labour charges of car rep work aa 2151,Labour Charges Of Car Rep. Work AA 2151,1,1,1812.0,7.550998344482798e-08,0.9999330984580406,C
287033403705 front wheel hub t yodha,287033403705 Front Wheel Hub T-Yodha,1,1,1803.91,7.517285553860907e-08,0.9999331736308961,C
sylincer jali 2 5 x 8 al partner,"Sylincer Jali 2.5""X 8"" AL Partner",1,1,1800.0,7.500991732929932e-08,0.9999332486408133,C
kalam,Kalam,2,1,1800.0,7.500991732929932e-08,0.9999333236507306,C
cs steam gate valve 1 ibr,"CS Steam Gate Valve 1"" IBR",1,1,1800.0,7.500991732929932e-08,0.9999333986606479,C
a c repair work from cool india r 2855,A/C Repair Work From Cool India R 2855,1,1,1800.0,7.500991732929932e-08,0.9999334736705652,C
cst conector 35 amp,Cst Conector 35 Amp,1,1,1800.0,7.500991732929932e-08,0.9999335486804825,C
kasoori methi 500gm everest,Kasoori Methi 500gm (Everest),1,1,1800.0,7.500991732929932e-08,0.9999336236903997,C
ss bolt 10x100 mm,Ss Bolt - 10X100 Mm,1,1,1800.0,7.500991732929932e-08,0.999933698700317,C
sodium chloride micro lab,Sodium Chloride( Micro Lab),1,1,1800.0,7.500991732929932e-08,0.9999337737102343,C
pvc reduser 1x3 4,Pvc Reduser 1X3/4,1,1,1800.0,7.500991732929932e-08,0.9999338487201516,C
copper wire 16 swg,Copper Wire 16 Swg,1,1,1800.0,7.500991732929932e-08,0.9999339237300688,C
air line jointer 10 mm,Air Line Jointer - 10 mm,2,2,1800.0,7.500991732929932e-08,0.9999339987399861,C
pr socket 24 no pipe11mm k brms l type,"Pr. Socket 24 no. Pipe11mm K.Brms L,Type",1,1,1800.0,7.500991732929932e-08,0.9999340737499034,C
submersible stud,Submersible Stud,2,2,1800.0,7.500991732929932e-08,0.9999341487598207,C
chef knife,Chef Knife,1,1,1800.0,7.500991732929932e-08,0.999934223769738,C
sticker,Sticker,2,2,1800.0,7.500991732929932e-08,0.9999342987796552,C
332 y2167 hose valv block 3 8x700mm jcb,332/Y2167 Hose Valv Block -3/8X700Mm Jcb,1,1,1800.0,7.500991732929932e-08,0.9999343737895725,C
extra long allenkey set mm size,Extra Long Allenkey Set - MM Size,1,1,1800.0,7.500991732929932e-08,0.9999344487994898,C
silicone aplicator,Silicone Aplicator,1,1,1800.0,7.500991732929932e-08,0.9999345238094071,C
pivot pin change work of p 1524,Pivot Pin Change Work Of P 1524,1,1,1800.0,7.500991732929932e-08,0.9999345988193243,C
254701170133assy oil separator super ace,254701170133Assy Oil Separator Super Ace,1,1,1799.28,7.497991336236759e-08,0.9999346737992377,C
272425200147 clutch disc 200 dia sup ace,272425200147 Clutch Disc 200 Dia.Sup.Ace,1,1,1796.09,7.484697911998955e-08,0.9999347486462169,C
fan belt 8pk 1250 al 1012,Fan Belt 8PK-1250 AL 1012,1,1,1794.75,7.479113840375552e-08,0.9999348234373553,C
allankey bolt 5x10 mm,Allankey Bolt - 5X10 Mm,2,2,1793.0,7.471821209524092e-08,0.9999348981555674,C
285126516705shifter pad 1 2 3rd t ace ex,285126516705Shifter Pad 1/2/3rd T-Ace EX,3,3,1792.44,7.469487567651626e-08,0.9999349728504431,C
gi bend 1 5,"Gi Bend 1.5""",2,2,1790.0,7.459319556635876e-08,0.9999350474436387,C
u vaporator tk 07360e,U-Vaporator - TK-07360E,1,1,1790.0,7.459319556635876e-08,0.9999351220368343,C
251526204601 shifter sleeve 4 5th speed,251526204601 Shifter Sleeve 4/5Th Speed,1,1,1785.94,7.442400653060489e-08,0.9999351964608408,C
570618130102 oil filter ultra bus bsiv,570618130102 Oil Filter Ultra Bus BSIV,1,1,1784.74,7.437399991905203e-08,0.9999352708348408,C
front u bolt nut 19 no 5 407,"Front U Bolt Nut 19.no 5"" 407",1,1,1780.0,7.417647380341821e-08,0.9999353450113146,C
benjo bolt 17 no return valve,Benjo Bolt 17 No (Return Valve),1,1,1779.7,7.416397215052999e-08,0.9999354191752868,C
mini display to hdmi converter,Mini Display to HDMI Converter.,1,1,1779.66,7.416230526347823e-08,0.9999354933375921,C
m16 x 1 5 arm nut 24 no,M16 X 1.5 Arm Nut 24 No.,3,3,1778.25,7.410354749490361e-08,0.9999355674411396,C
cable 332 y3852 jcb,Cable (332/Y3852) - Jcb,2,2,1772.88,7.387976790820454e-08,0.9999356413209075,C
stamp pad,Stamp Pad,4,4,1772.3200000000002,7.385643148947986e-08,0.999935715177339,C
labour charges of veh repair ar 1464,Labour Charges Of Veh. Repair AR 1464,1,1,1771.0,7.380142421677171e-08,0.9999357889787632,C
labour charges of car rep work ad 7021,Labour Charges Of Car Rep. Work AD 7021,1,1,1771.0,7.380142421677171e-08,0.9999358627801874,C
29667850 rr w c assy lh 110mm al partner,29667850 RR W C Assy LH 110MM AL Partner,1,1,1769.0,7.37180798641836e-08,0.9999359364982673,C
gear box o houling from jaika auto l0569,Gear Box O/Houling From Jaika Auto L0569,2,1,1764.49,7.353013834909741e-08,0.9999360100284056,C
ms strip 40x5 mm 1 6 kg mtr,"MS Strip 40X5 mm, 1.6 kg / mtr",1,1,1763.1,7.347221402404867e-08,0.9999360835006196,C
suma drain,Suma Drain,1,1,1762.0,7.342637463012522e-08,0.9999361569269942,C
plaster of paris,Plaster Of Paris,3,3,1758.8,7.329302366598423e-08,0.9999362302200179,C
279003990182 piston ring set super ace,279003990182 Piston Ring Set Super Ace,1,1,1757.82,7.325218493321605e-08,0.9999363034722029,C
dhokala,Dhokala,1,1,1752.37,7.302507157241346e-08,0.9999363764972744,C
tea container 15ltr,Tea Container 15ltr,1,1,1750.0,7.292630851459656e-08,0.999936449423583,C
duplex half link 1 25,"Duplex Half Link 1.25""",1,1,1750.0,7.292630851459656e-08,0.9999365223498915,C
digitel multi miter,Digitel Multi Miter,1,1,1750.0,7.292630851459656e-08,0.9999365952762,C
buffe for seam welder m c,Buffe for Seam Welder M/c,1,1,1750.0,7.292630851459656e-08,0.9999366682025086,C
hand blower machine,Hand Blower Machine,1,1,1750.0,7.292630851459656e-08,0.9999367411288171,C
turmeric powder,Turmeric Powder,2,2,1750.0,7.292630851459656e-08,0.9999368140551257,C
assy frt bumper support lh rh lpt,Assy Frt Bumper Support LH/RH LPT,1,1,1750.0,7.292630851459656e-08,0.9999368869814342,C
video blun 4cannel up 4 cannel ps,Video Blun 4Cannel Up 4 Cannel Ps,1,1,1750.0,7.292630851459656e-08,0.9999369599077428,C
wire tension spring,Wire tension spring,1,1,1750.0,7.292630851459656e-08,0.9999370328340513,C
alternator repair from mokhatar e l 2283,Alternator Repair From Mokhatar E.L-2283,1,1,1747.0,7.280129198571438e-08,0.9999371056353433,C
d link switch 16 port,D-Link Switch 16 Port,1,1,1737.28,7.239623843213617e-08,0.9999371780315818,C
labour charges of car rep work k 0397,Labour Charges Of Car Rep. Work K 0397,1,1,1730.0,7.209286498871545e-08,0.9999372501244468,C
bearing 6203 zz c3,Bearing 6203 Zz/C3,1,1,1730.0,7.209286498871545e-08,0.9999373222173118,C
blue sugar paste,Blue Sugar Paste,1,1,1728.8,7.204285837716258e-08,0.9999373942601701,C
f002g20608 epicycloidal gear egt 909,F002G20608 Epicycloidal Gear (EGT) 909,1,1,1728.52,7.203119016780025e-08,0.9999374662913603,C
gi clamp 1,Gi Clamp 1'',2,1,1728.0,7.200952063612734e-08,0.999937538300881,C
plastick mug,Plastick Mug,1,1,1728.0,7.200952063612734e-08,0.9999376103104016,C
pineapples slice,Pineapples Slice,1,1,1728.0,7.200952063612734e-08,0.9999376823199223,C
eng o h oil seal kit ace,Eng O/H Oil Seal Kit ACE,3,3,1727.96,7.200785374907557e-08,0.9999377543277761,C
papaya papita,Papaya ( Papita),7,7,1727.6,7.199285176560971e-08,0.9999378263206279,C
9188 802fuel filter 1 2ltr paper typ 407,9188-802Fuel Filter 1/2Ltr Paper Typ 407,1,1,1725.5,7.19053401953922e-08,0.9999378982259681,C
condansor dg 15 kva,Condansor ( DG-15 KVA ),1,1,1720.0,7.16761432257749e-08,0.9999379699021114,C
chinese kadhai,Chinese Kadhai,2,1,1720.0,7.16761432257749e-08,0.9999380415782546,C
550462ve0a rr leafspring rr bush partner,550462VE0A RR LeafSpring RR Bush Partner,1,1,1719.0,7.163447104948084e-08,0.9999381132127256,C
cpvc pipe 3 4,CPVC Pipe - 3/4'',3,3,1705.4,7.10677294518817e-08,0.9999381842804551,C
v belt b 52,V Belt B-52,1,1,1705.0,7.105106058136407e-08,0.9999382553315157,C
6 module plate,6 Module Plate,4,4,1704.2699999999998,7.10206398926694e-08,0.9999383263521556,C
620222ve0a front bumper assy al partner,620222VE0A Front Bumper Assy AL Partner,1,1,1703.9,7.100522118744061e-08,0.9999383973573768,C
non sparking fit spanner 10 x 11,Non sparking Fit Spanner- 10 x 11,1,1,1702.0,7.092604405248191e-08,0.9999384682834208,C
simplex chain lock half link 3 8,"Simplex Chain Lock Half Link 3/8""",1,1,1700.0,7.08426996998938e-08,0.9999385391261205,C
shaft od 31 l 255,SHAFT OD-31 L-255,1,1,1700.0,7.08426996998938e-08,0.9999386099688202,C
allenkey spanner 3 8,"Allenkey Spanner 3/8""",2,2,1700.0,7.08426996998938e-08,0.9999386808115199,C
do fuse 7 5 amp 11 kv,Do Fuse 7.5 Amp 11 Kv,1,1,1700.0,7.08426996998938e-08,0.9999387516542196,C
coconut nariyal,Coconut (Nariyal),3,3,1700.0,7.08426996998938e-08,0.9999388224969193,C
v belt 8pj 560j,V-BELT 8PJ-560J,1,1,1700.0,7.08426996998938e-08,0.999938893339619,C
suji,Suji,2,2,1700.0,7.08426996998938e-08,0.9999389641823188,C
811 10091 pivot pin main axle jcb,811/10091 Pivot Pin (Main Axle) JCB,1,1,1700.0,7.08426996998938e-08,0.9999390350250185,C
wind shild glass lami eicher 2016,Wind Shild Glass Lami.Eicher 2016,1,1,1694.92,7.063100504431999e-08,0.9999391056560235,C
007045 sony mdrxb55ap black,007045-Sony MDRXB55AP (Black),1,1,1694.92,7.063100504431999e-08,0.9999391762870286,C
labour charge from shree motors p 1923,Labour Charge From Shree Motors P-1923,1,1,1694.92,7.063100504431999e-08,0.9999392469180336,C
sensor sub zero,Sensor Sub Zero,1,1,1694.88,7.062933815726824e-08,0.9999393175473718,C
bulb 100 w,Bulb - 100 W,2,2,1694.0,7.059266664212947e-08,0.9999393881400384,C
concrit drill bit 13 mm,Concrit Drill Bit - 13 mm,1,1,1690.0,7.042597793695324e-08,0.9999394585660163,C
oil seal 70x90x10,Oil Seal 70X90X10,1,1,1690.0,7.042597793695324e-08,0.9999395289919942,C
f 00 2g 20 743 brush holder,F 00 2G 20 743 Brush Holder,1,1,1687.5,7.03217974962181e-08,0.9999395993137917,C
ra4785 hyd hose hyd pump to pto hyva,RA4785 HYD Hose (HYD.Pump TO PTO) HYVA,1,1,1680.0,7.000925617401269e-08,0.9999396693230479,C
hit detergent powder,HIT DETERGENT POWDER,1,1,1680.0,7.000925617401269e-08,0.9999397393323041,C
mh de lamp 150 w,Mh DE Lamp - 150 W,1,1,1680.0,7.000925617401269e-08,0.9999398093415602,C
main bore fuse female big 35 60 80 amp,Main Bore Fuse Female Big 35/60/80 AMP,1,1,1680.0,7.000925617401269e-08,0.9999398793508164,C
caramel liquide type i 1050,Caramel Liquide Type I 1050,1,1,1680.0,7.000925617401269e-08,0.9999399493600726,C
extruder cutting motor 1 5kwsiemens moto,Extruder-Cutting motor:1.5KWSiemens Moto,1,1,1674.75,6.97904772484689e-08,0.9999400191505499,C
conveyor dimension m 3 0 0 7 1 1,Conveyor - Dimension(m): 3.0×0.7×1.1,1,1,1674.75,6.97904772484689e-08,0.9999400889410271,C
cartridge lub oil filter 4897898,"Cartridge, Lub Oil Filter (4897898)",1,1,1670.14,6.95983685157533e-08,0.9999401585393957,C
pm kainchy,Pm Kainchy,1,1,1669.7,6.958003275818392e-08,0.9999402281194284,C
807012va0a w regulator assy lh al dost,807012VA0A W/Regulator Assy LH AL Dost,1,1,1668.75,6.954044419070457e-08,0.9999402976598726,C
bearing cr brng f554185 01 nup t ina,Bearing CR BRNG.F554185.01-NUP-T-INA,1,1,1668.0,6.950919005848403e-08,0.9999403671690626,C
do fuse 15 amp 33 kva,Do Fuse 15 Amp 33 Kva,2,2,1665.0,6.938417352960186e-08,0.9999404365532362,C
265146210119 strg yoke spindle 709 bsiv,265146210119 Strg.Yoke Spindle 709 BSIV,1,1,1662.62,6.9284993750022e-08,0.9999405058382299,C
wash basin blamount,Wash Basin (Blamount),2,2,1661.01,6.921790154618858e-08,0.9999405750561314,C
copper lugz pin insulated 1 5 sqmm,Copper Lugz Pin Insulated 1.5 Sqmm,1,1,1660.0,6.917581264813159e-08,0.9999406442319441,C
tube fitting stud f f f 6mm 4mm 4mm,Tube Fitting Stud - F/F/F 6mm-4mm-4mm,1,1,1660.0,6.917581264813159e-08,0.9999407134077567,C
copper lugz pin 1 mm,Copper Lugz Pin 1 Mm,1,1,1660.0,6.917581264813159e-08,0.9999407825835693,C
solder iron,Solder Iron,4,3,1658.0,6.909246829554348e-08,0.9999408516760376,C
250102ve0a speed sensor al partner,250102VE0A Speed Sensor AL Partner,1,1,1652.54,6.886493821297793e-08,0.9999409205409758,C
spark lighter,Spark Lighter,2,2,1652.0,6.884243523777915e-08,0.999940989383411,C
sagon bottam wood,Sagon Bottam (Wood),1,1,1651.0,6.880076306148509e-08,0.9999410581841741,C
550 42904 seal kit stablizer ram 4dx jcb,550/42904 Seal Kit Stablizer Ram 4DX Jcb,1,1,1650.0,6.875909088519104e-08,0.999941126943265,C
gear 12 t chain spocket mixer machine,Gear 12 T (Chain Spocket) Mixer Machine,1,1,1650.0,6.875909088519104e-08,0.9999411957023558,C
dial gauge 2046,Dial Gauge 2046,1,1,1650.0,6.875909088519104e-08,0.9999412644614467,C
o ring id 95 x od 105,O Ring ID 95 x OD 105,1,1,1650.0,6.875909088519104e-08,0.9999413332205376,C
alluminium pully a 3 5 x 1g,Alluminium Pully - A 3.5 X 1G,1,1,1650.0,6.875909088519104e-08,0.9999414019796284,C
ele saddle 32mm pvc,Ele. Saddle - 32mm pvc,2,2,1649.0,6.871741870889697e-08,0.9999414706970472,C
571005110102 idler assy timing belt mega,571005110102 Idler Assy(Timing Belt)Mega,2,2,1644.8200000000002,6.854322901198784e-08,0.9999415392402762,C
belt tensioner model 6 btaa 5 9 g4,BELT TENSIONER MODEL-6 BTAA 5.9 G4,1,1,1643.9,6.85048906097973e-08,0.9999416077451668,C
valve oil seal 407 909,Valve Oil Seal 407/909,4,4,1642.18,6.843321446657153e-08,0.9999416761783813,C
saara0228 c armature assy 12v auto lek,SAARA0228 C Armature Assy 12V Auto/Lek,1,1,1640.63,6.836862259331574e-08,0.9999417445470038,C
halogen bulb 43t 24v,Halogen Bulb 43T 24V,1,1,1640.0,6.834236912225048e-08,0.9999418128893729,C
ring spanner 14x15,Ring Spanner 14X15,1,1,1640.0,6.834236912225048e-08,0.999941881231742,C
methi bhaji,Methi Bhaji,13,13,1639.0,6.830069694595642e-08,0.999941949532439,C
valve inlet exhaust set super ace,Valve Inlet/Exhaust Set Super Ace,2,2,1637.52,6.823902212504122e-08,0.9999420177714611,C
measuring cylinder 250 ml,Measuring Cylinder 250 ml,1,1,1635.0,6.81340082407802e-08,0.9999420859054693,C
speedo meter 1 0 935,Speedo Meter 1:0.935,2,2,1633.42,6.80681662022356e-08,0.9999421539736355,C
water pump model 6 btaa 5 9 g4,Water Pump model- 6 BTAA 5.9 G4,1,1,1629.49,6.790439454939997e-08,0.9999422218780301,C
table roll,Table Roll,1,1,1627.01,6.78010475521907e-08,0.9999422896790776,C
gas cutting nozel 1 16,Gas Cutting Nozel 1/16,1,1,1625.0,6.771728647783965e-08,0.9999423573963641,C
v belt b 49,V Belt - B 49,1,1,1625.0,6.771728647783965e-08,0.9999424251136505,C
travelling charges,Travelling Charges,1,1,1623.0,6.763394212525154e-08,0.9999424927475926,C
repairing maint of vacuum cleaner,Repairing & Maint. of Vacuum Cleaner,1,1,1623.0,6.763394212525154e-08,0.9999425603815347,C
filter model ef 1b010b01a co2 250 vac,FILTER MODEL EF-1B010B01A-CO2 250 VAC,6,4,1621.84,6.758560240075043e-08,0.9999426279671372,C
spanner tapariya dp 12,Spanner Tapariya DP 12,1,1,1620.0,6.750892559636938e-08,0.9999426954760627,C
alluminium lugz ring 35 mm,Alluminium Lugz Ring 35 Mm,2,2,1620.0,6.750892559636938e-08,0.9999427629849883,C
2130905k01 radiator hose pipe set massy,2130905K01 Radiator Hose Pipe Set Massy,1,1,1617.0,6.738390906748721e-08,0.9999428303688974,C
beaker 250ml,Beaker 250ml,2,2,1612.0,6.717554818601694e-08,0.9999428975444457,C
v belt a 34,V Belt A-34,1,1,1608.0,6.700885948084072e-08,0.9999429645533051,C
x7400650 rub mould bottom glass al 1012,X7400650 Rub.Mould (Bottom Glass)AL 1012,1,1,1604.0,6.68421707756645e-08,0.9999430313954759,C
rifil blue plane,Rifil Blue (Plane),5,5,1602.4,6.677549529359402e-08,0.9999430981709712,C
alluminium lugz ring 16 mm,Alluminium Lugz Ring 16 Mm,2,2,1602.0,6.675882642307639e-08,0.9999431649297976,C
007046 sony mdrxb55ap blue,007046 - Sony MDRXB55AP (Blue),1,1,1601.69,6.674590804842524e-08,0.9999432316757056,C
assy piston w pin lock tough rider jeep,Assy Piston W/Pin Lock Tough Rider/Jeep,1,1,1600.0,6.667548207048828e-08,0.9999432983511877,C
tension spring s,Tension Spring (S),1,1,1600.0,6.667548207048828e-08,0.9999433650266697,C
i beam repair work gagan engi cg08m0166,I Beam Repair Work Gagan Engi. CG08M0166,1,1,1600.0,6.667548207048828e-08,0.9999434317021517,C
rout sheet,ROUT SHEET,1,1,1600.0,6.667548207048828e-08,0.9999434983776337,C
ss reducer 6 x4,"Ss Reducer 6""X4""",1,1,1600.0,6.667548207048828e-08,0.9999435650531158,C
white butter safed makhan,White Butter (Safed Makhan),1,1,1600.0,6.667548207048828e-08,0.9999436317285978,C
pvc reduser 3 4x1 2,Pvc Reduser 3/4X1/2,1,1,1600.0,6.667548207048828e-08,0.9999436984040798,C
yellow tag,Yellow tag,1,1,1600.0,6.667548207048828e-08,0.9999437650795618,C
ss bolt 10x30mm,Ss Bolt 10X30Mm,1,1,1600.0,6.667548207048828e-08,0.9999438317550439,C
pvc t 3 4,"Pvc T 3/4""",1,1,1600.0,6.667548207048828e-08,0.9999438984305259,C
puncher patches omini patch,Puncher Patches (Omini Patch),4,1,1600.0,6.667548207048828e-08,0.9999439651060079,C
hyd male female connector trolly,Hyd Male Female Connector Trolly,1,1,1600.0,6.667548207048828e-08,0.9999440317814899,C
labour charge from sahu tractor p 0266,Labour Charge From Sahu Tractor P-0266,1,1,1600.0,6.667548207048828e-08,0.999944098456972,C
pendent holder,Pendent Holder,1,1,1600.0,6.667548207048828e-08,0.999944165132454,C
pneumatic air cylender a120400800,Pneumatic Air Cylender - A120400800,1,1,1595.0,6.6467121189018e-08,0.9999442315995751,C
civil work transformer foundation,Civil work transformer foundation,1,1,1594.07,6.642836606506453e-08,0.9999442980279412,C
measuring cylinder 50ml,Measuring Cylinder 50ml,1,1,1590.0,6.625876030754772e-08,0.9999443642867014,C
stiching machine thread rod,STICHING MACHINE THREAD ROD,3,3,1590.0,6.625876030754772e-08,0.9999444305454617,C
fip repair work from kamal diesel la0895,FIP Repair Work From Kamal Diesel LA0895,1,1,1587.0,6.613374377866555e-08,0.9999444966792055,C
ms hose clamp 1,"Ms Hose Clamp 1 """,2,2,1580.0,6.584203854460717e-08,0.9999445625212441,C
oil seal 30x62x8,Oil Seal 30X62X8,1,1,1580.0,6.584203854460717e-08,0.9999446283632827,C
280941990107cent coup flange 4 hole 3118,280941990107Cent.Coup.Flange 4 Hole 3118,1,1,1578.5,6.577953028016609e-08,0.999944694142813,C
abro tape,Abro Tape,5,5,1575.54,6.565618063833568e-08,0.9999447597989936,C
savlon,Savlon,2,2,1575.0,6.563367766313689e-08,0.9999448254326713,C
cop rivit 1,"Cop Rivit 1""",1,1,1575.0,6.563367766313689e-08,0.999944891066349,C
oil seal 55x75x10,Oil Seal 55X75X10,2,2,1574.0,6.559200548684284e-08,0.9999449566583545,C
nozzal pipe tc 6btaa,Nozzal Pipe TC 6BTAA,1,1,1570.02,6.54261502251925e-08,0.9999450220845048,C
chloroform,Chloroform,1,1,1570.0,6.542531678166662e-08,0.9999450875098216,C
v belt a 78,V belt A-78,1,1,1568.0,6.534197242907851e-08,0.999945152851794,C
40 303426 liner bearing jcb,40/303426 Liner Bearing_Jcb,1,1,1566.1,6.526279529411981e-08,0.9999452181145893,C
164012vb0a water level sensor al partner,164012VB0A Water Level Sensor AL Partner,1,1,1564.83,6.520987163022635e-08,0.9999452833244609,C
mozzarell pizza cheese,Mozzarell Pizza Cheese,1,1,1562.5,6.51127754594612e-08,0.9999453484372364,C
cake box 3 pound,Cake Box 3 Pound,1,1,1562.5,6.51127754594612e-08,0.9999454135500119,C
non sparking ring spanner 10 x 11,Non sparking Ring Spanner- 10 x 11,1,1,1562.0,6.509193937131418e-08,0.9999454786419513,C
ht washer 22 mm,HT Washer 22 mm,1,1,1562.0,6.509193937131418e-08,0.9999455437338907,C
labour charges for red bounding wheel,Labour Charges for Red Bounding Wheel,1,1,1560.0,6.500859501872607e-08,0.9999456087424857,C
rear hub oil seal outer 2515 125 150 13,Rear Hub Oil Seal Outer 2515 125-150-13,1,1,1560.0,6.500859501872607e-08,0.9999456737510808,C
plastick tirpaul 40x40,Plastick Tirpaul 40X40,1,1,1560.0,6.500859501872607e-08,0.9999457387596759,C
filler gauge,Filler Gauge,1,1,1560.0,6.500859501872607e-08,0.9999458037682709,C
ring spanner 12x13,Ring Spanner 12X13,3,3,1560.0,6.500859501872607e-08,0.999945868776866,C
ms long bend 1 5,"Ms Long Bend 1.5 """,1,1,1560.0,6.500859501872607e-08,0.999945933785461,C
socket pb4453,Socket (PB4453),1,1,1560.0,6.500859501872607e-08,0.9999459987940561,C
menu card,Menu Card,1,1,1560.0,6.500859501872607e-08,0.9999460638026512,C
26212679 assy rotor,26212679 Assy Rotor,1,1,1559.0,6.496692284243201e-08,0.999946128769574,C
air filter secondary 407 709 bsii,Air Filter Secondary 407/709 BSII,2,2,1557.92,6.492191689203443e-08,0.9999461936914908,C
tc 24 bs air brake pipe 22 no 24,"TC 24 BS AIR Brake Pipe 22 NO. 24""",1,1,1555.0,6.480023413725579e-08,0.999946258491725,C
tea container 10 ltr,Tea Container 10 Ltr,1,1,1550.0,6.459187325578552e-08,0.9999463230835983,C
turbo repair work from new mmg cg08l0117,Turbo Repair Work From New MMG CG08L0117,1,1,1550.0,6.459187325578552e-08,0.9999463876754716,C
turbo repair work from new mmg cg08b1034,Turbo Repair Work From NEW MMG CG08B1034,1,1,1550.0,6.459187325578552e-08,0.9999464522673449,C
turbo repair work from new mmg cg08b2865,Turbo Repair Work From New MMG CG08B2865,1,1,1550.0,6.459187325578552e-08,0.9999465168592182,C
turbo repair work from new mmg cg08b2866,Turbo Repair Work From New MMG CG08B2866,1,1,1550.0,6.459187325578552e-08,0.9999465814510915,C
turbo repair work frm new mmg cg08l2750,Turbo Repair Work Frm NEW MMG CG08L2750,1,1,1550.0,6.459187325578552e-08,0.9999466460429648,C
turbo repair work frm new mmg cg08l1364,Turbo Repair Work Frm New MMG CG08L1364,1,1,1550.0,6.459187325578552e-08,0.9999467106348381,C
turbo repair work frm new mmg cg08l0742,Turbo Repair Work Frm New MMG CG08L0742,1,1,1550.0,6.459187325578552e-08,0.9999467752267114,C
turbo repair work from new mmg cg08l1563,Turbo Repair Work From New MMG CG08L1563,1,1,1550.0,6.459187325578552e-08,0.9999468398185847,C
26212979 2679 rotor assy,26212979/2679 Rotor Assy,1,1,1550.0,6.459187325578552e-08,0.999946904410458,C
mh copper ballast 70 w,Mh Copper Ballast - 70 W,1,1,1550.0,6.459187325578552e-08,0.9999469690023313,C
ss nut 4mm,Ss Nut 4Mm,2,2,1550.0,6.459187325578552e-08,0.9999470335942046,C
turbo repair work from new mmg cg08m0187,Turbo Repair Work From New MMG CG08M0187,1,1,1550.0,6.459187325578552e-08,0.9999470981860779,C
art paper,Art Paper,1,1,1549.1,6.455436829712086e-08,0.9999471627404461,C
stiching machine chul,Stiching Machine Chul,2,2,1548.0,6.45085289031974e-08,0.999947227248975,C
tei rod end lh ace kf 1131,Tei Rod End LH ACE KF 1131,1,1,1548.0,6.45085289031974e-08,0.9999472917575039,C
tie rod end ace kf 1131,Tie Rod End Ace   KF 1131,1,1,1548.0,6.45085289031974e-08,0.9999473562660327,C
led pilot light amber 230v ac,LED Pilot Light Amber 230V AC,1,1,1548.0,6.45085289031974e-08,0.9999474207745616,C
ms pipe 2 b class 3 6 mm 5 03 kg mtr,"MS Pipe 2"" B Class 3.6 mm, 5.03 kg / mtr",1,1,1540.39,6.419140364159965e-08,0.9999474849659652,C
b al elbow fittings qsl 10 mm,B-AL-Elbow Fittings QSL - 10 mm,2,2,1540.0,6.417515149284496e-08,0.9999475491411167,C
285126205407 shifter sleeve rev 1 2 ace,285126205407 Shifter Sleeve Rev/1/2 ACE,1,1,1539.84,6.416848394463792e-08,0.9999476133096007,C
chicken skin,Chicken Skin,4,4,1527.76,6.366508405500573e-08,0.9999476769746848,C
cp nipple 2,"Cp Nipple 2""",1,1,1525.5,6.357090493658117e-08,0.9999477405455898,C
ci nul 1 2,"Ci Nul - 1/2""",1,1,1525.5,6.357090493658117e-08,0.9999478041164948,C
printer cartridge 88 a hp,Printer Cartridge 88-A - HP,1,1,1525.41,6.35671544407147e-08,0.9999478676836492,C
repairing charges of eco milk analiser,Repairing Charges of Eco Milk Analiser,1,1,1525.0,6.355006884843414e-08,0.9999479312337181,C
oil pump gear 1210,Oil Pump Gear 1210,4,4,1524.96,6.354840196138238e-08,0.99994799478212,C
warranty service from jaika cg08l 0766,Warranty Service From Jaika CG08L-0766,1,1,1522.0,6.342505231955197e-08,0.9999480582071724,C
yellow zucchini,Yellow Zucchini,10,10,1522.0,6.342505231955197e-08,0.9999481216322247,C
65 nb cs sorf flange class 150,65 NB CS SORF Flange ( Class - 150 ),1,1,1520.0,6.334170796696386e-08,0.9999481849739327,C
40 302808 hyd hose jcb,40/302808 Hyd. Hose Jcb,1,1,1520.0,6.334170796696386e-08,0.9999482483156407,C
battery 9 volt,Battery - 9 Volt,2,2,1520.0,6.334170796696386e-08,0.9999483116573487,C
401102va0a ball joint upper al dost,401102VA0A Ball Joint Upper AL Dost,1,1,1519.55,6.332295548763153e-08,0.9999483749803041,C
pvc gland 19 mm,Pvc Gland 19 Mm,2,2,1512.0,6.300833055661142e-08,0.9999484379886346,C
bearing cr brng bc1 0312 skf,Bearing CR BRNG.BC1-0312 - SKF,1,1,1512.0,6.300833055661142e-08,0.9999485009969652,C
tube 155 80 r13,Tube 155 /80 R13,1,1,1511.58,6.299082824256792e-08,0.9999485639877934,C
heating element 1500 watt,Heating Element 1500 watt,2,2,1510.0,6.292498620402331e-08,0.9999486269127796,C
05555890r91 air cleaner filter 475 m m,05555890R91 Air Cleaner Filter 475 M & M,1,1,1510.0,6.292498620402331e-08,0.9999486898377659,C
bearing cr brng bc1 0313 skf,Bearing CR BRNG.BC1-0313 - SKF,1,1,1508.0,6.28416418514352e-08,0.9999487526794077,C
eng oil filter change city whee af6009,Eng.Oil & Filter Change City Whee AF6009,1,1,1507.58,6.28241395373917e-08,0.9999488155035473,C
walnuts akhrot,Walnuts ( Akhrot ),2,2,1504.76,6.270662400024246e-08,0.9999488782101713,C
486302va0a assy tie rod lh al dost,486302VA0A Assy Tie Rod LH AL Dost,1,1,1504.68,6.270329022613893e-08,0.9999489409134615,C
mating chatai patti,mating (chatai patti),1,1,1500.75,6.253951857330329e-08,0.9999490034529801,C
real mix fruit juice,Real Mix Fruit Juice,4,4,1500.03,6.250951460637158e-08,0.9999490659624947,C
bucket fastner 3 8 x 2 5,"Bucket Fastner - 3/8 X 2.5""'",1,1,1500.0,6.250826444108276e-08,0.9999491284707591,C
gland rope 10 mm,Gland Rope - 10 Mm,1,1,1500.0,6.250826444108276e-08,0.9999491909790236,C
cake box 1 pound,Cake Box 1 Pound,1,1,1500.0,6.250826444108276e-08,0.999949253487288,C
clutch system repair kayash auto v4600,Clutch System Repair Kayash Auto.V4600,1,1,1500.0,6.250826444108276e-08,0.9999493159955525,C
sweet corn cream,Sweet Corn Cream,1,1,1500.0,6.250826444108276e-08,0.9999493785038169,C
labour change from sundeep enter p 0267,Labour Change From Sundeep Enter.P-0267,3,3,1500.0,6.250826444108276e-08,0.9999494410120814,C
do discharge rod,Do Discharge Rod,1,1,1500.0,6.250826444108276e-08,0.9999495035203458,C
hyd jack repair work of bakal workshop,Hyd. Jack Repair Work Of Bakal Workshop,1,1,1500.0,6.250826444108276e-08,0.9999495660286103,C
0206ad0070n plastic clip frt arch bolero,0206AD0070N Plastic Clip(Frt Arch)Bolero,1,1,1500.0,6.250826444108276e-08,0.9999496285368747,C
transport charges,Transport charges,1,1,1500.0,6.250826444108276e-08,0.9999496910451392,C
a c repair work from cool india s 1928,A/C Repair Work From Cool India S 1928,1,1,1500.0,6.250826444108276e-08,0.9999497535534037,C
pizza oven reparing,Pizza Oven Reparing,1,1,1500.0,6.250826444108276e-08,0.9999498160616681,C
alluminium rivit 5 x 25mm,Alluminium Rivit 5 X 25MM,1,1,1500.0,6.250826444108276e-08,0.9999498785699326,C
oil seal w basf62x120x12 nbr,Oil seal W BASF62x120x12-NBR,1,1,1496.0,6.234157573590654e-08,0.9999499409115084,C
head gasket m arjun tractor,Head Gasket M Arjun Tractor,1,1,1491.53,6.21553011078721e-08,0.9999500030668095,C
sharp stain cleaner,Sharp Stain Cleaner,1,1,1488.0,6.20081983255541e-08,0.9999500650750078,C
hand pump 6657734,Hand Pump 6657734,1,1,1485.0,6.188318179667194e-08,0.9999501269581896,C
284633900113 relay valve knor brems 3118,284633900113 Relay Valve(Knor Brems)3118,1,1,1484.38,6.185734504736962e-08,0.9999501888155347,C
278601999994 timing g hsg cover tc,278601999994 Timing G HSG Cover TC,2,2,1484.36,6.185651160384374e-08,0.9999502506720462,C
kamod cover,Kamod Cover,1,1,1483.05,6.180192105289852e-08,0.9999503124739673,C
window sliding glass lpt bus,Window Sliding Glass LPT Bus,2,2,1483.04,6.180150433113558e-08,0.9999503742754716,C
ball valve 3 4 brass,"Ball Valve 3/4"" Brass",2,2,1480.0,6.167482091520165e-08,0.9999504359502925,C
labour charges of bakal work oil room,Labour Charges Of Bakal Work. Oil Room,1,1,1480.0,6.167482091520165e-08,0.9999504976251135,C
leave application iafi,Leave Application - IAFI,1,1,1475.0,6.146646003373138e-08,0.9999505590915735,C
sg15371 pinion coupling flange 34t 2515,SG15371 Pinion Coupling Flange 34T 2515,1,1,1474.2,6.143312229269614e-08,0.9999506205246957,C
radiam reflection tape 2,"Radiam Reflection Tape 2""",2,2,1472.1,6.134561072247862e-08,0.9999506818703064,C
123 02450 door latch lh jcb,123/02450 Door Latch Lh Jcb,1,1,1472.03,6.134269367013804e-08,0.9999507432130001,C
ht washer 6 mm,Ht Washer - 6 Mm,2,2,1470.0,6.12580991522611e-08,0.9999508044710993,C
mcb switch 50 amp 1 pole,"MCB SWITCH 50 AMP,1 POLE",1,1,1470.0,6.12580991522611e-08,0.9999508657291984,C
2130906k01 radiator hose set 241 m m,2130906K01 Radiator Hose Set 241 M & M,1,1,1468.0,6.117475479967299e-08,0.9999509269039533,C
led tube light 20w,LED Tube Light 20W,3,3,1462.5,6.094555783005568e-08,0.9999509878495111,C
cst conector 2 5 amp,Cst Conector 2.5 Amp,1,1,1462.5,6.094555783005568e-08,0.9999510487950689,C
air cleaner hose coil type 4 x4 15 1109,"Air Cleaner Hose Coil Type 4""x4""15"" 1109",1,1,1456.0,6.067468868414433e-08,0.9999511094697576,C
oil seal 50x80x10,Oil Seal 50X80X10,1,1,1455.0,6.063301650785028e-08,0.9999511701027741,C
550 42842 seal kit lift cyl piston jcb,550/42842 Seal Kit Lift Cyl(Piston) Jcb,1,1,1450.0,6.042465562638e-08,0.9999512305274297,C
labour charge from sundeep enter c 9682,Labour Charge From Sundeep Enter C-9682,2,2,1450.0,6.042465562638e-08,0.9999512909520853,C
ci gate valve 1,"Ci Gate Valve 1""",1,1,1450.0,6.042465562638e-08,0.999951351376741,C
banch vice,BANCH VICE,1,1,1450.0,6.042465562638e-08,0.9999514118013966,C
plastick stool,Plastick Stool,2,2,1447.6,6.032464240327427e-08,0.999951472126039,C
led bulb 25w,LED Bulb 25W,1,1,1446.42,6.027546923524729e-08,0.9999515324015082,C
ss square bar 12 mm,SS SQUARE BAR 12 MM,1,1,1443.75,6.016420452454215e-08,0.9999515925657128,C
bearing no 6210 c3 skf,Bearing No. - 6210/C3 Skf,1,1,1443.0,6.013295039232162e-08,0.9999516526986632,C
117202vb0a timing belt tensner partner,117202VB0A Timing Belt (Tensner) Partner,2,2,1441.53,6.007169229316936e-08,0.9999517127703554,C
clutch kundi 407,Clutch Kundi 407,2,2,1441.5,6.007044212788053e-08,0.9999517728407976,C
zipper bag 3x4,"Zipper Bag 3X4""",1,1,1441.0,6.004960603973351e-08,0.9999518328904037,C
otg own toaster grill bajaj,OTG (Own Toaster Grill) - Bajaj,1,1,1440.68,6.003627094331941e-08,0.9999518929266746,C
tata sky recharge,TATA SKY  RECHARGE,1,1,1440.68,6.003627094331941e-08,0.9999519529629456,C
upvc socket 2 5,"Upvc Socket 2.5""",1,1,1440.58,6.003210372568999e-08,0.9999520129950493,C
table shoe,Table Shoe,1,1,1440.0,6.000793386343944e-08,0.9999520730029832,C
mochi dhaga,Mochi dhaga,1,1,1440.0,6.000793386343944e-08,0.999952133010917,C
ci nozzal 1 5,Ci Nozzal - 1.5'',3,3,1440.0,6.000793386343944e-08,0.9999521930188509,C
chapda laac,Chapda (Laac),1,1,1440.0,6.000793386343944e-08,0.9999522530267847,C
screw driver 904,Screw Driver 904,1,1,1440.0,6.000793386343944e-08,0.9999523130347185,C
pani chhanni,Pani Chhanni,2,1,1440.0,6.000793386343944e-08,0.9999523730426524,C
dalda marvo excel,Dalda - Marvo Excel,1,1,1438.08,5.992792328495486e-08,0.9999524329705757,C
pully c 7x5g,Pully C 7X5G,1,1,1435.0,5.979957298196918e-08,0.9999524927701486,C
bolt 17 no 3,"Bolt 17 No. 3""",1,1,1435.0,5.979957298196918e-08,0.9999525525697216,C
electric saddle 1 5,Electric Saddle 1.5'',2,2,1435.0,5.979957298196918e-08,0.9999526123692946,C
carbon brush set for hand blower,Carbon Brush Set for Hand Blower,1,1,1430.0,5.959121210049889e-08,0.9999526719605066,C
repair main work from jain k 0679,Repair & Main Work From Jain K 0679,4,2,1427.06,5.946869590219437e-08,0.9999527314292025,C
cent coupling flange 16t 6 4hol 3118bs3,"Cent.Coupling Flange 16T 6"" 4Hol 3118BS3",1,1,1426.0,5.942452339532267e-08,0.9999527908537259,C
kamani washer bell cranck,Kamani Washer ( Bell Cranck ),2,1,1425.0,5.9382851219028624e-08,0.9999528502365771,C
kamod,Kamod,2,2,1423.73,5.932992755513517e-08,0.9999529095665046,C
sifter dimension m 1 1 0 8 1,Sifter - Dimension(m):1.1×0.8×1,1,1,1423.53,5.932159311987636e-08,0.9999529688880977,C
beaker 500ml,Beaker 500ml,3,3,1422.0,5.925783469014646e-08,0.9999530281459323,C
piston ring ace,Piston Ring Ace,2,2,1421.88,5.925283402899117e-08,0.9999530873987664,C
electric tape,Electric Tape,2,2,1420.4,5.919115920807597e-08,0.9999531465899256,C
bearing puller 6,"Bearing Puller 6""",1,1,1420.0,5.917449033755835e-08,0.9999532057644159,C
pata belana set for chapati,Pata Belana Set (For Chapati),2,2,1418.0,5.909114598497024e-08,0.9999532648555619,C
m 302970 re6 relay valve 2515 hyva,M 302970 RE6 Relay Valve 2515 Hyva,1,1,1417.26,5.906030857451263e-08,0.9999533239158704,C
kiwi crush 750 ml,Kiwi Crush 750 Ml,2,2,1414.32,5.893779237620811e-08,0.9999533828536629,C
hakka noodles pkd,Hakka Noodles (PKD),4,4,1414.1999999999998,5.893279171505282e-08,0.9999534417864546,C
white exterior paint,White exterior paint,1,1,1411.1,5.880360796854125e-08,0.9999535005900626,C
ss reducer concen 80 x 50 nb,SS Reducer concen- 80 x 50 NB,2,2,1410.0,5.8757768574617796e-08,0.9999535593478311,C
alignment balancing work z 5749,Alignment & Balancing Work Z 5749,1,1,1410.0,5.8757768574617796e-08,0.9999536181055997,C
valve seat 407 909,Valve Seat 407/909,3,3,1406.28,5.8602748078803907e-08,0.9999536767083478,C
rechargeble battery 2400 mah with charge,RECHARGEBLE BATTERY 2400 MAH WITH CHARGE,1,1,1404.0,5.8507735516853464e-08,0.9999537352160833,C
808 00296 liner bearing jcb,808/00296 Liner Bearing JCB,1,1,1403.38,5.8481898767551155e-08,0.9999537936979821,C
alternator adjuster bolt,Alternator Adjuster Bolt,3,3,1402.54,5.844689413946414e-08,0.9999538521448762,C
amul gold milk,Amul Gold Milk,2,2,1401.96,5.842272427721359e-08,0.9999539105676005,C
gas welding wire,Gas Welding Wire,1,1,1400.0,5.8341046811677244e-08,0.9999539689086473,C
ss bolt 5x25mm,Ss Bolt 5X25Mm,1,1,1400.0,5.8341046811677244e-08,0.9999540272496941,C
pu seal 90x80x11,PU Seal 90X80X11,1,1,1400.0,5.8341046811677244e-08,0.9999540855907408,C
o ring id 136 x od 152,O Ring ID 136 x OD 152,1,1,1400.0,5.8341046811677244e-08,0.9999541439317876,C
thermometer deg c 10 to 100,Thermometer Deg C (-10 to +100),1,1,1400.0,5.8341046811677244e-08,0.9999542022728344,C
puncher patches,Puncher Patches,2,1,1400.0,5.8341046811677244e-08,0.9999542606138812,C
gauge glass 3 4,"Gauge Glass 3/4""",1,1,1400.0,5.8341046811677244e-08,0.9999543189549279,C
talc,TALC,1,1,1400.0,5.8341046811677244e-08,0.9999543772959747,C
distilled water container withtap 20 25l,Distilled water container withtap(20-25L,1,1,1400.0,5.8341046811677244e-08,0.9999544356370215,C
lugz plier 6 50 sqmm,Lugz Plier  6-50 Sqmm,1,1,1395.0,5.813268593020697e-08,0.9999544937697074,C
pipe copper 3 8 refrigration,Pipe Copper 3/8 (Refrigration),1,1,1392.0,5.80076694013248e-08,0.9999545517773768,C
lf ps 180 120 25t,LF PS 180 120 25T,1,1,1392.0,5.80076694013248e-08,0.9999546097850462,C
welding glass black,Welding Glass Black,6,6,1390.0,5.792432504873669e-08,0.9999546677093712,C
element air cleaner 0140 4088,"Element, Air Cleaner (0140-4088)",2,1,1387.6,5.782431182563095e-08,0.999954725533683,C
v belt b 1390,V belt B - 1390,1,1,1384.0,5.767429199097236e-08,0.999954783207975,C
282633206701 king pin only ace mega,282633206701 King Pin (Only) Ace Mega,1,1,1382.82,5.762511882294537e-08,0.9999548408330938,C
hexa blade fram,Hexa Blade Fram,3,3,1380.0,5.750760328579614e-08,0.9999548983406971,C
motor sleeve 20 mm,Motor sleeve 20 mm,1,1,1380.0,5.750760328579614e-08,0.9999549558483003,C
rustolene,Rustolene,1,1,1380.0,5.750760328579614e-08,0.9999550133559035,C
552330100125 acc cable assy 2526mm mega,552330100125 Acc.Cable Assy 2526MM MEGA,1,1,1378.9,5.7461763891872684e-08,0.9999550708176674,C
0102bn0370n frt show grill assy m bolero,0102BN0370N Frt Show Grill Assy M-Bolero,1,1,1376.0,5.734091458061992e-08,0.999955128158582,C
chef coat double breasted white,Chef Coat Double Breasted White,1,1,1375.0,5.7299242404325864e-08,0.9999551854578244,C
ring spanner 16x17,Ring Spanner 16X17,2,2,1374.0,5.725757022803181e-08,0.9999552427153946,C
centre brg rubber 207 407,Centre Brg Rubber 207/407,2,2,1374.0,5.725757022803181e-08,0.9999552999729648,C
279001155327 cyl head gasket super ace,279001155327 Cyl.Head Gasket Super Ace,2,2,1372.88,5.721089739058247e-08,0.9999553571838622,C
tea maker,Tea Maker,1,1,1372.0,5.71742258754437e-08,0.9999554143580881,C
contactor kit mnx 12,Contactor Kit - Mnx 12,1,1,1370.0,5.709088152285559e-08,0.9999554714489697,C
sleev yoke 2515,Sleev Yoke 2515,1,1,1367.19,5.6973782707469295e-08,0.9999555284227524,C
propler shaft repair bombay auto r6992,Propler Shaft Repair Bombay Auto R6992,1,1,1367.19,5.6973782707469295e-08,0.9999555853965351,C
upvc male 2,"Upvc Male 2""",1,1,1365.3,5.689502229427353e-08,0.9999556422915573,C
oil seal 40x72x7,Oil Seal 40X72X7,1,1,1365.0,5.688252064138531e-08,0.999955699174078,C
252520156305 v belt 1280 mm,252520156305 V Belt 1280 Mm,1,1,1364.44,5.685918422266064e-08,0.9999557560332623,C
269026203805 synchro cone 3 4 5 ace,269026203805 Synchro Cone 3/4/5 ACE,1,1,1364.04,5.684251535214302e-08,0.9999558128757776,C
bundi,Bundi,6,6,1361.88,5.675250345134786e-08,0.9999558696282811,C
v belt a 52,V Belt A 52,1,1,1360.0,5.6674159759915036e-08,0.9999559263024409,C
milk tube brush with nipple 5356017126,Milk Tube Brush with Nipple (5356017126),1,1,1360.0,5.6674159759915036e-08,0.9999559829766007,C
tubelar spanner set,Tubelar Spanner Set,1,1,1360.0,5.6674159759915036e-08,0.9999560396507605,C
40 nb cs sorf flange class 150,40 NB CS SORF Flange ( Class - 150 ),1,1,1360.0,5.6674159759915036e-08,0.9999560963249203,C
100 ml k i wati,100 Ml K.I WATI,1,1,1356.0,5.6507471054738815e-08,0.9999561528323914,C
tail lamp assy rh lh tata magic ace,Tail Lamp Assy RH/LH Tata Magic Ace,2,1,1355.94,5.650497072416117e-08,0.9999562093373621,C
dcp 10kg discharge pipe,DCP 10KG Discharge pipe,2,2,1355.0,5.646579887844476e-08,0.999956265803161,C
beaker 100ml,Beaker 100ml,2,2,1352.0,5.6340782349562594e-08,0.9999563221439434,C
ice burg,ICE BURG,7,7,1350.0,5.6257437996974484e-08,0.9999563784013814,C
clamp bolt 21 no,Clamp Bolt  21 No.,1,1,1350.0,5.6257437996974484e-08,0.9999564346588194,C
29067548 tmc assy 10mm m bolero,29067548 TMC Assy 10MM M-Bolero,1,1,1350.0,5.6257437996974484e-08,0.9999564909162575,C
332 y2530 4bsp x 675mm hyd hose pipe jcb,332/Y2530 4BSP x 675MM HYD.Hose Pipe JCB,1,1,1350.0,5.6257437996974484e-08,0.9999565471736955,C
motor fan 5 5 pvc,"Motor Fan 5.5"" Pvc",1,1,1350.0,5.6257437996974484e-08,0.9999566034311336,C
barel pump,Barel Pump,1,1,1350.0,5.6257437996974484e-08,0.9999566596885716,C
o ring id 80 x od 90,O Ring ID 80 x OD 90,1,1,1350.0,5.6257437996974484e-08,0.9999567159460097,C
file rectangular 12,"File Rectangular 12""",2,2,1350.0,5.6257437996974484e-08,0.9999567722034477,C
diamond gland cutter 30 mm,Diamond Gland Cutter - 30 mm,1,1,1350.0,5.6257437996974484e-08,0.9999568284608857,C
spray pipe 13 long mb15380,"Spray Pipe 13"" Long (MB15380)",1,1,1350.0,5.6257437996974484e-08,0.9999568847183238,C
bearing sleev h 313,Bearing Sleev H-313,1,1,1344.0,5.600740493921015e-08,0.9999569407257287,C
arm bolt 24 no 7 1613,"Arm Bolt 24 No. 7"" 1613",1,1,1343.88,5.600240427805487e-08,0.999956996728133,C
bearing no 6209 2z,Bearing No. - 6209 2Z,1,1,1340.0,5.584071623403393e-08,0.9999570525688493,C
screw driver 804,Screw Driver 804,1,1,1340.0,5.584071623403393e-08,0.9999571084095655,C
gel pen,GEL PEN,1,1,1340.0,5.584071623403393e-08,0.9999571642502818,C
clutch system repair javed motor l 2668,Clutch System Repair Javed Motor L-2668,1,1,1340.0,5.584071623403393e-08,0.9999572200909981,C
ehaust fan blade 18,"Ehaust Fan Blade - 18""",2,2,1340.0,5.584071623403393e-08,0.9999572759317144,C
264154400202 head light assy rh 909 bsiv,264154400202 Head Light Assy RH 909 BSIV,1,1,1336.64,5.570069772168591e-08,0.9999573316324121,C
pvc nozal 1,"Pvc Nozal 1""",1,1,1335.0,5.5632355352563656e-08,0.9999573872647675,C
mustered cake saroso khali,Mustered cake (saroso khali),1,1,1333.5,5.556984708812257e-08,0.9999574428346145,C
ht bolt 6x25,Ht Bolt 6X25,1,1,1332.0,5.550733882368149e-08,0.9999574983419534,C
plastic table,Plastic Table,1,1,1330.5,5.5444830559240404e-08,0.9999575537867839,C
assy outer handle lh m bolero,Assy Outer Handle LH M-Bolero,1,1,1330.0,5.542399447109338e-08,0.9999576092107784,C
silicone rubber pipe 8x12,Silicone Rubber Pipe 8x12,1,1,1330.0,5.542399447109338e-08,0.9999576646347729,C
flat file 12 rough,"Flat File 12"" (Rough)",1,1,1325.0,5.5215633589623104e-08,0.9999577198504065,C
clutch kundi rod w end type 6 5 709 909,"Clutch Kundi Rod W/End Type 6.5"" 709/909",2,2,1322.1,5.509478427837034e-08,0.9999577749451908,C
40 302161 speed sensor jcb,40/302161 Speed Sensor JCB,1,1,1322.03,5.509186722602976e-08,0.999957830037058,C
taski 101,Taski 101,1,1,1322.0,5.509061706074094e-08,0.999957885127675,C
suspation repair work pankaj auto r 6992,Suspation Repair Work Pankaj Auto R-6992,1,1,1320.0,5.500727270815283e-08,0.9999579401349478,C
fuse 15 amp,Fuse 15 Amp,1,1,1320.0,5.500727270815283e-08,0.9999579951422205,C
ring fit combination spanner,Ring/Fit Combination Spanner,1,1,1320.0,5.500727270815283e-08,0.9999580501494932,C
fuse 20 amp,Fuse 20 Amp,1,1,1320.0,5.500727270815283e-08,0.999958105156766,C
low avrage pickup work jaika au ad8481,Low Avrage & Pickup Work Jaika Au.AD8481,1,1,1319.34,5.497976907179875e-08,0.999958160136535,C
d cold,D-Cold,2,2,1317.9,5.4919761137935317e-08,0.9999582150562962,C
126 12800 air cleaner hsg jcb,126/12800 Air Cleaner Hsg. JCB,1,1,1316.95,5.488017257045596e-08,0.9999582699364687,C
half yoke 1210,Half Yoke 1210,1,1,1316.0,5.484058400297661e-08,0.9999583247770527,C
kit kat fuse 63 amp,Kit Kat Fuse - 63 Amp,1,1,1316.0,5.484058400297661e-08,0.9999583796176367,C
285126200116 synchro kit 3 4 ace,285126200116 Synchro Kit 3/4 ACE,3,3,1312.56,5.4697231716525056e-08,0.9999584343148684,C
duplex spocket 17 x1 25,"Duplex Spocket 17""X1.25""",1,1,1310.0,5.4590550945212276e-08,0.9999584889054194,C
icing sugar edan,Icing Sugar Edan,1,1,1309.5,5.4569714857065245e-08,0.9999585434751342,C
gear box tapa repair kit g 600,Gear Box Tapa Repair Kit G-600,1,1,1303.14,5.430467981583506e-08,0.9999585977798141,C
mat change work from khandelwal ad 1533,Mat Change Work From Khandelwal AD 1533,1,1,1300.0,5.4173829182271724e-08,0.9999586519536433,C
260020156302 v belt 980mm 1109 bsiii,260020156302 V Belt 980MM 1109 BSIII,1,1,1300.0,5.4173829182271724e-08,0.9999587061274725,C
hedge shere large garden scissors,Hedge Shere Large (Garden Scissors),1,1,1300.0,5.4173829182271724e-08,0.9999587603013017,C
ci ballvale 3 4 with 3 4 flange,"Ci Ballvale 3/4""- With 3/4"" Flange",1,1,1300.0,5.4173829182271724e-08,0.9999588144751309,C
ball cock assembly 1 2,"Ball Cock Assembly 1/2""",1,1,1300.0,5.4173829182271724e-08,0.9999588686489601,C
hex pull nut p3248,Hex Pull Nut (P3248),1,1,1300.0,5.4173829182271724e-08,0.9999589228227893,C
silicagel breather for transformer,Silicagel Breather for Transformer,1,1,1300.0,5.4173829182271724e-08,0.9999589769966185,C
cpvc ballvalve 3 4,"Cpvc Ballvalve 3/4""",4,4,1299.45,5.4150909485309996e-08,0.999959031147528,C
dettol bandage,Dettol Bandage,3,3,1298.7,5.411965535308945e-08,0.9999590852671834,C
tubbe 900x16 jcb,Tubbe 900X16 JCB,1,1,1298.34,5.410465336962359e-08,0.9999591393718368,C
mango crush,Mango Crush,2,2,1296.42,5.402464279113901e-08,0.9999591933964795,C
ht washer 20mm,Ht Washer - 20Mm,1,1,1296.0,5.40071404770955e-08,0.99995924740362,C
bearing nsk 35x55x20mm ac vehicle brg,Bearing NSK 35x55x20MM AC Vehicle BRG.,2,2,1293.26,5.389295871404979e-08,0.9999593012965787,C
air pr pipe 22 no bross 22 no nut 72,"Air Pr.Pipe 22 No.Bross 22 No.Nut 72""",1,1,1292.0,5.384045177191928e-08,0.9999593551370305,C
bush ss 304 2hwp 44,Bush SS-304 - 2HWP-44,1,1,1290.0,5.375710741933117e-08,0.9999594088941379,C
272535307901 thru shaft lpk2516,272535307901 Thru Shaft LPK2516,1,1,1289.06,5.3717935573614756e-08,0.9999594626120735,C
boostick,BooStick,2,2,1288.14,5.367959717142423e-08,0.9999595162916707,C
led bulb 9 w thread type,LED Bulb 9 W(Thread type),1,1,1280.0,5.334038565639062e-08,0.9999595696320563,C
nozzle ptfe seal conical,NOZZLE PTFE SEAL CONICAL,1,1,1280.0,5.334038565639062e-08,0.999959622972442,C
air filter secondry 1613 eicher 2016,Air Filter Secondry 1613/EICHER 2016,1,1,1277.84,5.3250373755595456e-08,0.9999596762228158,C
drill bitt,DRILL BITT,1,1,1275.0,5.3132024774920344e-08,0.9999597293548406,C
ss bolt 6x50 mm,SS Bolt - 6x50 Mm,1,1,1275.0,5.3132024774920344e-08,0.9999597824868653,C
264046600121 drag link assy 709 bsiv,264046600121 Drag Link Assy 709 BSIV,1,1,1274.33,5.3104104416803324e-08,0.9999598355909698,C
571005116302 timing belt 121t ace mega,571005116302 Timing Belt 121T Ace Mega,1,1,1272.88,5.3043679761176955e-08,0.9999598886346496,C
labour charge from shree motors af 6382,Labour Charge From Shree Motors AF-6382,1,1,1271.19,5.2973253783239996e-08,0.9999599416079034,C
cp hole jali 5,"CP HOLE JALI 5 """,1,1,1271.0,5.296533606974412e-08,0.9999599945732395,C
cp jali 5,"CP JALI 5 """,1,1,1271.0,5.296533606974412e-08,0.9999600475385756,C
bulb 60 w,Bulb - 60 W,1,1,1270.5,5.29444999815971e-08,0.9999601004830756,C
ups double trolley,UPS Double Trolley,1,1,1270.0,5.292366389345007e-08,0.9999601534067395,C
epson color printer ink 003 for l3150 p,Epson color printer ink 003(For L3150 p),2,1,1267.87,5.2834902157943724e-08,0.9999602062416416,C
ignition switch 1210,Ignition Switch 1210,1,1,1264.8,5.270696857672098e-08,0.9999602589486102,C
289846990107 tie drag l rod end rh yodha,289846990107 Tie/Drag L.Rod End RH Yodha,1,1,1260.94,5.254611397622593e-08,0.9999603114947242,C
refilling for co2 type 4 5 kg,Refilling for CO2 Type 4.5 Kg,2,2,1260.0,5.2506942130509516e-08,0.9999603640016663,C
pvc socket 2 5,"Pvc Socket 2.5""",2,2,1260.0,5.2506942130509516e-08,0.9999604165086085,C
welding rod ss 3 15 ador,Welding Rod Ss 3.15 Ador,1,1,1260.0,5.2506942130509516e-08,0.9999604690155506,C
allout liquid machine,Allout Liquid Machine,2,2,1256.0,5.2340253425333295e-08,0.999960521355804,C
sodium nitrite,Sodium Nitrite,2,2,1254.0,5.2256909072745185e-08,0.9999605736127131,C
stator field coil for grinder m c,Stator / Field Coil for Grinder M/c,1,1,1252.0,5.2173564720157074e-08,0.9999606257862778,C
channle gate repair work mazhar we l0280,Channle Gate Repair Work Mazhar We.L0280,1,1,1250.0,5.2090220367568964e-08,0.9999606778764981,C
frt clamp 3 1 2,Frt Clamp 3 1/2,1,1,1250.0,5.2090220367568964e-08,0.9999607299667185,C
con rod bush set 407 std,Con Rod Bush Set 407 STD,5,5,1250.0,5.2090220367568964e-08,0.9999607820569388,C
door handle,Door Handle,1,1,1250.0,5.2090220367568964e-08,0.9999608341471592,C
shutter repairing work of bakal,Shutter Repairing Work Of Bakal,1,1,1250.0,5.2090220367568964e-08,0.9999608862373796,C
35 roller nylon eb 13 00,35 Roller (Nylon) (EB-13-00),1,1,1250.0,5.2090220367568964e-08,0.9999609383275999,C
dcp 05kg discharge pipe,DCP 05KG Discharge pipe,2,2,1250.0,5.2090220367568964e-08,0.9999609904178203,C
rb ball pen dynamite,RB BALL PEN DYNAMITE,2,2,1249.96,5.20885534805172e-08,0.9999610425063737,C
50 nb cs elebow schedule 40 seamless,50 NB CS Elebow ( schedule 40. SEAMLESS),1,1,1240.0,5.167349860462841e-08,0.9999610941798723,C
clean wrap,Clean Wrap,1,1,1230.0,5.125677684168786e-08,0.9999611454366492,C
hdmi male to vga male 1 5 m 1080 p,"HDMI  Male to VGA Male,1.5 m, 1080 P",1,1,1229.0,5.1215104665393805e-08,0.9999611966517539,C
15 nb cs pipe schedule 40 seamless,15 NB CS Pipe( schedule 40. ) (SEAMLESS),1,1,1228.5,5.119426857724678e-08,0.9999612478460225,C
nut 10 no,Nut 10 No.,3,3,1228.0,5.117343248909975e-08,0.999961299019455,C
diesel lekage work kamal diesel b 5125,Diesel Lekage Work Kamal Diesel B-5125,1,1,1225.0,5.1048415960217584e-08,0.9999613500678709,C
diesel lekage work kamal diesel cg0b2010,Diesel Lekage Work Kamal Diesel CG0B2010,1,1,1225.0,5.1048415960217584e-08,0.9999614011162868,C
diesel lekage work kamal diesel b 2869,Diesel Lekage Work Kamal Diesel B-2869,1,1,1225.0,5.1048415960217584e-08,0.9999614521647028,C
diesel lekage work kamal diesel b 1030,Diesel Lekage Work Kamal Diesel B-1030,1,1,1225.0,5.1048415960217584e-08,0.9999615032131187,C
diesel lekage work from kamal die c 9152,Diesel Lekage Work From Kamal Die.C-9152,1,1,1225.0,5.1048415960217584e-08,0.9999615542615347,C
diesel lekage work kamal diesel cg0l0161,Diesel Lekage Work Kamal Diesel CG0L0161,1,1,1225.0,5.1048415960217584e-08,0.9999616053099506,C
diesel lekage work from kamal die b 1029,Diesel Lekage Work From Kamal Die.B-1029,1,1,1225.0,5.1048415960217584e-08,0.9999616563583665,C
332 y1444adjuster stablizr check nut jcb,332/Y1444Adjuster Stablizr Check Nut JCB,1,1,1223.72,5.09950755745612e-08,0.9999617073534421,C
star phool,Star Phool,2,2,1220.0,5.084005507874731e-08,0.9999617581934972,C
safe x liquid hand wash,Safe-X Liquid (Hand Wash),1,1,1220.0,5.084005507874731e-08,0.9999618090335523,C
x7819100 window bottom glass al 1012,X7819100 Window Bottom Glass AL 1012,1,1,1215.0,5.063169419727703e-08,0.9999618596652464,C
f8615514 air intek metal pipe 12 al 1012,"F8615514 Air Intek Metal Pipe 12""AL 1012",1,1,1212.0,5.0506677668394866e-08,0.999961910171924,C
upvc reducer 1 5x2,"Upvc Reducer 1.5X2""",1,1,1211.76,5.0496676346084296e-08,0.9999619606686004,C
label 15 kg jar,Label 15 Kg Jar,1,1,1210.0,5.0423333315806756e-08,0.9999620110919337,C
middle screw blade 2200mm,Middle Screw blade 2200mm,1,1,1210.0,5.0423333315806756e-08,0.999962061515267,C
252718175817 hose tc outlet to cyl crank,252718175817 Hose TC Outlet TO Cyl Crank,2,2,1207.65,5.032540370151573e-08,0.9999621118406707,C
307702va0a assy clutch cable al dost,307702VA0A Assy Clutch Cable AL DOST,1,1,1207.05,5.0300400395739294e-08,0.9999621621410711,C
pvc elbow 2 5,"Pvc Elbow 2.5""",2,2,1203.0,5.013162808174837e-08,0.9999622122726992,C
servopack sgdv 200a01a002000,Servopack SGDV-200A01A002000,1,1,1200.0,5.0006611552866204e-08,0.9999622622793107,C
motor sleeve 18 mm,Motor sleeve 18 mm,1,1,1200.0,5.0006611552866204e-08,0.9999623122859223,C
silo pipe 75 mm,SILO PIPE 75 MM,1,1,1200.0,5.0006611552866204e-08,0.9999623622925338,C
65 nb cs elebow schedule 40 seamless,65 NB CS Elebow ( schedule 40.SEAMLESS),1,1,1200.0,5.0006611552866204e-08,0.9999624122991453,C
labour charge from sundeep enter c8589,Labour Charge From Sundeep Enter.C8589,2,2,1200.0,5.0006611552866204e-08,0.9999624623057568,C
labour charge from sundeep enter p0775,Labour Charge From Sundeep Enter.P0775,2,2,1200.0,5.0006611552866204e-08,0.9999625123123683,C
bed sheet,Bed Sheet,1,1,1200.0,5.0006611552866204e-08,0.9999625623189798,C
fitting charge,Fitting Charge,1,1,1200.0,5.0006611552866204e-08,0.9999626123255914,C
new audio player for bus t 0365,New Audio Player For Bus T 0365,1,1,1200.0,5.0006611552866204e-08,0.9999626623322029,C
gi nipple 1x12,Gi Nipple 1X12,1,1,1200.0,5.0006611552866204e-08,0.9999627123388144,C
head repair work from mehar singh la0890,Head Repair Work From Mehar Singh LA0890,1,1,1200.0,5.0006611552866204e-08,0.9999627623454259,C
labour charge from ahuja automob ae 5674,Labour Charge From Ahuja Automob.AE-5674,1,1,1200.0,5.0006611552866204e-08,0.9999628123520374,C
allen key 10mm ball point,Allen key 10mm (ball point),1,1,1200.0,5.0006611552866204e-08,0.999962862358649,C
hn fuse 200 a,Hn Fuse 200 A,1,1,1200.0,5.0006611552866204e-08,0.9999629123652605,C
ac indoor unit motor,AC Indoor Unit Motor,3,3,1200.0,5.0006611552866204e-08,0.999962962371872,C
caution tape roll 500 mtr,Caution Tape Roll 500 Mtr,1,1,1200.0,5.0006611552866204e-08,0.9999630123784835,C
pencil grinder 25 mm,Pencil Grinder 25 mm,1,1,1200.0,5.0006611552866204e-08,0.999963062385095,C
transister model cs8n 80 f,TRANSISTER MODEL-CS8N 80 F,1,1,1200.0,5.0006611552866204e-08,0.9999631123917065,C
round belt g 15 01,Round Belt (G-15-01),1,1,1200.0,5.0006611552866204e-08,0.9999631623983181,C
seal kit for fly start cylinder,Seal Kit for Fly Start Cylinder,1,1,1200.0,5.0006611552866204e-08,0.9999632124049296,C
pin od 29 teeth 12,PIN OD-29 TEETH-12,1,1,1200.0,5.0006611552866204e-08,0.9999632624115411,C
seal kit for carrier assy size i,"Seal Kit for Carrier Assy, Size-I",1,1,1200.0,5.0006611552866204e-08,0.9999633124181526,C
gi pipe 3 4,Gi Pipe 3/4'',1,1,1200.0,5.0006611552866204e-08,0.9999633624247641,C
screw driver 8 in 1,Screw Driver 8 in 1,1,1,1200.0,5.0006611552866204e-08,0.9999634124313757,C
bearing no 32214,Bearing No. 32214,1,1,1200.0,5.0006611552866204e-08,0.9999634624379872,C
hub greasingh repair ahuja auto ae 5919,Hub Greasingh Repair Ahuja Auto.AE-5919,1,1,1200.0,5.0006611552866204e-08,0.9999635124445987,C
fiber sheet white,Fiber Sheet - White,1,1,1200.0,5.0006611552866204e-08,0.9999635624512102,C
cpvc brass elbow 3 4,"Cpvc Brass Elbow 3/4""",1,1,1200.0,5.0006611552866204e-08,0.9999636124578217,C
labour charges of car rep work aa 4488,Labour Charges Of Car Rep. Work AA 4488,1,1,1199.0,4.996493937657215e-08,0.9999636624227611,C
282929100130 clutch cable 2010m tata ace,282929100130 Clutch Cable 2010M Tata Ace,1,1,1195.3,4.9810752324284144e-08,0.9999637122335134,C
f0t00500 timing belt tensioner al dost,F0T00500 Timing Belt (Tensioner) AL Dost,1,1,1194.06,4.975907882567952e-08,0.9999637619925923,C
tube 195 205 215r 15,Tube 195/205/215R-15,1,1,1192.96,4.971323943175606e-08,0.9999638117058317,C
upvc elbow 3 4x1 2 brass,"Upvc Elbow 3/4X1/2"" (Brass)",2,2,1192.3200000000002,4.968656923892787e-08,0.9999638613924009,C
led bulb 9 w pin type,LED Bulb 9 W(Pin type),1,1,1190.0,4.958988978992565e-08,0.9999639109822906,C
ht bolt 6x50,Ht Bolt 6X50,1,1,1190.0,4.958988978992565e-08,0.9999639605721804,C
v belt b 45,V Belt - B 45,1,1,1188.0,4.950654543733754e-08,0.9999640100787258,C
electrol powder,Electrol Powder,2,2,1188.0,4.950654543733754e-08,0.9999640595852712,C
alleneky bolt 6x25mm,Alleneky Bolt - 6x25Mm,1,1,1188.0,4.950654543733754e-08,0.9999641090918167,C
807002ve0a w regulator assy rh alpartner,807002VE0A W/Regulator Assy RH ALPartner,1,1,1182.81,4.929026684237139e-08,0.9999641583820835,C
shocket 10 amp,Shocket 10 Amp,1,1,1180.0,4.91731680269851e-08,0.9999642075552515,C
seamless tee 50 nb,Seamless Tee - 50 NB,1,1,1180.0,4.91731680269851e-08,0.9999642567284195,C
brass tee 1 4 x 1 4,Brass Tee - 1/4'' x 1/4'',2,2,1176.0,4.900647932180888e-08,0.9999643057348988,C
ria vial cap,Ria Vial Cap,1,1,1175.0,4.8964807145514824e-08,0.9999643546997059,C
led bulb 12w,LED Bulb 12W,1,1,1174.0,4.892313496922077e-08,0.9999644036228409,C
air oil filter change mp tractor p3115,Air & Oil Filter Change MP Tractor P3115,1,1,1173.0,4.8881462792926714e-08,0.9999644525043037,C
mombatti,Mombatti,2,2,1172.8,4.8873128357667905e-08,0.999964501377432,C
hoister dimension m 2 2 0 6 2 2,Hoister - Dimension(m): 2.2×0.6×2.2,1,1,1172.32,4.885312571304676e-08,0.9999645502305577,C
high hoister dimension m 2 2 0 6 2 5,High Hoister - Dimension(m): 2.2×0.6×2.5,1,1,1172.32,4.885312571304676e-08,0.9999645990836835,C
ht spring washer m12,Ht Spring Washer M12,1,1,1170.0,4.875644626404455e-08,0.9999646478401297,C
measuring jug 2 ltr,Measuring Jug 2 Ltr.,1,1,1170.0,4.875644626404455e-08,0.9999646965965759,C
air line jointer 8 mm,Air Line Jointer - 8 mm,2,1,1160.0,4.8339724501104e-08,0.9999647449363005,C
allen bolt 3 8 x1 25,"Allen Bolt - 3/8""X1.25""",1,1,1154.0,4.808969144333967e-08,0.999964793025992,C
panel fan 6,"PANEL FAN 6""",1,1,1150.0,4.792300273816345e-08,0.9999648409489947,C
clamp bolt 19 no,Clamp Bolt  19 No.,1,1,1150.0,4.792300273816345e-08,0.9999648888719975,C
leaf spring bush tough rider jeep,Leaf Spring Bush Tough Rider/ Jeep,1,1,1150.0,4.792300273816345e-08,0.9999649367950003,C
assy stearing gear box zf 2515,Assy Stearing Gear Box (ZF) 2515,1,1,1150.0,4.792300273816345e-08,0.9999649847180031,C
285126355404 rev idler gear 28t sup ace,285126355404 Rev.Idler Gear 28T SUP.ACE,1,1,1148.44,4.7857994143144726e-08,0.9999650325759972,C
550740166701 rear hub bolt only 909 bsiv,550740166701 Rear Hub Bolt Only 909 BSIV,1,1,1146.88,4.7792985548126e-08,0.9999650803689828,C
269915409944crank speed pos sensor yodha,269915409944Crank Speed POS Sensor Yodha,1,1,1146.88,4.7792985548126e-08,0.9999651281619684,C
ci ball valve 1 2,"Ci Ball Valve 1/2""",1,1,1146.0,4.775631403298723e-08,0.9999651759182824,C
upvc elbow 2 5,"Upvc Elbow 2.5""",1,1,1143.9,4.766880246276971e-08,0.9999652235870848,C
injector nozzel repair from kamal p 1198,Injector Nozzel Repair From Kamal P-1198,1,1,1140.8,4.753961871625814e-08,0.9999652711267035,C
f002g20886 4ar brush gear assy m bolero,F002G20886-4AR Brush Gear Assy M-Bolero,1,1,1140.64,4.75329511680511e-08,0.9999653186596547,C
new year entry passes 2019,New Year Entry Passes 2019,1,1,1140.08,4.7509614749326416e-08,0.9999653661692695,C
cowpea beans barbatti,Cowpea Beans (Barbatti),7,7,1140.0,4.75062809752229e-08,0.9999654136755505,C
tube fitting stud 6mmx1 4,"Tube Fitting Stud - 6MmX1/4""",2,2,1140.0,4.75062809752229e-08,0.9999654611818315,C
chabila masala,Chabila Masala,2,2,1139.06,4.746710912950648e-08,0.9999655086489406,C
mdf board 12mm,MDF Board 12Mm,1,1,1139.0,4.7464608798928844e-08,0.9999655561135494,C
copper lugz u 1 5 mm,Copper Lugz U 1.5 Mm,2,2,1136.0,4.733959227004668e-08,0.9999656034531417,C
engine valve set m m,Engine Valve Set M & M,1,1,1132.81,4.720665802766864e-08,0.9999656506597997,C
rin aala 500 ml,Rin Aala - 500 ml,1,1,1130.16,4.7096226760489394e-08,0.9999656977560265,C
333 y1797 acc cable kit w hand lever jcb,333/Y1797 Acc.Cable Kit W/Hand Lever JCB,1,1,1129.66,4.707539067234237e-08,0.9999657448314172,C
tomato puree,Tomato Puree,1,1,1128.0,4.7006214859694237e-08,0.999965791837632,C
gumla for flour making,Gumla (for flour making),1,1,1127.0,4.696454268340018e-08,0.9999658388021747,C
bearing 6202 v alternator brg,Bearing 6202 V (Alternator Brg.),1,1,1125.0,4.688119833081207e-08,0.9999658856833731,C
silo socket 75 mm,SILO SOCKET 75 MM,1,1,1125.0,4.688119833081207e-08,0.9999659325645714,C
piston w pin lock 1035 di,Piston W/Pin & Lock 1035 Di,1,1,1125.0,4.688119833081207e-08,0.9999659794457698,C
oil filter belt change mp tracto p8083,Oil Filter & Belt Change MP Tracto.P8083,2,1,1122.0,4.6756181801929905e-08,0.9999660262019516,C
casting ele weight machine,Casting (Ele. Weight Machine ),1,1,1120.0,4.6672837449341795e-08,0.9999660728747891,C
toggle switch 3 point,Toggle Switch 3 Point,1,1,1120.0,4.6672837449341795e-08,0.9999661195476266,C
fit spanner 18x19,Fit Spanner 18X19,1,1,1120.0,4.6672837449341795e-08,0.9999661662204641,C
motor sleeve 25 no,Motor Sleeve - 25 No.,1,1,1120.0,4.6672837449341795e-08,0.9999662128933016,C
copper lugz ring 10 mm,Copper Lugz Ring 10 Mm,1,1,1119.0,4.663116527304774e-08,0.9999662595244668,C
pad ink,Pad Ink,2,2,1117.26,4.6558655686296084e-08,0.9999663060831225,C
hb strong,HB Strong,1,1,1116.0,4.6506148744165574e-08,0.9999663525892712,C
76 x 6mm cross 120 x 2,76 X 6mm Cross (120 X 2),1,1,1115.0,4.646447656787152e-08,0.9999663990537478,C
807202va0a w regulator assy rh al dost,807202VA0A W/Regulator Assy RH AL DOST,1,1,1112.5,4.636029612713638e-08,0.999966445414044,C
bolt 17 no 4 m10x1 5x110,"Bolt 17 NO. 4"" M10X1.5X110",1,1,1112.5,4.636029612713638e-08,0.9999664917743402,C
socket 6 amp,Socket 6 AMP,4,4,1107.6,4.61561024632955e-08,0.9999665379304427,C
ms washer 4 sut,Ms Washer 4 Sut,3,3,1104.8,4.603942036967215e-08,0.999966583969863,C
opc drum,OPC Drum,1,1,1101.7,4.5910236623160585e-08,0.9999666298800997,C
electrod owen 5 kg capacity 0 300 c,Electrod Owen (5 Kg Capacity) 0-300'C,1,1,1101.69,4.5909819901397643e-08,0.9999666757899196,C
fire clax,Fire Clax,1,1,1100.0,4.583939392346069e-08,0.9999667216293135,C
labour charge from new mmg cg08l0874,Labour Charge From New MMG CG08L0874,2,2,1100.0,4.583939392346069e-08,0.9999667674687075,C
halogen set 1000w,Halogen Set 1000W,1,1,1100.0,4.583939392346069e-08,0.9999668133081014,C
dataflex cleaning kit,"DATAFLEX, CLEANING KIT",1,1,1100.0,4.583939392346069e-08,0.9999668591474954,C
niddle bar bushing upper part no 8002a1,Niddle Bar bushing(Upper)part no-8002A1,1,1,1100.0,4.583939392346069e-08,0.9999669049868893,C
simplex chain lock 3 8,"Simplex Chain lock 3/8""",1,1,1100.0,4.583939392346069e-08,0.9999669508262833,C
hole punch 10 mm,Hole Punch 10 Mm,1,1,1100.0,4.583939392346069e-08,0.9999669966656772,C
niddle bar bushing lower part no 8002a2,Niddle Bar bushing(Lower)part no-8002A2,1,1,1100.0,4.583939392346069e-08,0.9999670425050712,C
diff cover pkg 608,Diff. Cover Pkg. 608,1,1,1100.0,4.583939392346069e-08,0.9999670883444651,C
tds meter,TDS Meter,1,1,1100.0,4.583939392346069e-08,0.9999671341838591,C
b al elbow fittings qsl 06 mm,B-AL-Elbow Fittings QSL - 06 mm,2,1,1100.0,4.583939392346069e-08,0.999967180023253,C
butter paper,Butter Paper,1,1,1099.2,4.5806056182425444e-08,0.9999672258293092,C
ht bolt 3 8x1 5,Ht Bolt 3/8X1.5'',1,1,1097.0,4.5714377394578525e-08,0.9999672715436866,C
assy piston kit ace,Assy Piston Kit ACE,1,1,1095.32,4.564436813840451e-08,0.9999673171880548,C
29067251 tmc assy tata magic,29067251 Tmc Assy Tata Magic,1,1,1093.75,4.557894282162285e-08,0.9999673627669976,C
f0v00300 tensioner timing belt al dost,F0V00300 Tensioner (Timing Belt) AL Dost,1,1,1092.18,4.551351750484118e-08,0.9999674082805151,C
garlic,GARLIC,1,1,1092.0,4.550601651310825e-08,0.9999674537865316,C
spunj sheet 2,"Spunj Sheet 2""",1,1,1090.0,4.542267216052014e-08,0.9999674992092038,C
cs reducer 6 x4,"Cs Reducer 6""X4""",1,1,1090.0,4.542267216052014e-08,0.999967544631876,C
air conveyor dimension m 1 1 0 6 0 5,Air conveyor - Dimension(m): 1.1×0.6×0.5,1,1,1088.59,4.536391439194552e-08,0.9999675899957904,C
clutch kundi rod w end type 8 709 909,"Clutch Kundi Rod W/End Type 8"" 709/909",2,2,1088.1,4.534349502556143e-08,0.9999676353392855,C
chana,Chana,3,3,1085.0,4.521431127904986e-08,0.9999676805535967,C
hyd pipe change w for damri generator,Hyd. Pipe Change W. For Damri Generator,1,1,1080.0,4.500595039757959e-08,0.9999677255595472,C
led bulb 7 w pin type,LED Bulb 7 W(Pin type),1,1,1080.0,4.500595039757959e-08,0.9999677705654976,C
uniform male shirt,Uniform Male Shirt,1,1,1080.0,4.500595039757959e-08,0.999967815571448,C
ms pipe 1 2 c class 3 2 mm 1 44 kg,"MS Pipe 1/2"" C Class, 3.2 mm , 1.44 kg/",1,1,1080.0,4.500595039757959e-08,0.9999678605773984,C
sylincer jali 1 1 2 x6 tata ace magic,"Sylincer Jali 1 1/2""x6"" Tata Ace/Magic",1,1,1072.5,4.469340907537417e-08,0.9999679052708075,C
labour charge from city wheels af 3460,Labour Charge From City Wheels AF-3460,1,1,1069.64,4.457422665117318e-08,0.9999679498450341,C
811 50536 pivot pin stabiliser jcb,811/50536 Pivot Pin (Stabiliser) Jcb,1,1,1069.49,4.456797582472907e-08,0.99996799441301,C
condensor 80 100 mfd,Condensor 80-100 MFD,1,1,1066.8,4.4455877670498054e-08,0.9999680388688876,C
265154209989 assy speedo cable jis 2000,265154209989_Assy Speedo Cable Jis 2000,1,1,1061.04,4.42158459350443e-08,0.9999680830847336,C
anchor fastner 8x100,Anchor Fastner - 8X100,2,2,1060.0,4.417250687169848e-08,0.9999681272572405,C
rear veiw mirror lh 3 hole tata ace,Rear Veiw Mirror LH (3 Hole) Tata Ace,1,1,1057.68,4.407582742269628e-08,0.9999681713330679,C
f002g91343 drive end shield,F002G91343 Drive End Shield,1,1,1054.68,4.3950810893814114e-08,0.9999682152838788,C
oxalgin tab,Oxalgin Tab,1,1,1052.2,4.3847463896604856e-08,0.9999682591313427,C
1 25mm nylone pipe plasto,"1""(25mm) Nylone Pipe Plasto",1,1,1050.94,4.379495695447435e-08,0.9999683029262997,C
bolt 280560,Bolt - 280560,1,1,1050.8,4.378912284979317e-08,0.9999683467154226,C
labour charge from star automobil v 7087,Labour Charge From Star Automobil.V-7087,1,1,1050.0,4.375578510875793e-08,0.9999683904712077,C
notice board,Notice Board,1,1,1050.0,4.375578510875793e-08,0.9999684342269928,C
aux contact block 1no 1nc ladn11,Aux Contact Block 1NO+1NC - LADN11,1,1,1050.0,4.375578510875793e-08,0.9999684779827779,C
angle grinder 4x 6x 16mm,Angle grinder 4X 6X 16MM,1,1,1050.0,4.375578510875793e-08,0.999968521738563,C
steering oil seal 26 42 12 909,Steering Oil Seal 26-42-12 909,1,1,1050.0,4.375578510875793e-08,0.9999685654943481,C
334 y5208 hyd hose 06bsp lp 1050mm b jcb,334/Y5208 Hyd.Hose 06Bsp Lp 1050mm B Jcb,2,2,1050.0,4.375578510875793e-08,0.9999686092501332,C
hammer mill sieve plate 4mm sfsp132x102g,Hammer Mill Sieve Plate 4mm-SFSP132X102G,1,1,1048.2,4.3680775191428636e-08,0.9999686529309084,C
bolt 24 no 4,"Bolt 24 No. 4""",1,1,1041.0,4.3380735522111434e-08,0.999968696311644,C
carrier bearing mounting block,Carrier Bearing Mounting Block,1,1,1040.0,4.333906334581738e-08,0.9999687396507073,C
butterscotch nuts,Butterscotch Nuts,1,1,1035.72,4.3160706431278827e-08,0.9999687828114138,C
bone die 11mm 120 x 2,Bone Die 11mm - 120 X 2,1,1,1035.0,4.31307024643471e-08,0.9999688259421162,C
cpvc nipple 1 5,"Cpvc Nipple 1.5""",2,2,1035.0,4.31307024643471e-08,0.9999688690728187,C
0108eaf01150n front wheel arch rh bolero,0108EAF01150N Front Wheel Arch RH Bolero,1,1,1034.0,4.308903028805305e-08,0.9999689121618489,C
0108eaf01140n front wheel arch lh bolero,0108EAF01140N Front Wheel Arch LH Bolero,1,1,1032.0,4.300568593546494e-08,0.9999689551675348,C
sq ammonium molybdate,SQ Ammonium Molybdate,1,1,1030.0,4.292234158287683e-08,0.9999689980898764,C
screw driver,Screw Driver,2,1,1030.0,4.292234158287683e-08,0.999969041012218,C
ac exial fan 8,"AC Exial Fan - 8""",1,1,1030.0,4.292234158287683e-08,0.9999690839345595,C
272425600164 clutch release yoke sup ace,272425600164 Clutch Release Yoke Sup.Ace,1,1,1026.56,4.2778989296425276e-08,0.9999691267135489,C
253422125113 frt eng support lh 407 bsiv,253422125113 Frt.Eng.Support LH 407 BSIV,1,1,1026.33,4.276940469587764e-08,0.9999691694829536,C
simplex spocket 19x1,"Simplex Spocket 19X1 """,1,1,1026.0,4.2755652877700606e-08,0.9999692122386065,C
jaiphal nutmeg,Jaiphal (Nutmeg),2,2,1023.81,4.266439081161662e-08,0.9999692549029973,C
fip injector repair kamal diesel z1485,FIP & Injector Repair Kamal Diesel Z1485,1,1,1023.0,4.263063634881844e-08,0.9999692975336336,C
fanta bottle 2 ltr,Fanta Bottle 2 Ltr,1,1,1021.42,4.256479431027383e-08,0.999969340098428,C
potentiometer 1 k,POTENTIOMETER (1 K),1,1,1020.0,4.2505619819936275e-08,0.9999693826040478,C
ms washer 5 sut,Ms Washer 5 Sut,1,1,1020.0,4.2505619819936275e-08,0.9999694251096676,C
ring spaner 6x7,Ring Spaner 6X7,1,1,1020.0,4.2505619819936275e-08,0.9999694676152874,C
coconut milk,Coconut Milk,1,1,1017.84,4.241560791914112e-08,0.9999695100308953,C
binder clip 41mm,Binder Clip 41Mm,1,1,1017.6,4.240560659683054e-08,0.9999695524365019,C
ac insulation sleeve 11 8,AC Insulation Sleeve - 11/8'',1,1,1017.0,4.238060329105411e-08,0.9999695948171051,C
stabilizer 0 5 kva,Stabilizer 0.5 KVA,1,1,1016.95,4.237851968223941e-08,0.9999696371956248,C
spike guard,Spike Guard,1,1,1016.94,4.237810296047647e-08,0.9999696795737277,C
pushp hing,Pushp Hing,2,2,1016.18,4.2346432106492985e-08,0.9999697219201599,C
pencill cell aa,Pencill Cell AA,1,1,1016.0,4.2338931114760054e-08,0.999969764259091,C
282946200106 assy stg worm w nut ace,282946200106 Assy STG.Worm W/Nut ACE,1,1,1015.63,4.232351240953126e-08,0.9999698065826034,C
grapes green,Grapes Green,7,7,1015.0,4.2297258938466e-08,0.9999698488798623,C
bush for kirloskar kds 1040 model 10hp,"BUSH FOR KIRLOSKAR,KDS-1040+MODEL,10HP",1,1,1014.0,4.2255586762171944e-08,0.9999698911354491,C
cut repair work of tyre tube,Cut Repair Work Of Tyre Tube,1,1,1014.0,4.2255586762171944e-08,0.9999699333910359,C
282633203401 king pin bush ace mega,282633203401 King Pin Bush ACE MEGA,1,1,1012.5,4.2193078497730864e-08,0.9999699755841144,C
ele wire 2 5 sqmm 2 core,Ele. Wire 2.5 Sqmm 2 Core,1,1,1008.0,4.200555370440761e-08,0.9999700175896681,C
rin aala 200 ml,RIN AALA 200 ML,2,2,1004.1800000000001,4.184636599096432e-08,0.9999700594360341,C
279009130108 air filter element,279009130108_Air Filter Element,1,1,1003.4,4.181386169345496e-08,0.9999701012498958,C
485102va0a assy tie rod rh al dost,485102VA0A Assy Tie Rod RH AL Dost,1,1,1003.12,4.180219348409262e-08,0.9999701430520893,C
taski r5,Taski R5,1,1,1001.5,4.173468455849626e-08,0.9999701847867739,C
led flood light 30 watt,LED FLOOD LIGHT 30 WATT,1,1,1000.0,4.167217629405517e-08,0.9999702264589502,C
dipper ram repair from bharat elec p2309,Dipper Ram Repair From Bharat Elec.P2309,1,1,1000.0,4.167217629405517e-08,0.9999702681311264,C
pizza oven repairing charge,Pizza Oven Repairing Charge,1,1,1000.0,4.167217629405517e-08,0.9999703098033027,C
standard test sieve 0 5mm,Standard Test Sieve 0.5mm,1,1,1000.0,4.167217629405517e-08,0.999970351475479,C
standard test sieve 1 5mm,Standard Test Sieve 1.5mm,1,1,1000.0,4.167217629405517e-08,0.9999703931476552,C
araldite,Araldite,1,1,1000.0,4.167217629405517e-08,0.9999704348198315,C
stiching machine kabja screw,Stiching Machine Kabja Screw,1,1,1000.0,4.167217629405517e-08,0.9999704764920078,C
pin for fly start limit switch,Pin for fly start limit switch,1,1,1000.0,4.167217629405517e-08,0.999970518164184,C
deductibles as per policy t c,Deductibles (as per policy T & C),1,1,1000.0,4.167217629405517e-08,0.9999705598363603,C
labour charge from jaika automobi z 8442,Labour Charge From Jaika Automobi.Z-8442,1,1,1000.0,4.167217629405517e-08,0.9999706015085366,C
engine repair work for bakal air compres,Engine Repair Work For bakal Air Compres,1,1,1000.0,4.167217629405517e-08,0.9999706431807128,C
pvc reducer 1 5x1,Pvc Reducer 1.5X1,1,1,1000.0,4.167217629405517e-08,0.9999706848528891,C
co2 discharge pipe 9ltrs,Co2 discharge pipe 9ltrs,1,1,1000.0,4.167217629405517e-08,0.9999707265250654,C
standard test sieve 2 5mm,Standard Test Sieve 2.5mm,1,1,1000.0,4.167217629405517e-08,0.9999707681972416,C
air compr repair gagan engi w cg19f0170,Air Compr.Repair Gagan Engi.W.CG19F0170,1,1,1000.0,4.167217629405517e-08,0.9999708098694179,C
ecu change work jaika auto cg08ae 3904,ECU Change Work Jaika Auto.CG08AE-3904,1,1,1000.0,4.167217629405517e-08,0.9999708515415942,C
timer belt 15at 860,Timer Belt 15AT/860,1,1,1000.0,4.167217629405517e-08,0.9999708932137704,C
guide plate left a 11 00,Guide Plate (Left) (A-11-00),1,1,1000.0,4.167217629405517e-08,0.9999709348859467,C
guide plate right a 10 00,Guide Plate (Right) (A-10-00),1,1,1000.0,4.167217629405517e-08,0.999970976558123,C
return valve a leyland,Return Valve A/Leyland,1,1,1000.0,4.167217629405517e-08,0.9999710182302992,C
labour charge from jaika automob ab 0647,Labour Charge From Jaika Automob.AB-0647,1,1,1000.0,4.167217629405517e-08,0.9999710599024755,C
standard test sieve 1 0mm,Standard Test Sieve 1.0mm,1,1,1000.0,4.167217629405517e-08,0.9999711015746517,C
labour charge from jaika automob aa 7767,Labour Charge From Jaika Automob.AA-7767,1,1,1000.0,4.167217629405517e-08,0.999971143246828,C
standard test sieve 0 75mm,Standard Test Sieve 0.75mm,1,1,1000.0,4.167217629405517e-08,0.9999711849190043,C
cable tie 300 mm,Cable Tie 300 MM,1,1,1000.0,4.167217629405517e-08,0.9999712265911805,C
pvc t 1 2,"Pvc T 1/2""",1,1,1000.0,4.167217629405517e-08,0.9999712682633568,C
standard test sieve 2 0mm,Standard Test Sieve 2.0mm,1,1,1000.0,4.167217629405517e-08,0.9999713099355331,C
stiching charges for pant,Stiching Charges For Pant,1,1,1000.0,4.167217629405517e-08,0.9999713516077093,C
door limit switch,Door limit switch,1,1,1000.0,4.167217629405517e-08,0.9999713932798856,C
pvc suction pipe 1 25,"Pvc Suction Pipe- 1.25""",1,1,999.9,4.1668009076425764e-08,0.9999714349478946,C
bolt 22 no 2,"Bolt 22 No. 2""",1,1,997.5,4.1567995853320037e-08,0.9999714765158905,C
soap vim bar,Soap - Vim Bar,3,3,997.47,4.156674568803122e-08,0.9999715180826362,C
bolt 86571872 p,Bolt (86571872.P),1,1,996.61,4.1530907616418324e-08,0.9999715596135438,C
269915409945 eng cam sensor 709 bsiv,269915409945 Eng.Cam Sensor 709 BSIV,1,1,995.76,4.149548626656838e-08,0.99997160110903,C
adaptor female to male af12m34,Adaptor Female ½” to Male ¾” (AF12M34),1,1,995.0,4.1463815412584895e-08,0.9999716425728454,C
430a42vf2j rr hub lock washer al partner,430A42VF2J RR Hub Lock Washer AL Partner,1,1,991.5,4.1317962795555705e-08,0.9999716838908083,C
khada urad,Khada Urad,2,2,990.0,4.125545453111462e-08,0.9999717251462628,C
pully 3 g x 7 5 b section,"PULLY - 3 G X 7.5"" , B- SECTION",1,1,990.0,4.125545453111462e-08,0.9999717664017173,C
refilling for co2 type 9 ltr,Refilling for CO2 Type 9 ltr,1,1,990.0,4.125545453111462e-08,0.9999718076571718,C
265454510119 combination switch 709 bsiv,265454510119 Combination Switch 709 BSIV,1,1,989.84,4.124878698290757e-08,0.9999718489059587,C
full gasket set eng o hauling 407,Full Gasket Set Eng O/Hauling 407,1,1,987.28,4.114210621159479e-08,0.9999718900480649,C
tube fitting stud 10mmx1 4,"Tube Fitting Stud - 10MmX1/4""",1,1,980.0,4.083873276817407e-08,0.9999719308867976,C
chassis plate repair from mahadev b1982,Chassis Plate Repair From Mahadev B1982,1,1,980.0,4.083873276817407e-08,0.9999719717255303,C
chassis plate repair from mahadev b2004,Chassis Plate Repair From Mahadev B2004,1,1,980.0,4.083873276817407e-08,0.999972012564263,C
pressur gauge 16 k g 4,"Pressur Gauge - 16 K.G. - 4""",1,1,980.0,4.083873276817407e-08,0.9999720534029958,C
ci butter fly valve 3,"Ci Butter Fly Valve 3""",1,1,980.0,4.083873276817407e-08,0.9999720942417285,C
cam shaft bush,Cam Shaft Bush,3,3,978.8399999999999,4.079039304367296e-08,0.9999721350321216,C
tetanus inj,Tetanus Inj.,1,1,978.5,4.077622450373299e-08,0.9999721758083461,C
disposal chat plate,Disposal Chat Plate,1,1,975.0,4.063037188670379e-08,0.9999722164387179,C
anchor fastner 16x100,Anchor Fastner - 16X100,1,1,975.0,4.063037188670379e-08,0.9999722570690898,C
telephone punching tool,Telephone Punching Tool,1,1,974.56,4.0612036129134406e-08,0.9999722976811259,C
264124100109 assy eng mtg frt rh 407,264124100109_Assy Eng Mtg Frt Rh  407,1,1,971.88,4.050035469666634e-08,0.9999723381814807,C
clutch kundi rod w end type 4 709 909,"Clutch Kundi Rod W/End Type 4"" 709/909",2,2,971.1,4.046785039915698e-08,0.9999723786493311,C
gift wrap paper,Gift Wrap Paper,3,3,960.0,4.000528924229296e-08,0.9999724186546203,C
chassis u bolt 17 24 no nut,"Chassis U Bolt 17"" 24 NO. Nut",1,1,960.0,4.000528924229296e-08,0.9999724586599095,C
adn 1076 shockup rubber bush 909,ADN.1076 Shockup Rubber Bush 909,1,1,960.0,4.000528924229296e-08,0.9999724986651987,C
bearing puller 4,"Bearing Puller 4""",1,1,956.0,3.983860053711674e-08,0.9999725385037992,C
pto shaft seal lekage shree motors u2846,PTO Shaft Seal Lekage Shree Motors U2846,1,1,955.51,3.981818117073266e-08,0.9999725783219804,C
251626357905 shaft rev idler gear gb 27,251626357905 Shaft (Rev Idler Gear)GB-27,1,1,953.91,3.9751505688662167e-08,0.999972618073486,C
oil seal w basf52x100x10 nbr 177849,Oil Seal W BASF52x100x10-NBR (177849),1,1,952.0,3.967191183194052e-08,0.9999726577453979,C
ms elbow 3 8,"Ms Elbow - 3/8""",2,2,952.0,3.967191183194052e-08,0.9999726974173098,C
electral powder,Electral Powder,1,1,951.5,3.96510757437935e-08,0.9999727370683855,C
tube fitting stud f f m 4mm 4mm1 8,"Tube Fitting Stud - f/f/m-4mm-4mm1/8""",1,1,950.0,3.958856747935241e-08,0.9999727766569529,C
kachha rubber,Kachha Rubber,1,1,950.0,3.958856747935241e-08,0.9999728162455204,C
heavy mixter repairing,Heavy Mixter Repairing,1,1,950.0,3.958856747935241e-08,0.9999728558340878,C
333 y3376 wear pad lower fix black jcb,333/Y3376 Wear Pad Lower Fix-Black JCB,1,1,947.92,3.950188935266078e-08,0.9999728953359771,C
cement primer oil base,Cement Primer Oil Base,1,1,945.7,3.940937712128798e-08,0.9999729347453542,C
bolt 17 no 3 1 2,"Bolt 17 No. 3 1/2""",1,1,945.0,3.9380206597882135e-08,0.9999729741255609,C
green chilli sauce,Green Chilli Sauce,2,2,942.9,3.9292695027664624e-08,0.9999730134182558,C
welding holder,Welding Holder,2,2,940.0,3.917184571641186e-08,0.9999730525901016,C
service tawa,Service Tawa,1,1,938.0,3.908850136382375e-08,0.9999730916786029,C
indicator holder,Indicator Holder,1,1,937.5,3.9067665275676725e-08,0.9999731307462683,C
821 00209 l shaped circlip cd2983 jcb,821/00209 L Shaped Circlip CD2983 JCB,1,1,935.58,3.898765469719214e-08,0.9999731697339229,C
allenkey bolt 10x50,Allenkey Bolt - 10X50,1,1,934.5,3.894264874679456e-08,0.9999732086765717,C
pvc connection pipe,Pvc Connection Pipe,3,3,933.55,3.89030601793152e-08,0.9999732475796319,C
rose kulfi,ROSE KULFI,2,2,927.5,3.865094351273617e-08,0.9999732862305755,C
rice spoon,Rice Spoon,2,2,925.56,3.85700994907257e-08,0.9999733248006749,C
afff discharge pipe,AFFF discharge pipe,1,1,925.0,3.854676307200103e-08,0.999973363347438,C
tube 275 x 300 x18,Tube - 275 x 300 x18,1,1,920.1,3.834256940816016e-08,0.9999734016900075,C
281845200122 assy tank unit super ace,281845200122 Assy Tank Unit Super ACE,1,1,920.0,3.8338402190530755e-08,0.9999734400284097,C
fit spanner 21x23,Fit Spanner 21X23,1,1,920.0,3.8338402190530755e-08,0.9999734783668119,C
black grapes,BLACK GRAPES,4,4,920.0,3.8338402190530755e-08,0.9999735167052142,C
kamani cottor bolt 1210,Kamani Cottor Bolt 1210,1,1,920.0,3.8338402190530755e-08,0.9999735550436164,C
ht spring washer 16mm,Ht Spring Washer 16Mm,1,1,915.0,3.813004130906048e-08,0.9999735931736577,C
ac copper pipe 1 4,"AC Copper Pipe 1/4""",1,1,911.0,3.796335260388426e-08,0.9999736311370103,C
252709140259 air filter second ultra bus,252709140259 Air Filter Second Ultra Bus,1,1,910.17,3.792876469756019e-08,0.999973669065775,C
oil seal 40x72x10,Oil Seal 40X72X10,1,1,910.0,3.7921680427590203e-08,0.9999737069874555,C
tube 275 300x17,Tube - 275/300x17,1,1,903.95,3.7669563761011175e-08,0.9999737446570193,C
fc800200 idler assy timing belt al dost,FC800200 Idler Assy(Timing Belt) AL Dost,1,1,902.34,3.7602471557177746e-08,0.9999737822594909,C
temp controller zero 7569,Temp. Controller Zero-7569,1,1,900.0,3.750495866464966e-08,0.9999738197644495,C
roti set seek,Roti Set Seek,1,1,900.0,3.750495866464966e-08,0.9999738572694082,C
labour charge from kamal diesel b 1992,Labour Charge From Kamal Diesel B-1992,1,1,900.0,3.750495866464966e-08,0.9999738947743669,C
capacitor 16 mfd,Capacitor (16-Mfd),1,1,900.0,3.750495866464966e-08,0.9999739322793256,C
tubelar spanner 10x11,Tubelar Spanner 10X11,1,1,900.0,3.750495866464966e-08,0.9999739697842843,C
tubless tyre puncher repair spanner kit,Tubless Tyre Puncher Repair Spanner Kit,2,2,900.0,3.750495866464966e-08,0.999974007289243,C
labour charges of generator repair work,Labour Charges Of Generator Repair Work,1,1,900.0,3.750495866464966e-08,0.9999740447942017,C
motor 0 75 kw for 39 fan,Motor 0.75 KW for 39:  Fan,1,1,900.0,3.750495866464966e-08,0.9999740822991604,C
pvc cap 5,"Pvc Cap 5""",1,1,900.0,3.750495866464966e-08,0.9999741198041191,C
carbide tool 1 2 yg6,"Carbide Tool 1/2"" (YG6)",1,1,900.0,3.750495866464966e-08,0.9999741573090778,C
allen screw m8x16 0880510,Allen Screw M8X16 (0880510),1,1,900.0,3.750495866464966e-08,0.9999741948140365,C
head repair work from mehar singh p 1198,Head Repair Work From Mehar Singh P-1198,1,1,900.0,3.750495866464966e-08,0.9999742323189952,C
compression spring 100gm ffs machine,Compression Spring - 100gm FFS machine,1,1,900.0,3.750495866464966e-08,0.9999742698239539,C
labour charge from kamal diesel z 1485,Labour Charge From Kamal Diesel Z-1485,1,1,900.0,3.750495866464966e-08,0.9999743073289126,C
thermocol disposal plate,THERMOCOL/DISPOSAL PLATE,1,1,900.0,3.750495866464966e-08,0.9999743448338713,C
labour charge from jaika auto cg08l3082,Labour Charge From Jaika Auto.CG08L3082,1,1,900.0,3.750495866464966e-08,0.99997438233883,C
labour charge from kamal diesel p 0267,Labour Charge From Kamal Diesel P-0267,1,1,900.0,3.750495866464966e-08,0.9999744198437887,C
labour charge from kamal diesel b 1983,Labour Charge From Kamal Diesel B-1983,1,1,900.0,3.750495866464966e-08,0.9999744573487473,C
air com block repair mehar singh l 0875,Air Com.Block Repair Mehar Singh L-0875,1,1,900.0,3.750495866464966e-08,0.999974494853706,C
labour charges of vehicle repair b 0117,Labour Charges Of Vehicle Repair B 0117,1,1,900.0,3.750495866464966e-08,0.9999745323586647,C
bulb 200 w,Bulb - 200 W,1,1,900.0,3.750495866464966e-08,0.9999745698636234,C
fit spanner 16x17,Fit Spanner 16X17,1,1,900.0,3.750495866464966e-08,0.9999746073685821,C
cheese head bolt m5x15 mm,CHEESE HEAD BOLT M5X15 MM,1,1,900.0,3.750495866464966e-08,0.9999746448735408,C
labour charges of car rep work l 1029,Labour Charges Of Car Rep. Work L 1029,1,1,900.0,3.750495866464966e-08,0.9999746823784995,C
labour charge from kamal diesel b 0691,Labour Charge From Kamal Diesel B-0691,1,1,900.0,3.750495866464966e-08,0.9999747198834582,C
labour charge from kamal diesel l 1567,Labour Charge From Kamal Diesel L-1567,1,1,900.0,3.750495866464966e-08,0.9999747573884169,C
radiator top john deere tractor,Radiator Top John Deere Tractor,1,1,900.0,3.750495866464966e-08,0.9999747948933756,C
labour charge from kamal diesel b 2869,Labour Charge From Kamal Diesel B-2869,1,1,900.0,3.750495866464966e-08,0.9999748323983343,C
labour charge from kamal diesel b 2065,Labour Charge From Kamal Diesel B-2065,1,1,900.0,3.750495866464966e-08,0.999974869903293,C
labour charge from kamal diesel l 1030,Labour Charge From Kamal Diesel L-1030,1,1,900.0,3.750495866464966e-08,0.9999749074082517,C
labour charge from kamal diesel la0895,Labour Charge From Kamal Diesel LA0895,1,1,900.0,3.750495866464966e-08,0.9999749449132104,C
labour charge from kamal diesel l0183,Labour Charge From Kamal Diesel L0183,1,1,900.0,3.750495866464966e-08,0.9999749824181691,C
labour charge from kamal diesel l 0812,Labour Charge From Kamal Diesel L-0812,1,1,900.0,3.750495866464966e-08,0.9999750199231278,C
labour charge from kamal diesel l 3082,Labour Charge From Kamal Diesel L-3082,1,1,900.0,3.750495866464966e-08,0.9999750574280865,C
white pepper whole,White Pepper Whole,1,1,900.0,3.750495866464966e-08,0.9999750949330451,C
labour charge from kamal diesel l 0951,Labour Charge From Kamal Diesel L-0951,1,1,900.0,3.750495866464966e-08,0.9999751324380038,C
labour charge from kamal diesel cg0l0161,Labour Charge From Kamal Diesel CG0L0161,1,1,900.0,3.750495866464966e-08,0.9999751699429625,C
labour charge from kamal diesel b 2212,Labour Charge From Kamal Diesel B-2212,1,1,900.0,3.750495866464966e-08,0.9999752074479212,C
gaiti,Gaiti,1,1,900.0,3.750495866464966e-08,0.9999752449528799,C
valve spring feed pump,Valve & Spring ( Feed Pump ),1,1,900.0,3.750495866464966e-08,0.9999752824578386,C
sg15718 half yoke 3118 bsiii,SG15718 Half Yoke 3118 BSIII,1,1,898.44,3.743995006963093e-08,0.9999753198977887,C
plain washer 19 no,Plain Washer 19 No.,2,2,895.44,3.731493354074877e-08,0.9999753572127222,C
40 303281 liner bearing jcb,40/303281 Liner Bearing JCB,1,1,893.22,3.7222421309375964e-08,0.9999753944351435,C
tag dhaga,Tag Dhaga,1,1,893.0,3.721325343059127e-08,0.999975431648397,C
331 20556stablizer wear pad 7mm blue jcb,331/20556Stablizer Wear Pad 7mm(Blue)JCB,1,1,891.52,3.715157860967606e-08,0.9999754687999756,C
fuel tank lock,Fuel Tank Lock,1,1,891.0,3.712990907800316e-08,0.9999755059298846,C
278605999913 tappet valve tc,278605999913 Tappet Valve TC,1,1,890.64,3.71149070945373e-08,0.9999755430447917,C
nrv for dg set,Nrv for DG Set,1,1,890.12,3.709323756286439e-08,0.9999755801380293,C
burette 50ml,Burette(50ml),1,1,890.0,3.7088236901709106e-08,0.9999756172262663,C
hyd pipe change work for n gais pipe,Hyd. Pipe Change Work For N.Gais Pipe,1,1,890.0,3.7088236901709106e-08,0.9999756543145032,C
bearing 6201 2rs,Bearing 6201-2RS,1,1,888.0,3.7004892549120996e-08,0.9999756913193958,C
40 300893 filter element jcb,40/300893 Filter Element-JCB,1,1,885.71,3.6909463265407605e-08,0.999975728228859,C
labour charges of car rep work s 1770,Labour Charges Of Car Rep. Work S 1770,1,1,884.0,3.6838203843944775e-08,0.9999757650670629,C
noodle dressing sauce,Noodle Dressing Sauce,1,1,883.98,3.683737040041889e-08,0.9999758019044332,C
pumpkin kaddu,Pumpkin (Kaddu),8,8,883.5,3.6817367755797744e-08,0.999975838721801,C
kabab stick,Kabab Stick,2,2,881.25,3.672360535913612e-08,0.9999758754454063,C
volumatric flask 50ml,Volumatric Flask 50ml,1,1,880.0,3.6671515138768554e-08,0.9999759121169215,C
electric bend 1,"Electric Bend 1""",1,1,880.0,3.6671515138768554e-08,0.9999759487884367,C
rear hub oil seal outer a l e comet 1616,Rear Hub Oil Seal Outer A/L E Comet 1616,1,1,880.0,3.6671515138768554e-08,0.9999759854599518,C
oil seal 20 30,Oil Seal 20-30,3,3,880.0,3.6671515138768554e-08,0.999976022131467,C
main bearing set 010 tough rider,Main Bearing Set 010 Tough Rider,1,1,880.0,3.6671515138768554e-08,0.9999760588029821,C
hand gloves welding,Hand Gloves - Welding,2,2,880.0,3.6671515138768554e-08,0.9999760954744973,C
ad card,AD Card,1,1,876.0,3.650482643359233e-08,0.9999761319793237,C
clutch not working prop jaika auto l0828,Clutch Not Working Prop.Jaika Auto.L0828,2,1,874.38,3.643731750799596e-08,0.9999761684166412,C
bulb 1016 12v,Bulb 1016-12V,1,1,873.0,3.637980990471017e-08,0.9999762047964511,C
26249708 brush gear assy m bolero,26249708 Brush Gear Assy M-Bolero,1,1,873.0,3.637980990471017e-08,0.999976241176261,C
filter hub oil seal change bombay 3920,Filter & Hub Oil Seal Change Bombay 3920,1,1,872.8,3.637147546945135e-08,0.9999762775477365,C
kewda essence,Kewda Essence,2,2,872.0,3.633813772841611e-08,0.9999763138858743,C
bearing tr bearing 30308,Bearing TR-BEARING 30308,1,1,872.0,3.633813772841611e-08,0.999976350224012,C
measring tap 10 m,Measring Tap 10 M,1,1,870.0,3.6254793375828e-08,0.9999763864788054,C
phenolphthalin 125ml,Phenolphthalin 125ml,1,1,870.0,3.6254793375828e-08,0.9999764227335988,C
tincture benjoin,Tincture Benjoin,1,1,864.0,3.600476031806367e-08,0.999976458738359,C
ss bolt 12x40 mm,Ss Bolt 12X40 Mm,1,1,864.0,3.600476031806367e-08,0.9999764947431193,C
hot kitchen cooking,Hot Kitchen Cooking,1,1,864.0,3.600476031806367e-08,0.9999765307478796,C
56119v6000 shock absorber bush al dost,56119V6000 Shock Absorber Bush AL DOST,2,2,863.4,3.597975701228723e-08,0.9999765667276367,C
6mm mirror,6mm Mirror,1,1,861.0,3.5879743789181505e-08,0.9999766026073805,C
assy frt grill sfc,Assy Frt Grill SFC,1,1,859.38,3.5812234863585134e-08,0.9999766384196154,C
13120507243 dowel sleev chira pin ace ex,13120507243 Dowel Sleev(Chira Pin)ACE EX,1,1,859.0,3.5796399436593395e-08,0.9999766742160148,C
real mango,Real Mango,2,2,857.16,3.571972263221233e-08,0.9999767099357374,C
real litchi juice,Real Litchi Juice,2,2,857.16,3.571972263221233e-08,0.99997674565546,C
real pineapple,Real  Pineapple,2,2,857.16,3.571972263221233e-08,0.9999767813751826,C
oil seal 25x50x10,Oil Seal 25X50X10,1,1,855.0,3.5629710731417174e-08,0.9999768170048934,C
cherry,Cherry,2,2,850.7,3.545052037335274e-08,0.9999768524554138,C
rifil black sadi,Rifil Black Sadi,1,1,850.0,3.54213498499469e-08,0.9999768878767636,C
gi clamp 2 5,"Gi Clamp 2.5""",1,1,850.0,3.54213498499469e-08,0.9999769232981135,C
6 module pvc box,6 Module Pvc Box,1,1,850.0,3.54213498499469e-08,0.9999769587194633,C
613 36013 hyd hose valve block jcb,613/36013 Hyd.Hose Valve Block Jcb,1,1,850.0,3.54213498499469e-08,0.9999769941408132,C
assy front grill eng bonnet jcb,Assy Front Grill (Eng.Bonnet) JCB,1,1,850.0,3.54213498499469e-08,0.9999770295621631,C
potentio meter 5k,Potentio Meter (5K),1,1,850.0,3.54213498499469e-08,0.9999770649835129,C
speeker change work k 0397,Speeker Change Work K 0397,1,1,850.0,3.54213498499469e-08,0.9999771004048628,C
pvc water tank 100 ltr,PVC WATER TANK 100 LTR,1,1,850.0,3.54213498499469e-08,0.9999771358262126,C
valve guide 407 909,Valve Guide 407/909,3,3,848.46,3.535717469845405e-08,0.9999771711833874,C
lan conecter rj45,Lan Conecter RJ45,1,1,848.0,3.533800549735879e-08,0.9999772065213929,C
pvc water tap 1 2,"Pvc Water Tap 1/2""",1,1,847.6,3.5321336626841164e-08,0.9999772418427295,C
pvc non return valve 1,"Pvc Non Return Valve 1""",1,1,847.6,3.5321336626841164e-08,0.9999772771640661,C
dark compound chips nut,Dark Compound Chips Nut,1,1,847.5,3.531716940921176e-08,0.9999773124812356,C
885413012534 a c conrod brg,885413012534 A/C Conrod Brg,7,6,847.4,3.531300219158235e-08,0.9999773477942377,C
pipe slive 7 8 refrigration,Pipe Slive 7/8 (Refrigration),1,1,847.4,3.531300219158235e-08,0.9999773831072399,C
casting soda,Casting Soda,1,1,845.0,3.521298896847662e-08,0.9999774183202289,C
assy cylinder liner set super ace,Assy Cylinder Liner Set Super Ace,1,1,843.76,3.516131546987199e-08,0.9999774534815443,C
end join nozzle car washer,End Join Nozzle (Car Washer),2,2,843.7,3.515881513929435e-08,0.9999774886403595,C
motor sleeve 16 no,Motor Sleeve - 16 No,1,1,840.0,3.5004628087006346e-08,0.9999775236449876,C
hyd jack pipe trolly steel,Hyd.Jack Pipe Trolly (Steel),2,2,840.0,3.5004628087006346e-08,0.9999775586496157,C
rj11 com socket,RJ11 Com. Socket,1,1,838.95,3.496087230189759e-08,0.999977593610488,C
kismiss,Kismiss,3,3,838.1,3.492545095204764e-08,0.999977628535939,C
ms bolt 4 sut 2 5,"Ms Bolt 4 Sut 2.5""",1,1,832.63,3.4697504147719156e-08,0.9999776632334432,C
bearing 804846 804810 diff al 1012,Bearing 804846/804810 (Diff.) AL 1012,1,1,830.0,3.4587906324065794e-08,0.9999776978213495,C
labour charge from sundeep enter ae 6401,Labour Charge From Sundeep Enter.AE-6401,1,1,830.0,3.4587906324065794e-08,0.9999777324092558,C
pin ss 304 2hwp 44,Pin SS-304 - 2HWP-44,1,1,828.0,3.4504561971477684e-08,0.9999777669138178,C
pin ss 316 2hwp 33,Pin Ss-316 - 2Hwp-33,1,1,828.0,3.4504561971477684e-08,0.9999778014183798,C
b4k00401 turbo drain pipe flexbl al 1012,B4K00401 Turbo Drain Pipe FLEXBL AL 1012,1,1,827.34,3.4477058335123606e-08,0.9999778358954381,C
sparkle audit pen,Sparkle (Audit Pen),2,2,826.0,3.4421217618889573e-08,0.9999778703166557,C
pin 12 dia 65 l ea 09 00,Pin 12 Dia * 65 L (EA-09-00),1,1,825.0,3.437954544259552e-08,0.9999779046962012,C
condensor 2 5 mfd,Condensor - 2.5 Mfd,1,1,825.0,3.437954544259552e-08,0.9999779390757466,C
265133407804 frt hub oil seal 909 bsiv,265133407804 Frt.Hub Oil Seal 909 BSIV,1,1,822.0,3.425452891371335e-08,0.9999779733302755,C
264133200136 tie rod end rh 909 bsiv,264133200136 Tie Rod End RH 909 BSIV,1,1,820.91,3.420910624155283e-08,0.9999780075393817,C
40 302799 thrust washer king pin jcb,40/302799 Thrust Washer (King Pin) JCB,1,1,820.32,3.418451965753934e-08,0.9999780417239014,C
pvc suction pipe 2 5,"Pvc Suction Pipe 2.5""",1,1,820.0,3.417118456112524e-08,0.9999780758950859,C
rr hub oil seal 110x128x9 outer 909 bs4,RR Hub Oil Seal 110x128x9 Outer 909 BS4,1,1,820.0,3.417118456112524e-08,0.9999781100662705,C
chinese fry pan,Chinese Fry Pan,1,1,820.0,3.417118456112524e-08,0.999978144237455,C
modular switch 6 amp,Modular Switch - 6 Amp,1,1,819.9,3.4167017343495835e-08,0.9999781784044723,C
nylon tube 3 8,"Nylon Tube 3/8""",2,2,817.0,3.4046168032243077e-08,0.9999782124506403,C
hose pipe clamp tc tb104,Hose Pipe Clamp TC TB104,1,1,816.0,3.400449585594902e-08,0.9999782464551362,C
plug pb4454,Plug  (PB4454),1,1,816.0,3.400449585594902e-08,0.9999782804596321,C
cooked meat medium r c medium m149,Cooked Meat Medium(R.C.Medium) M149,1,1,815.0,3.3962823679654966e-08,0.9999783144224558,C
repair main work from jain k 0405,Repair & Main Work From Jain K 0405,1,1,814.4,3.3937820373878534e-08,0.9999783483602761,C
valve seat super ace,Valve Seat Super Ace,2,2,812.48,3.385780979539395e-08,0.9999783822180859,C
333 y5698 hyd hose diesel jcb,333/Y5698 Hyd.Hose Diesel JCB,1,1,811.02,3.379696841800462e-08,0.9999784160150543,C
diamond gland cutter 45 mm,Diamond Gland Cutter - 45 mm,1,1,810.0,3.375446279818469e-08,0.9999784497695171,C
starting truble repair jaika auto z 6106,Starting Truble Repair Jaika Auto Z-6106,2,1,806.25,3.359819213708198e-08,0.9999784833677092,C
volumatric flask 25ml,Volumatric Flask 25ml,1,1,805.0,3.3546101916714414e-08,0.9999785169138111,C
9951030095 bulb 2467,9951030095 Bulb 2467,1,1,804.0,3.350442974042036e-08,0.9999785504182409,C
sifter desk,Sifter Desk,1,1,804.0,3.350442974042036e-08,0.9999785839226707,C
f2024500 coolant temp sensor al dost,F2024500 Coolant Temp.Sensor Al Dost,2,2,803.12,3.346775822528159e-08,0.9999786173904289,C
hub greasingh repair city wheels af 1025,Hub Greasingh Repair City Wheels AF-1025,1,1,800.45,3.3356493514576465e-08,0.9999786507469225,C
ss bolt 8x75,Ss Bolt 8X75,1,1,800.0,3.333774103524414e-08,0.9999786840846635,C
amc amount from indian sale cg08l0658,AMC Amount From Indian Sale CG08L0658,1,1,800.0,3.333774103524414e-08,0.9999787174224045,C
amc amount from indian sale cg08l0650,AMC Amount From Indian Sale CG08L0650,1,1,800.0,3.333774103524414e-08,0.9999787507601455,C
labour charges of car rep work ad 7023,Labour Charges Of Car Rep. Work AD 7023,1,1,800.0,3.333774103524414e-08,0.9999787840978865,C
amc amount from indian sale cg08l0570,AMC Amount From Indian Sale CG08L0570,1,1,800.0,3.333774103524414e-08,0.9999788174356276,C
amc amount from indian sale cg08l0492,AMC Amount From Indian Sale CG08L0492,1,1,800.0,3.333774103524414e-08,0.9999788507733686,C
cabin hood repair hiru brother cg08r9940,Cabin Hood Repair Hiru Brother CG08R9940,1,1,800.0,3.333774103524414e-08,0.9999788841111096,C
amc amount from indian sale cg08l0173,AMC Amount From Indian Sale CG08L0173,1,1,800.0,3.333774103524414e-08,0.9999789174488506,C
amc amount from indian sale cg08l0490,AMC Amount From Indian Sale CG08L0490,1,1,800.0,3.333774103524414e-08,0.9999789507865916,C
amc amount from indian sale cg08l0180,AMC Amount From Indian Sale CG08L0180,1,1,800.0,3.333774103524414e-08,0.9999789841243326,C
amc amount from indian sale cg08l0488,AMC Amount From Indian Sale CG08L0488,1,1,800.0,3.333774103524414e-08,0.9999790174620736,C
amc amount from indian sale cg08l0649,AMC Amount From Indian Sale CG08L0649,1,1,800.0,3.333774103524414e-08,0.9999790507998146,C
amc amount from indian sale cg08l0578,AMC Amount From Indian Sale CG08L0578,1,1,800.0,3.333774103524414e-08,0.9999790841375557,C
amc amount from indian sale cg08l0577,AMC Amount From Indian Sale CG08L0577,1,1,800.0,3.333774103524414e-08,0.9999791174752967,C
nozzle shaft o ring 10 0 x 1 5 wire dia,"Nozzle Shaft ,O Ring 10.0 X 1.5 Wire Dia",1,1,800.0,3.333774103524414e-08,0.9999791508130377,C
square die 8 5mm 120 x 2,Square Die 8.5mm - 120 X 2,1,1,800.0,3.333774103524414e-08,0.9999791841507787,C
amc amount from indian sale cg08l0574,AMC Amount From Indian Sale CG08L0574,1,1,800.0,3.333774103524414e-08,0.9999792174885197,C
amc amount from indian sale cg08l0573,AMC Amount From Indian Sale CG08L0573,1,1,800.0,3.333774103524414e-08,0.9999792508262607,C
amc amount from indian sale cg08l0572,AMC Amount From Indian Sale CG08L0572,1,1,800.0,3.333774103524414e-08,0.9999792841640017,C
amc amount from indian sale cg08l0569,AMC Amount From Indian Sale CG08L0569,1,1,800.0,3.333774103524414e-08,0.9999793175017427,C
40 302709 throttle cable p92 jcb,40/302709 Throttle Cable (P92) Jcb,1,1,800.0,3.333774103524414e-08,0.9999793508394837,C
epidosin tika 1ml,Epidosin Tika 1Ml,1,1,800.0,3.333774103524414e-08,0.9999793841772248,C
simplex chain lock 1 2,"Simplex Chain Lock 1/2""",1,1,800.0,3.333774103524414e-08,0.9999794175149658,C
amc amount from indian sale cg08v8893,AMC Amount From Indian Sale CG08V8893,1,1,800.0,3.333774103524414e-08,0.9999794508527068,C
head repair work from raipur head y3591,Head Repair Work From Raipur Head Y3591,1,1,800.0,3.333774103524414e-08,0.9999794841904478,C
amc amount from indian sale cg08v8890,AMC Amount From Indian Sale CG08V8890,1,1,800.0,3.333774103524414e-08,0.9999795175281888,C
amc amount from indian sale cg08v8892,AMC Amount From Indian Sale CG08V8892,1,1,800.0,3.333774103524414e-08,0.9999795508659298,C
labour charge from sundeep enter p0488,Labour Charge From Sundeep Enter.P0488,1,1,800.0,3.333774103524414e-08,0.9999795842036708,C
amc amount from indian sale cg08b0559,AMC Amount From Indian Sale CG08B0559,1,1,800.0,3.333774103524414e-08,0.9999796175414118,C
amc amount from indian sale cg08b1233,AMC Amount From Indian Sale CG08B1233,1,1,800.0,3.333774103524414e-08,0.9999796508791529,C
labour charge from sundeep enter c9682,Labour Charge From Sundeep Enter.C9682,1,1,800.0,3.333774103524414e-08,0.9999796842168939,C
amc amount from indian sale cg08b0557,AMC Amount From Indian Sale CG08B0557,1,1,800.0,3.333774103524414e-08,0.9999797175546349,C
makhana packet 250 gm,MAKHANA PACKET 250 GM,1,1,800.0,3.333774103524414e-08,0.9999797508923759,C
amc amount from indian sale cg08b5125,AMC Amount From Indian Sale CG08B5125,1,1,800.0,3.333774103524414e-08,0.9999797842301169,C
amc amount from indian sale cg08l0157,AMC Amount From Indian Sale CG08L0157,1,1,800.0,3.333774103524414e-08,0.9999798175678579,C
amc amount from indian sale cg08l0158,AMC Amount From Indian Sale CG08L0158,1,1,800.0,3.333774103524414e-08,0.9999798509055989,C
amc amount from indian sale cg08ab6454,AMC Amount From Indian Sale CG08AB6454,1,1,800.0,3.333774103524414e-08,0.99997988424334,C
amc amount from indian sale cg08ab6457,AMC Amount From Indian Sale CG08AB6457,1,1,800.0,3.333774103524414e-08,0.999979917581081,C
amc amount from indian sale cg08ab6460,AMC Amount From Indian Sale CG08AB6460,1,1,800.0,3.333774103524414e-08,0.999979950918822,C
amc amount from indian sale cg08b2384,AMC Amount From Indian Sale CG08B2384,1,1,800.0,3.333774103524414e-08,0.999979984256563,C
amc amount from indian sale cg08b2352,AMC Amount From Indian Sale CG08B2352,1,1,800.0,3.333774103524414e-08,0.999980017594304,C
amc amount from indian sale cg08b2166,AMC Amount From Indian Sale CG08B2166,1,1,800.0,3.333774103524414e-08,0.999980050932045,C
amc amount from indian sale cg08b1230,AMC Amount From Indian Sale CG08B1230,1,1,800.0,3.333774103524414e-08,0.999980084269786,C
amc amount from indian sale cg08l0161,AMC Amount From Indian Sale CG08L0161,1,1,800.0,3.333774103524414e-08,0.999980117607527,C
amc amount from indian sale cg08l0162,AMC Amount From Indian Sale CG08L0162,1,1,800.0,3.333774103524414e-08,0.999980150945268,C
amc amount from indian sale cg08b5124,AMC Amount From Indian Sale CG08B5124,1,1,800.0,3.333774103524414e-08,0.999980184283009,C
amc amount from indian sale cg08b5104,AMC Amount From Indian Sale CG08B5104,1,1,800.0,3.333774103524414e-08,0.9999802176207501,C
amc amount from indian sale cg08l0160,AMC Amount From Indian Sale CG08L0160,1,1,800.0,3.333774103524414e-08,0.9999802509584911,C
amc amount from indian sale cg08ab5947,AMC Amount From Indian Sale CG08AB5947,1,1,800.0,3.333774103524414e-08,0.9999802842962321,C
nozzle shaft o ring 10 0 x 2 3 wire dia,"Nozzle Shaft ,O Ring 10.0 X 2.3 Wire Dia",1,1,800.0,3.333774103524414e-08,0.9999803176339731,C
pvc connection,Pvc Connection,1,1,800.0,3.333774103524414e-08,0.9999803509717141,C
nozzle shaft o ring 18 0 x 2 wire dia,"Nozzle Shaft ,O Ring 18.0 X 2 Wire Dia",1,1,800.0,3.333774103524414e-08,0.9999803843094551,C
pvc frame,PVC Frame,1,1,800.0,3.333774103524414e-08,0.9999804176471961,C
pvc elbow 3 4,"Pvc Elbow 3/4""",2,2,800.0,3.333774103524414e-08,0.9999804509849372,C
amc amount from indian sale cg08l0159,AMC Amount From Indian Sale CG08L0159,1,1,800.0,3.333774103524414e-08,0.9999804843226782,C
do fuse 10 amp 11 kv,Do Fuse 10 Amp 11 Kv,1,1,800.0,3.333774103524414e-08,0.9999805176604192,C
amc amount from indian sale cg07c9153,AMC Amount From Indian Sale CG07C9153,1,1,800.0,3.333774103524414e-08,0.9999805509981602,C
amc amount from indian sale cg08ab5946,AMC Amount From Indian Sale CG08AB5946,1,1,800.0,3.333774103524414e-08,0.9999805843359012,C
amc amount from indian sale cg08l0491,AMC Amount From Indian Sale CG08L0491,1,1,800.0,3.333774103524414e-08,0.9999806176736422,C
amc amount from indian sale cg08l1244,AMC Amount From Indian Sale CG08L1244,1,1,800.0,3.333774103524414e-08,0.9999806510113832,C
amc amount from indian sale cg08l1243,AMC Amount From Indian Sale CG08L1243,1,1,800.0,3.333774103524414e-08,0.9999806843491242,C
stiching charges for shirt,Stiching Charges For Shirt,1,1,800.0,3.333774103524414e-08,0.9999807176868653,C
tubeless air nozzle tube nalki,Tubeless Air Nozzle (Tube Nalki),2,1,800.0,3.333774103524414e-08,0.9999807510246063,C
electronic thermostat,Electronic Thermostat,2,2,800.0,3.333774103524414e-08,0.9999807843623473,C
amc amount from indian sale cg08z1488,AMC Amount From Indian Sale CG08Z1488,1,1,800.0,3.333774103524414e-08,0.9999808177000883,C
amc amount from indian sale cg08ab5948,AMC Amount From Indian Sale CG08AB5948,1,1,800.0,3.333774103524414e-08,0.9999808510378293,C
amc amount from indian sale cg08b1259,AMC Amount From Indian Sale CG08B1259,1,1,800.0,3.333774103524414e-08,0.9999808843755703,C
amc amount from indian sale cg08z1490,AMC Amount From Indian Sale CG08Z1490,1,1,800.0,3.333774103524414e-08,0.9999809177133113,C
labour charge from sundeep enterp g 5865,Labour Charge From Sundeep Enterp.G-5865,1,1,800.0,3.333774103524414e-08,0.9999809510510523,C
amc amount from indian sale cg08l2970,AMC Amount From Indian Sale CG08L2970,1,1,800.0,3.333774103524414e-08,0.9999809843887933,C
amc amount from indian sale cg08l0580,AMC Amount From Indian Sale CG08L0580,1,1,800.0,3.333774103524414e-08,0.9999810177265344,C
amc amount from indian sale cg08z2701,AMC Amount From Indian Sale CG08Z2701,1,1,800.0,3.333774103524414e-08,0.9999810510642754,C
amc amount from indian sale cg08l1242,AMC Amount From Indian Sale CG08L1242,1,1,800.0,3.333774103524414e-08,0.9999810844020164,C
amc amount from indian sale cg08l1241,AMC Amount From Indian Sale CG08L1241,1,1,800.0,3.333774103524414e-08,0.9999811177397574,C
amc amount from indian sale cg08l1240,AMC Amount From Indian Sale CG08L1240,1,1,800.0,3.333774103524414e-08,0.9999811510774984,C
amc amount from indian sale cg08l0664,AMC Amount From Indian Sale CG08L0664,1,1,800.0,3.333774103524414e-08,0.9999811844152394,C
amc amount from indian sale cg08l0659,AMC Amount From Indian Sale CG08L0659,1,1,800.0,3.333774103524414e-08,0.9999812177529804,C
amc amount from indian sale cg08z1487,AMC Amount From Indian Sale CG08Z1487,1,1,800.0,3.333774103524414e-08,0.9999812510907214,C
amc amount from indian sale cg08z1486,AMC Amount From Indian Sale CG08Z1486,1,1,800.0,3.333774103524414e-08,0.9999812844284625,C
amc amount from indian sale cg08v7087,AMC Amount From Indian Sale CG08V7087,1,1,800.0,3.333774103524414e-08,0.9999813177662035,C
amc amount from indian sale cg08v7086,AMC Amount From Indian Sale CG08V7086,1,1,800.0,3.333774103524414e-08,0.9999813511039445,C
amc amount from indian sale cg08l3920,AMC Amount From Indian Sale CG08L3920,1,1,800.0,3.333774103524414e-08,0.9999813844416855,C
amc amount from indian sale cg08l3080,AMC Amount From Indian Sale CG08L3080,1,1,800.0,3.333774103524414e-08,0.9999814177794265,C
amc amount from indian sale cg08l2973,AMC Amount From Indian Sale CG08L2973,1,1,800.0,3.333774103524414e-08,0.9999814511171675,C
amc amount from indian sale cg08l0582,AMC Amount From Indian Sale CG08L0582,1,1,800.0,3.333774103524414e-08,0.9999814844549085,C
amc amount from indian sale cg18h1108,AMC Amount From Indian Sale CG18H1108,1,1,800.0,3.333774103524414e-08,0.9999815177926495,C
labour charges of car rep work r 4916,Labour Charges Of Car Rep. Work R 4916,1,1,800.0,3.333774103524414e-08,0.9999815511303906,C
switch 10 amp,Switch - 10 Amp,1,1,795.0,3.312938015377386e-08,0.9999815842597707,C
ht nut 5 8,Ht Nut 5/8,1,1,790.0,3.2921019272303586e-08,0.9999816171807899,C
gum,Gum,2,2,788.19,3.284559263321135e-08,0.9999816500263825,C
rear clamp 3 1 2,Rear Clamp 3 1/2,1,1,787.5,3.2816838831568445e-08,0.9999816828432213,C
real apple,Real Apple,2,2,785.73,3.274307907952797e-08,0.9999817155863003,C
oil seal w basf35x62x8 nbr,Oil seal W BASF35x62x8-NBR,1,1,785.0,3.271265839083331e-08,0.9999817482989587,C
tube 6x50x20 tractor frt,Tube 6X50X20  Tractor Frt,1,1,781.26,3.2556804451493544e-08,0.9999817808557632,C
264154209990 speedo meter w 0 78 sqr 709,264154209990 Speedo Meter W=0.78 SQR 709,1,1,780.51,3.2525550319273e-08,0.9999818133813135,C
duplex chain lock 1 25,Duplex Chain Lock - 1.25'',1,1,780.0,3.2504297509363034e-08,0.999981845885611,C
ct coil 75 5,CT Coil - 75/5,1,1,780.0,3.2504297509363034e-08,0.9999818783899085,C
ms pipe 3 4 b class,"MS PIPE 3/4"" B CLASS,",1,1,780.0,3.2504297509363034e-08,0.999981910894206,C
white surfeser paint,White Surfeser (Paint),1,1,780.0,3.2504297509363034e-08,0.9999819433985034,C
pvc reduser 5x4,"Pvc Reduser 5X4""",1,1,779.6,3.248762863884541e-08,0.999981975886132,C
starter coil mk1 440 v,Starter Coil Mk1 440 V,1,1,775.0,3.229593662789276e-08,0.9999820081820686,C
ss tea strainer,SS TEA STRAINER,2,2,771.3599999999999,3.214424990618239e-08,0.9999820403263185,C
pvc gland 22 mm,Pvc Gland 22 Mm,1,1,770.0,3.208757574642248e-08,0.9999820724138943,C
mcb 16 amp 2 pole 5sx42167rc,MCB 16 Amp 2 Pole - 5SX42167RC,1,1,768.0,3.200423139383437e-08,0.9999821044181256,C
ht nut 6 mm,Ht Nut 6 Mm,1,1,765.0,3.1879214864952206e-08,0.9999821362973405,C
3 module plate,3 Module Plate,1,1,762.75,3.1785452468290584e-08,0.9999821680827929,C
wash basin 22 16 aqua tap,Wash Basin 22*16 aqua tap,1,1,762.72,3.1784202303001764e-08,0.9999821998669952,C
dc jack for laptop,DC JACK FOR LAPTOP,1,1,762.71,3.178378558123882e-08,0.9999822316507808,C
assy side pannle indicator lamp starbus,Assy Side Pannle Indicator Lamp Starbus,1,1,762.7,3.178336885947588e-08,0.9999822634341496,C
drier filter 3 8,"Drier Filter 3/8""",1,1,762.7,3.178336885947588e-08,0.9999822952175185,C
upvc socket 1 5,"Upvc Socket 1.5""",1,1,762.6,3.177920164184647e-08,0.9999823269967201,C
union socket jointer 22x22 no l type,Union Socket Jointer 22x22 No.L-Type,2,2,761.02,3.171335960330186e-08,0.9999823587100797,C
labour charge from city wheels af1028,Labour Charge From City Wheels AF1028,1,1,760.43,3.1688773019288373e-08,0.9999823903988527,C
piston ring tough rider jeep,Piston Ring Tough Rider / Jeep,1,1,760.0,3.167085398348193e-08,0.9999824220697067,C
density bottle 50 ml,Density Bottle 50 ml,1,1,760.0,3.167085398348193e-08,0.9999824537405606,C
brass hex nipple 1 4x5 16,"Brass Hex Nipple 1/4X5/16""",2,1,760.0,3.167085398348193e-08,0.9999824854114145,C
check nut spanner 909,Check Nut Spanner 909,1,1,760.0,3.167085398348193e-08,0.9999825170822685,C
halogen set 500 w,Halogen Set 500 W,1,1,760.0,3.167085398348193e-08,0.9999825487531224,C
40 nb cs elebow schedule 40 seamless,40 NB CS Elebow ( schedule 40. SEAMLESS),1,1,760.0,3.167085398348193e-08,0.9999825804239764,C
distil water,Distil Water,4,3,760.0,3.167085398348193e-08,0.9999826120948303,C
253423116301 pow strg belt 845 yodha bs4,253423116301 Pow.Strg.Belt 845 Yodha BS4,2,2,759.44,3.164751756475726e-08,0.9999826437423479,C
335 y2340 abi door gas strut jcb,335/Y2340 Abi Door Gas Strut Jcb,1,1,756.26,3.1515000044142164e-08,0.999982675257348,C
king pin tikki set 1312,King Pin Tikki Set 1312,1,1,756.0,3.150416527830571e-08,0.9999827067615132,C
plain washer 17 no,Plain Washer 17 No.,2,2,753.2,3.138748318468236e-08,0.9999827381489964,C
wh premium dark soya sauce,Wh Premium Dark Soya Sauce,1,1,750.0,3.125413222054138e-08,0.9999827694031286,C
battery clip,Battery Clip,1,1,750.0,3.125413222054138e-08,0.9999828006572608,C
ms nut bolt 5 15 golden,MS Nut Bolt 5*15(Golden),1,1,750.0,3.125413222054138e-08,0.9999828319113929,C
screw for head cover part no 800124,"SCREW FOR HEAD COVER , PART NO. - 800124",1,1,750.0,3.125413222054138e-08,0.9999828631655251,C
clutch patti cone 1109 1312,Clutch Patti Cone 1109/1312,1,1,750.0,3.125413222054138e-08,0.9999828944196573,C
screw for side cover 80014,Screw for Side Cover (80014),1,1,750.0,3.125413222054138e-08,0.9999829256737894,C
nut bolt washer,Nut+Bolt+Washer,1,1,750.0,3.125413222054138e-08,0.9999829569279216,C
labour charge from jaika automob aa 6131,Labour Charge From Jaika Automob.AA-6131,1,1,750.0,3.125413222054138e-08,0.9999829881820538,C
screw for cloth plate 80012,Screw for Cloth Plate (80012),1,1,750.0,3.125413222054138e-08,0.999983019436186,C
labour charges of car rep work ar 1464,Labour Charges Of Car Rep. Work AR 1464,1,1,750.0,3.125413222054138e-08,0.9999830506903181,C
mechnical seal 12 mm,Mechnical Seal - 12 Mm,1,1,750.0,3.125413222054138e-08,0.9999830819444503,C
element nc 704052,Element NC 704052,1,1,750.0,3.125413222054138e-08,0.9999831131985825,C
element no 704053,Element NO 704053,1,1,750.0,3.125413222054138e-08,0.9999831444527146,C
hyd tapa packing m m,Hyd Tapa Packing M & M,1,1,750.0,3.125413222054138e-08,0.9999831757068468,C
capacitor 33 me uf,capacitor 33 (me.uf),1,1,750.0,3.125413222054138e-08,0.999983206960979,C
spring chamber bottle m c,Spring (Chamber Bottle m/c),1,1,750.0,3.125413222054138e-08,0.9999832382151111,C
emery paper 80 no,Emery Paper 80 No,2,2,750.0,3.125413222054138e-08,0.9999832694692433,C
roller nylon j 18 12a,Roller (Nylon) (J-18-12A),1,1,750.0,3.125413222054138e-08,0.9999833007233755,C
265130100156 acc cable 407 ex 407 bsiii,265130100156 Acc.Cable 407 EX 407 BSIII,2,2,748.22,3.117995574673796e-08,0.9999833319033312,C
frooti bottle 2 ltr,Frooti Bottle 2 Ltr,2,2,746.0,3.108744351536516e-08,0.9999833629907747,C
black book of sap for mm module,Black Book of SAP for MM Module,1,1,745.0,3.10457713390711e-08,0.999983394036546,C
brake clutch rubber pipe 27 1 2 1109,"Brake/Clutch Rubber Pipe 27 1/2"" 1109",1,1,744.9,3.1041604121441695e-08,0.9999834250781502,C
slide rod coupling double mb 10814,Slide Rod Coupling (Double) MB 10814,1,1,744.0,3.100409916277705e-08,0.9999834560822494,C
fip repair work from gk diesel cg08l1404,FIP Repair Work From GK Diesel CG08L1404,1,1,740.62,3.086324720690314e-08,0.9999834869454965,C
fip repair work from gk diesel cg08l1677,FIP Repair Work From GK Diesel CG08L1677,1,1,740.62,3.086324720690314e-08,0.9999835178087437,C
low avrage pickup from gk diesel l1536,Low Avrage & Pickup From GK Diesel L1536,1,1,740.62,3.086324720690314e-08,0.9999835486719909,C
1 gear 24 t for mixture machine,"1""Gear 24 T For Mixture Machine",1,1,740.0,3.0837410457600826e-08,0.9999835795094013,C
do fuse 7 5 amp 33 kv,Do Fuse 7.5 Amp 33 Kv,1,1,740.0,3.0837410457600826e-08,0.9999836103468117,C
magnet spirit level,Magnet Spirit Level,1,1,740.0,3.0837410457600826e-08,0.9999836411842221,C
wet mop clamp,Wet Mop Clamp,1,1,740.0,3.0837410457600826e-08,0.9999836720216325,C
gi nut bolt for cooling tower,Gi Nut Bolt for Cooling Tower,1,1,737.5,3.073323001686569e-08,0.9999837027548626,C
268826205407 assy speedo gear m s g 600,268826205407 Assy Speedo Gear M/S G-600,1,1,735.94,3.0668221421846966e-08,0.999983733423084,C
614 25000 hyd hose 5 8x1000 mm oil c jcb,614/25000 Hyd Hose 5/8X1000 Mm Oil/C Jcb,1,1,734.75,3.061863153205704e-08,0.9999837640417155,C
x2706400 valve oil seal set al 1012,X2706400 Valve Oil Seal Set AL 1012,1,1,732.0,3.0504033047248385e-08,0.9999837945457486,C
264172700102 assy door pad rh lpt 909,264172700102 Assy Door Pad RH LPT 909,1,1,728.12,3.034234500322745e-08,0.9999838248880936,C
nut 13 no,Nut 13 No.,1,1,725.0,3.021232781319e-08,0.9999838551004214,C
plastick supali,Plastick Supali,1,1,720.0,3.000396693171972e-08,0.9999838851043884,C
hold tite,Hold Tite,1,1,720.0,3.000396693171972e-08,0.9999839151083554,C
magnesium sulphate 400 gm,Magnesium Sulphate-400 GM,1,1,720.0,3.000396693171972e-08,0.9999839451123224,C
cpvc brass elbow 1 2,"CPVC Brass Elbow 1/2""",1,1,720.0,3.000396693171972e-08,0.9999839751162893,C
pvc pipe 5,"Pvc Pipe 5""",1,1,720.0,3.000396693171972e-08,0.9999840051202563,C
full eng o hauling pkg kit jeep t rider,Full Eng O/Hauling PKG KIT Jeep/T.RIDER,1,1,720.0,3.000396693171972e-08,0.9999840351242233,C
toilet brush,Toilet Brush,1,1,720.0,3.000396693171972e-08,0.9999840651281903,C
brass ballvalve 1,"Brass Ballvalve 1""",1,1,720.0,3.000396693171972e-08,0.9999840951321572,C
0028330 frt bonnet hings kabja lh bolero,0028330 Frt.Bonnet Hings Kabja LH Bolero,1,1,719.0,2.996229475542567e-08,0.999984125094452,C
0102cn0560a fender assy mtl rh m bolero,0102CN0560A Fender Assy MTL RH M-Bolero,1,1,719.0,2.996229475542567e-08,0.9999841550567468,C
usb to lan card,USB to LAN Card,1,1,718.64,2.9947292771959806e-08,0.9999841850040395,C
bolt 21 no 2,"Bolt 21 No. 2""",1,1,718.0,2.992062257913161e-08,0.999984214924662,C
0028434 frt wheel arch rh mudgurd bolero,0028434 Frt Wheel Arch RH(Mudgurd)Bolero,1,1,717.0,2.987895040283756e-08,0.9999842448036125,C
0028434 frt wheel arch lh mudgurd bolero,0028434 Frt Wheel Arch LH(Mudgurd)Bolero,1,1,717.0,2.987895040283756e-08,0.9999842746825629,C
right angle 12,"Right Angle 12""",2,2,715.0,2.9795606050249446e-08,0.999984304478169,C
air gun,Air Gun,1,1,714.0,2.975393387395539e-08,0.9999843342321029,C
wheel spanner 19 no,Wheel Spanner 19 No,1,1,712.0,2.9670589521367284e-08,0.9999843639026924,C
measuring cylinder 10 ml,Measuring Cylinder 10 ML,1,1,712.0,2.9670589521367284e-08,0.999984393573282,C
upvc reducer 2 5 x2,"Upvc Reducer 2.5""X2""",1,1,711.84,2.9663921973160234e-08,0.9999844232372039,C
m 843310 diaphragm rubber 2515,M 843310 Diaphragm Rubber 2515,1,1,710.64,2.9613915361607367e-08,0.9999844528511193,C
drum stick mundga,Drum Stick (Mundga),11,11,710.01,2.9587661890542113e-08,0.9999844824387811,C
gas repairing idli machin maintaina,Gas Repairing& Idli Machin Maintaina,1,1,710.0,2.9587245168779174e-08,0.9999845120260263,C
40 302800 thrust bearing king pin jcb,40/302800 Thrust Bearing (King Pin) JCB,1,1,708.48,2.952390346081221e-08,0.9999845415499298,C
pu tube 12mm,Pu Tube - 12Mm,1,1,708.0,2.9503900816191063e-08,0.9999845710538305,C
vim liquid,Vim Liquid,2,2,706.2,2.9428890898861765e-08,0.9999846004827214,C
duplex sprocket 16 teeth pitch 3 4,"DUPLEX SPROCKET-16 TEETH,PITCH-3/4""",1,1,704.0,2.9337212111014843e-08,0.9999846298199335,C
food color red bush,Food Color Red (Bush),3,3,701.4100000000001,2.9229281174413243e-08,0.9999846590492147,C
heat exchanger cb15 10h tk 08165,Heat Exchanger - CB15-10H - TK-08165,1,1,701.28,2.922386379149501e-08,0.9999846882730785,C
stiching machine cuppi,Stiching Machine Cuppi,1,1,700.0,2.9170523405838622e-08,0.999984717443602,C
whisker,Whisker,1,1,700.0,2.9170523405838622e-08,0.9999847466141254,C
gear box packing set mf,Gear Box Packing Set MF,1,1,700.0,2.9170523405838622e-08,0.9999847757846488,C
blow gun glue stick,Blow Gun Glue Stick,1,1,700.0,2.9170523405838622e-08,0.9999848049551723,C
number plate change work aj 6357,Number Plate Change Work AJ 6357,1,1,700.0,2.9170523405838622e-08,0.9999848341256957,C
number plate from khandelwal r 4907,Number Plate From Khandelwal R 4907,1,1,700.0,2.9170523405838622e-08,0.9999848632962192,C
cotton sleeve 10 mm,COTTON SLEEVE - 10 mm,1,1,700.0,2.9170523405838622e-08,0.9999848924667426,C
axe,Axe,1,1,700.0,2.9170523405838622e-08,0.999984921637266,C
stiching m c needle thread take up 8006,Stiching M/c Needle Thread Take up (8006,1,1,700.0,2.9170523405838622e-08,0.9999849508077895,C
number plate work in car cg08 aj 6690,Number Plate Work In Car CG08 AJ 6690,1,1,700.0,2.9170523405838622e-08,0.9999849799783129,C
attendance ragister 200 page,Attendance Ragister 200 Page,1,1,700.0,2.9170523405838622e-08,0.9999850091488364,C
ss reducer concen 100 x 80 nb,SS Reducer concen- 100 x 80 NB,1,1,700.0,2.9170523405838622e-08,0.9999850383193598,C
number plate change work aj 6688,Number Plate Change Work AJ 6688,1,1,700.0,2.9170523405838622e-08,0.9999850674898833,C
number plate change work aa 2155,Number Plate Change Work AA 2155,1,1,700.0,2.9170523405838622e-08,0.9999850966604067,C
repaired sbc 2,Repaired SBC-2,1,1,700.0,2.9170523405838622e-08,0.9999851258309301,C
number plate change work aj 6356,Number Plate Change Work AJ 6356,1,1,700.0,2.9170523405838622e-08,0.9999851550014536,C
number plate change work aj 6355,Number Plate Change Work AJ 6355,1,1,700.0,2.9170523405838622e-08,0.999985184171977,C
pvc pipe 3,"Pvc Pipe 3""",1,1,700.0,2.9170523405838622e-08,0.9999852133425005,C
valve lock 407 909,Valve Lock 407/909,4,4,700.0,2.9170523405838622e-08,0.9999852425130239,C
ceiling rose,Ceiling Rose,1,1,699.0,2.9128851229544567e-08,0.9999852716418751,C
pipe wrench 18,"Pipe Wrench 18""",1,1,699.0,2.9128851229544567e-08,0.9999853007707263,C
blue curacao 750 ml,Blue Curacao 750 Ml,1,1,696.45,2.9022587179994725e-08,0.9999853297933136,C
diesel pipe 19x19 no banjo 96,"Diesel Pipe 19X19 No. Banjo 96""",1,1,696.0,2.90038347006624e-08,0.9999853587971482,C
cash transfer voucher ibf,Cash Transfer Voucher (IBF),1,1,696.0,2.90038347006624e-08,0.9999853878009829,C
40 301610 bush jcb,40/301610 Bush_JCB,1,1,694.92,2.895882875026482e-08,0.9999854167598117,C
289832100152 frt l s mtg patti pin yodha,289832100152 Frt.L/S MTG.Patti Pin Yodha,1,1,690.64,2.8780471835726263e-08,0.9999854455402835,C
nozzel katori washer al 1012,Nozzel Katori Washer AL 1012,1,1,690.0,2.875380164289807e-08,0.9999854742940851,C
micro pipette tip 10ml,MICRO PIPETTE TIP 10ML,1,1,690.0,2.875380164289807e-08,0.9999855030478868,C
ss nylock nut 04 mm,SS Nylock nut -04 mm,1,1,690.0,2.875380164289807e-08,0.9999855318016885,C
battery 2 5 ah for two wheeler,Battery 2.5 AH (For two wheeler),1,1,687.5,2.8649621202162932e-08,0.9999855604513097,C
diamond gland cutter 38 mm,Diamond Gland Cutter - 38 mm,1,1,685.0,2.8545440761427794e-08,0.9999855889967505,C
chipsaw blade t118d hss,Chipsaw Blade T118D HSS,1,1,684.0,2.850376858513374e-08,0.9999856175005191,C
front kamani pin single nut tata ace,Front Kamani Pin (Single nut) Tata Ace,1,1,684.0,2.850376858513374e-08,0.9999856460042876,C
285226800111 gear shift lever 407 bsiv,285226800111 Gear Shift Lever 407 BSIV,1,1,682.03,2.8421674397834448e-08,0.999985674425962,C
claw brush 5356017125,Claw Brush (5356017125),1,1,680.0,2.8337079879957518e-08,0.9999857027630419,C
pipette 10ml,Pipette 10ml,1,1,680.0,2.8337079879957518e-08,0.9999857311001218,C
fit spanner 20x22,Fit Spanner 20X22,1,1,680.0,2.8337079879957518e-08,0.9999857594372017,C
coupling bc 2a n b bush set,Coupling BC - 2A N/B + Bush Set,1,1,680.0,2.8337079879957518e-08,0.9999857877742816,C
ms short bend 2 ibr,"Ms Short Bend 2""-Ibr",1,1,680.0,2.8337079879957518e-08,0.9999858161113615,C
laptop display cable,laptop display cable,1,1,677.97,2.8252485362080585e-08,0.9999858443638469,C
laptop hinge,Laptop Hinge,1,1,677.97,2.8252485362080585e-08,0.9999858726163322,C
570623126322 fan belt 6pk 1760 ultra bus,570623126322 Fan Belt 6PK 1760 Ultra Bus,1,1,677.97,2.8252485362080585e-08,0.9999859008688176,C
d freez filter small,D FREEZ FILTER SMALL,1,1,677.8,2.8245401092110592e-08,0.9999859291142187,C
dispo syringe 10ml,Dispo Syringe 10Ml,1,1,676.0,2.8170391174781297e-08,0.9999859572846098,C
chassis u bolt 18 24 no nut,"Chassis U Bolt 18"" 24 NO. Nut",1,1,676.0,2.8170391174781297e-08,0.999985985455001,C
red chilli sauce everest,Red Chilli Sauce (Everest),1,1,675.0,2.8128718998487242e-08,0.99998601358372,C
ni5634 17 no foundation washer 10 mm,Ni5634 17 No Foundation Washer 10 Mm,1,1,675.0,2.8128718998487242e-08,0.999986041712439,C
331 16517 pressure plate jcb,331/16517 Pressure Plate JCB,1,1,675.0,2.8128718998487242e-08,0.999986069841158,C
cabin spoket change work for mixture mac,Cabin Spoket Change Work For Mixture Mac,1,1,675.0,2.8128718998487242e-08,0.999986097969877,C
vetan bhugtan rasid,Vetan Bhugtan Rasid,1,1,675.0,2.8128718998487242e-08,0.999986126098596,C
potassium thiocynate,Potassium Thiocynate,1,1,675.0,2.8128718998487242e-08,0.9999861542273151,C
ms nut 6 sut,Ms Nut 6 Sut,1,1,672.3,2.801620412249329e-08,0.9999861822435192,C
spares sale 18,Spares Sale @18%,1,1,672.0,2.8003702469605076e-08,0.9999862102472217,C
hyd hose change from shree motors p 7314,Hyd.Hose Change From Shree Motors P-7314,1,1,670.34,2.7934526656956947e-08,0.9999862381817484,C
id fan motor v belt pulley,"ID Fan Motor V Belt Pulley """,1,1,665.0,2.771199723554669e-08,0.9999862658937456,C
oil filter 06 040 01 0 00,Oil Filter - 06.040.01.0.00,1,1,664.4,2.7686993929770255e-08,0.9999862935807395,C
257346200106 steering u j cross 1109 bs3,257346200106 Steering U J Cross 1109 BS3,1,1,664.06,2.7672825389830274e-08,0.9999863212535649,C
f002g10437 assy rotor,F002G10437 Assy Rotor,1,1,664.06,2.7672825389830274e-08,0.9999863489263903,C
f002g10702 starter mico,F002G10702 Starter Mico,1,1,664.06,2.7672825389830274e-08,0.9999863765992156,C
ferrion indicator,Ferrion Indicator,1,1,663.0,2.762865288295858e-08,0.9999864042278686,C
valve guide set super ace,Valve Guide Set Super Ace,2,2,662.48,2.760698335128567e-08,0.9999864318348519,C
helogen rod 1000w,Helogen Rod - 1000W,2,2,660.0,2.7503636354076414e-08,0.9999864593384883,C
casing patti 1 pvc,Casing Patti - 1'' - Pvc,1,1,660.0,2.7503636354076414e-08,0.9999864868421247,C
ssuc 208 bearing,SSUC 208 bearing,1,1,660.0,2.7503636354076414e-08,0.999986514345761,C
plain washer 13 no,Plain Washer 13 No.,1,1,660.0,2.7503636354076414e-08,0.9999865418493974,C
284641303304 center brg brkt plate 3118,284641303304 Center BRG.Brkt.Plate 3118,2,2,659.38,2.7477799604774098e-08,0.999986569327197,C
foundation bolt 20mm,Foundation Bolt - 20MM,1,1,655.0,2.7295275472606138e-08,0.9999865966224725,C
half round file 10 smooth,"Half Round File 10"" (Smooth)",1,1,652.0,2.7170258943723972e-08,0.9999866237927314,C
ms strip 100x5,MS STRIP 100X5,1,1,650.72,2.7116918558067582e-08,0.99998665090965,C
brass diesel valve 1 2,"Brass Diesel Valve 1/2""",1,1,650.0,2.7086914591135862e-08,0.9999866779965646,C
333 y4698 hyd hose hp 5 8 bspx725mm jcb,333/Y4698 Hyd.Hose HP-5/8 BSPx725MM JCB,1,1,650.0,2.7086914591135862e-08,0.9999867050834792,C
hyd hose pipe repair parmar auto l2703,Hyd.Hose Pipe Repair Parmar Auto L2703,1,1,650.0,2.7086914591135862e-08,0.9999867321703938,C
disposable glass,Disposable Glass,1,1,650.0,2.7086914591135862e-08,0.9999867592573084,C
test tube stand,Test Tube Stand,2,2,650.0,2.7086914591135862e-08,0.999986786344223,C
labour charge from kamal diesel c 9152,Labour Charge From Kamal Diesel C-9152,1,1,650.0,2.7086914591135862e-08,0.9999868134311376,C
labour charge from kamal diesel b 5125,Labour Charge From Kamal Diesel B-5125,1,1,650.0,2.7086914591135862e-08,0.9999868405180522,C
tyre change alignment work s 1928,Tyre Change & Alignment Work S 1928,1,1,650.0,2.7086914591135862e-08,0.9999868676049668,C
labour charge from kamal diesel b 1030,Labour Charge From Kamal Diesel B-1030,1,1,650.0,2.7086914591135862e-08,0.9999868946918814,C
labour charge from kamal diesel b 1029,Labour Charge From Kamal Diesel B-1029,1,1,650.0,2.7086914591135862e-08,0.999986921778796,C
labour charge from kamal diesel p 0487,Labour Charge From Kamal Diesel P-0487,1,1,650.0,2.7086914591135862e-08,0.9999869488657106,C
labour charge from kamal diesel b 1259,Labour Charge From Kamal Diesel B-1259,1,1,650.0,2.7086914591135862e-08,0.9999869759526252,C
labour charge from kamal diesel cg0b2010,Labour Charge From Kamal Diesel CG0B2010,1,1,650.0,2.7086914591135862e-08,0.9999870030395398,C
labour charge from kamal diesel b 1124,Labour Charge From Kamal Diesel B-1124,1,1,650.0,2.7086914591135862e-08,0.9999870301264544,C
f3401031 sliding shifter pad al 1012,F3401031 Sliding Shifter Pad AL 1012,1,1,648.0,2.700357023854775e-08,0.9999870571300247,C
real orange juice,Real Orange Juice,2,2,642.87,2.678979197415925e-08,0.9999870839198166,C
285126516706 shifter pad 5th t ace ex,285126516706 Shifter Pad 5th T-Ace EX,2,2,640.6,2.6695196133971745e-08,0.9999871106150128,C
double trip conductor expenses slip book,Double Trip Conductor Expenses Slip Book,1,1,640.0,2.667019282819531e-08,0.9999871372852056,C
20 nb cs sorf flange class 150,20 NB CS SORF Flange ( Class - 150 ),1,1,640.0,2.667019282819531e-08,0.9999871639553984,C
a c connecting rod tc,A/C Connecting Rod TC,1,1,636.72,2.653350808995081e-08,0.9999871904889065,C
fan belt 1235 ac fan vehicle 909,Fan Belt 1235 (AC Fan Vehicle) 909,1,1,636.0,2.650350412301909e-08,0.9999872169924107,C
ghup chup plate,Ghup Chup Plate,1,1,636.0,2.650350412301909e-08,0.9999872434959148,C
cutting oil,Cutting Oil,1,1,635.6,2.648683525250147e-08,0.9999872699827501,C
phendal 50 ec 500ml,Phendal 50% EC (500ml),1,1,635.6,2.648683525250147e-08,0.9999872964695854,C
laptop acc cooling pad,Laptop Acc cooling Pad,1,1,635.59,2.6486418530738527e-08,0.9999873229560039,C
phendal 50 ec 1ltr,Phendal 50% EC (1Ltr),1,1,635.59,2.6486418530738527e-08,0.9999873494424224,C
full engine repair kit tractor,Full Engine Repair Kit Tractor,1,1,635.59,2.6486418530738527e-08,0.9999873759288409,C
disposal glass with lid,Disposal Glass with Lid,1,1,635.5,2.648266803487206e-08,0.999987402411509,C
pneumatic cylinder seal kit 63x50,Pneumatic Cylinder Seal Kit - 63X50,1,1,635.0,2.6461831946725034e-08,0.9999874288733409,C
bolt 13 no 2 3 4,"Bolt 13 No. 2-3/4""",2,2,634.75,2.6451413902651522e-08,0.9999874553247549,C
sugar free,Sugar Free,2,2,633.95,2.6418076161616278e-08,0.999987481742831,C
labour charges,Labour charges,1,1,632.0,2.633681541784287e-08,0.9999875080796464,C
measring tap 3 mtr,Measring Tap 3 Mtr.,4,4,632.0,2.633681541784287e-08,0.9999875344164618,C
v belt b 47,V Belt - B 47,1,1,632.0,2.633681541784287e-08,0.9999875607532772,C
diamond gland cutter 35 mm,DIAMOND GLAND CUTTER- 35 MM,1,1,630.0,2.6253471065254758e-08,0.9999875870067483,C
beetroot,Beetroot,10,10,630.0,2.6253471065254758e-08,0.9999876132602193,C
emery paper 100 no,Emery Paper 100 No,2,2,630.0,2.6253471065254758e-08,0.9999876395136904,C
piller cock,Piller Cock,1,1,630.0,2.6253471065254758e-08,0.9999876657671615,C
thrust washer 407 std,Thrust Washer 407 STD,4,4,627.12,2.613345519752788e-08,0.9999876919006166,C
ss washer 8 mm,Ss Washer 8 Mm,2,2,626.0,2.6086782360078537e-08,0.999987717987399,C
rotary paddle level switch se110cdrf,Rotary Paddle Level Switch - SE110CDRF,1,1,625.0,2.6045110183784482e-08,0.9999877440325092,C
piston gp dia70 bp03 05,PISTON & GP DIA70 BP03/05,1,1,625.0,2.6045110183784482e-08,0.9999877700776194,C
v belt b 46,V Belt B-46,1,1,624.0,2.6003438007490427e-08,0.9999877960810574,C
571709130102 air filter cleaner iris,571709130102 Air Filter Cleaner IRIS,1,1,620.34,2.5850917842254187e-08,0.9999878219319752,C
v19 46 055 0 door lock handle lh hydra,V19.46.055.0 Door Lock Handle LH Hydra,1,1,620.0,2.5836749302314206e-08,0.9999878477687245,C
wire stripping plier,Wire Stripping Plier,1,1,620.0,2.5836749302314206e-08,0.9999878736054738,C
labour charge from city wheels ad 9142,Labour Charge From City Wheels AD-9142,2,2,619.44,2.581341288358954e-08,0.9999878994188867,C
labour charge from city wheels af6012,Labour Charge From City Wheels AF6012,1,1,617.78,2.5744237070941403e-08,0.9999879251631237,C
main con bearing 10x10 super ace,Main & Con.Bearing 10x10 Super Ace,1,1,614.4,2.5603385115067498e-08,0.9999879507665088,C
333 y3360 wear pad lower adjuster jcb,333/Y3360 Wear Pad Lower Adjuster JCB,1,1,613.56,2.556838048698049e-08,0.9999879763348893,C
u bolt 24 no 9,"U Bolt 24 No. 9""",1,1,612.0,2.5503371891961764e-08,0.9999880018382612,C
264354200154 fan out unit 909 bsiii,264354200154 Fan Out Unit 909 BSIII,1,1,610.52,2.5441697071046562e-08,0.9999880272799583,C
pvc elbow 1 2,"Pvc Elbow 1/2""",3,3,610.0,2.5420027539373654e-08,0.9999880526999858,C
labour charge from city wheel cg08ad9142,Labour Charge From City Wheel CG08AD9142,1,1,609.17,2.5385439633049588e-08,0.9999880780854254,C
fan belt engine model no 6btaa 5 9g4,"FAN BELT (ENGINE MODEL NO,-6BTAA-5.9G4 )",1,1,608.01,2.5337099908548486e-08,0.9999881034225253,C
7602262c1 thrust washer king pin arjun,7602262C1 Thrust Washer (King Pin) Arjun,1,1,608.0,2.5336683186785544e-08,0.9999881287592085,C
164a02va0j fuel level sensor al dost,164A02VA0J Fuel Level Sensor AL Dost,1,1,606.78,2.5285843131706796e-08,0.9999881540450516,C
mustard seed sarso,Mustard Seed ( Sarso),5,5,606.04,2.5255005721249195e-08,0.9999881793000573,C
550747704901 fuel tank unit w tfr 709bs4,550747704901 Fuel Tank Unit W/TFR 709BS4,1,1,605.93,2.525042178185685e-08,0.9999882045504791,C
dal chini,Dal Chini,2,2,605.72,2.52416706248351e-08,0.9999882297921497,C
265124200102 gear box mounting 407,265124200102 Gear Box Mounting 407,1,1,605.64,2.5238336850731575e-08,0.9999882550304866,C
con rod bearing set 407 010,Con Rod Bearing Set 407 010,1,1,601.7,2.5074148476133e-08,0.999988280104635,C
oil seal 28 36,Oil Seal 28-36,2,2,600.0,2.5003305776433102e-08,0.9999883051079408,C
elec material change work p 1524,Elec. Material Change Work P 1524,1,1,600.0,2.5003305776433102e-08,0.9999883301112465,C
bearing sleev h 309,Bearing Sleev - H 309,1,1,600.0,2.5003305776433102e-08,0.9999883551145523,C
zucchini green khira,Zucchini Green (Khira),3,3,600.0,2.5003305776433102e-08,0.9999883801178581,C
electric flaxible pipe 1 2 pvc,"Electric Flaxible Pipe 1/2"" PVc",1,1,600.0,2.5003305776433102e-08,0.9999884051211638,C
black current crush,Black Current Crush,1,1,600.0,2.5003305776433102e-08,0.9999884301244696,C
coconut powder,Coconut Powder,1,1,600.0,2.5003305776433102e-08,0.9999884551277753,C
gas lighter,Gas Lighter,1,1,600.0,2.5003305776433102e-08,0.9999884801310811,C
gunny bags damage 2 katta 0 7kg,Gunny-Bags Damage-2 Katta-0.7Kg,5295,5295,600.0,2.5003305776433102e-08,0.9999885051343869,C
concrit dreel bit 6 5mm,Concrit Dreel Bit 6.5Mm,1,1,600.0,2.5003305776433102e-08,0.9999885301376926,C
simplex spocket 17x 1,"Simplex Spocket 17X 1""",1,1,600.0,2.5003305776433102e-08,0.9999885551409984,C
o ring 38mm 00351,O RING 38MM (00351),1,1,600.0,2.5003305776433102e-08,0.9999885801443041,C
101243401700 hyd strg hose 24 r2 hydra,"101243401700 HYD Strg.Hose 24""-R2 Hydra",1,1,600.0,2.5003305776433102e-08,0.9999886051476099,C
disposal spoon,DISPOSAL SPOON,1,1,600.0,2.5003305776433102e-08,0.9999886301509157,C
paint brush 3,"Paint Brush 3""",1,1,600.0,2.5003305776433102e-08,0.9999886551542214,C
hexa blade patala,Hexa Blade Patala,1,1,600.0,2.5003305776433102e-08,0.9999886801575272,C
test tube 50ml,Test Tube 50ml,1,1,600.0,2.5003305776433102e-08,0.9999887051608329,C
feed tanker chalak parichalak karya viv,Feed Tanker Chalak/ Parichalak karya viv,1,1,600.0,2.5003305776433102e-08,0.9999887301641387,C
gadi chalak parichalak dainik karya repo,Gadi Chalak/Parichalak Dainik Karya Repo,1,1,600.0,2.5003305776433102e-08,0.9999887551674445,C
bobcut machine repair work of indamara,Bobcut machine Repair Work Of Indamara,1,1,600.0,2.5003305776433102e-08,0.9999887801707502,C
shifting vahan chalak parichalak karya v,Shifting Vahan Chalak/Parichalak karya V,1,1,600.0,2.5003305776433102e-08,0.999988805174056,C
butting ring gbs 27,Butting Ring GBS-27,2,1,600.0,2.5003305776433102e-08,0.9999888301773617,C
cheese 1 kg,Cheese  1 Kg,2,2,600.0,2.5003305776433102e-08,0.9999888551806675,C
comp ring washer,Comp. Ring Washer,1,1,600.0,2.5003305776433102e-08,0.9999888801839732,C
ss long bend 2,"Ss Long Bend 2""",1,1,600.0,2.5003305776433102e-08,0.999988905187279,C
measuring jug 1 2 ltr,Measuring Jug 1/2 Ltr.,1,1,600.0,2.5003305776433102e-08,0.9999889301905848,C
pvc elbow 5,"Pvc Elbow 5""",1,1,600.0,2.5003305776433102e-08,0.9999889551938905,C
csk bolt 12x25 mm,CSK Bolt 12X25 mm,1,1,599.52,2.4983303131811955e-08,0.9999889801771936,C
acc repair work from sparsh ad 7021,Acc. Repair Work From Sparsh AD 7021,1,1,597.65,2.4905376162142072e-08,0.9999890050825698,C
pvc plug t 2 5,"Pvc Plug T 2.5""",1,1,596.6,2.4861620377033316e-08,0.9999890299441903,C
wiring clip 17m,Wiring Clip 17M,1,1,596.0,2.483661707125688e-08,0.9999890547808074,C
refrigerator condensor coil,Refrigerator CONDENSOR COIL,1,1,593.22,2.472076842115941e-08,0.9999890795015758,C
d freez filter big,D FREEZ FILTER BIG,1,1,593.2,2.471993497763353e-08,0.9999891042215108,C
oil pump pressure relief valve 407 909,Oil Pump Pressure Relief Valve 407/909,4,4,592.84,2.470493299416767e-08,0.9999891289264438,C
piston ring m arjun,Piston Ring M Arjun,1,1,592.37,2.468534707130946e-08,0.9999891536117909,C
fit spanner 41x46,Fit Spanner 41x46,1,1,590.0,2.458658401349255e-08,0.9999891781983749,C
445 26110 locking screw jcb,445/26110 Locking Screw JCB,1,1,589.84,2.4579916465285503e-08,0.9999892027782913,C
fuse 63 amp 3nwtis63,Fuse 63 Amp - 3NWTIS63,1,1,588.0,2.450323966090444e-08,0.999989227281531,C
rear veiw mirror rh bolero,Rear Veiw Mirror RH Bolero,1,1,587.3,2.44740691374986e-08,0.9999892517556,C
digisol cat 6 e keystone,DIGISOL CAT 6 E KEYSTONE,1,1,584.0,2.433655095572822e-08,0.999989276092151,C
bearing 6204 zz c3 skf,Bearing 6204-Zz/C3 Skf,1,1,584.0,2.433655095572822e-08,0.999989300428702,C
element lub oil filter c6002112110,"Element, Lub Oil Filter (C6002112110)",1,1,583.36,2.4309880762900025e-08,0.9999893247385828,C
4pk 0875 fan belt alternator al dost,4PK 0875 Fan Belt (Alternator) AL Dost,1,1,582.0,2.4253206603140112e-08,0.9999893489917894,C
floor finishing with neat cement,Floor Finishing with Neat Cement,1,1,581.04,2.4213201313897815e-08,0.9999893732049907,C
wheel spanner 28x30,Wheel Spanner 28X30,1,1,580.0,2.4169862250552e-08,0.9999893973748529,C
tube fitting stud 12 mm x 06 mm,Tube Fitting Stud- 12 Mm X 06 Mm,1,1,580.0,2.4169862250552e-08,0.9999894215447152,C
plain washer 08 no,Plain Washer 08 No.,1,1,580.0,2.4169862250552e-08,0.9999894457145774,C
test tube 25x150mm,Test Tube 25x150mm,1,1,579.0,2.4128190074257946e-08,0.9999894698427675,C
fc800300 idler pully timing belt al dost,FC800300 Idler Pully(Timing Belt)AL Dost,1,1,578.91,2.4124439578391477e-08,0.999989493967207,C
leth work of tumer machine bakal worksho,Leth Work Of Tumer Machine Bakal Worksho,1,1,575.0,2.3961501369081725e-08,0.9999895179287084,C
pvc footvalve 2 5,Pvc Footvalve 2.5'',1,1,575.0,2.3961501369081725e-08,0.9999895418902097,C
lath work of bakal workshop,Lath Work Of Bakal Workshop,1,1,575.0,2.3961501369081725e-08,0.9999895658517111,C
altinetor moumting bolt 15 kva,Altinetor Moumting Bolt 15-KVA,1,1,572.15,2.3842735666643664e-08,0.9999895896944467,C
2 module plate,2 Module Plate,1,1,572.1,2.3840652057828964e-08,0.9999896135350987,C
289472320101 door lock assy lh yodha bs4,289472320101 Door Lock Assy LH Yodha BS4,1,1,571.88,2.383148417904427e-08,0.999989637366583,C
dhania seeds,Dhania Seeds,2,2,571.44,2.381314842147489e-08,0.9999896611797314,C
pulley a 5 x 4 groove,"Pulley A 5"" X 4 Groove",1,1,570.0,2.375314048761145e-08,0.9999896849328719,C
grip kadi pvc,Grip Kadi Pvc,4,4,570.0,2.375314048761145e-08,0.9999897086860123,C
radiator hose pipe dai 6mm,Radiator Hose Pipe Dai 6MM,1,1,566.46,2.3605620983530495e-08,0.9999897322916333,C
cyl liner ace,Cyl. Liner ACE,1,1,562.5,2.3440599165406035e-08,0.9999897557322325,C
starting truble repair jaika auto aa6131,Starting Truble Repair Jaika Auto AA6131,1,1,561.15,2.3384341727409057e-08,0.9999897791165742,C
deisal hose pipe 19 no,Deisal hose pipe(19 no),1,1,560.16,2.3343086272877944e-08,0.9999898024596604,C
mushroom,Mushroom,1,1,560.0,2.3336418724670897e-08,0.9999898257960791,C
pipette 2ml,Pipette 2ML,1,1,560.0,2.3336418724670897e-08,0.9999898491324978,C
pvc ballvalve 3,"Pvc Ballvalve 3""",1,1,560.0,2.3336418724670897e-08,0.9999898724689165,C
3599293m91 center lock pin 1035 massy,3599293M91 Center Lock Pin 1035 Massy,1,1,560.0,2.3336418724670897e-08,0.9999898958053351,C
ht washer 12 mm,HT Washer 12 MM,1,1,560.0,2.3336418724670897e-08,0.9999899191417538,C
hole charges,Hole Charges,1,1,560.0,2.3336418724670897e-08,0.9999899424781725,C
cpu fan processor fan,CPU Fan (Processor Fan),1,1,559.32,2.3308081644790942e-08,0.9999899657862542,C
u vaporator spare box tk 13300,U-Vaporator Spare Box - TK-13300,1,1,556.0,2.3169730019494677e-08,0.9999899889559842,C
birthday candles,Birthday Candles,2,2,555.2,2.3136392278459433e-08,0.9999900120923765,C
cpvc socket 2,"Cpvc Socket - 2""",1,1,551.04,2.296303602507616e-08,0.9999900350554125,C
air com connecting rod 77 mm 909,Air Com. Connecting Rod 77 MM 909,1,1,550.78,2.2952201259239708e-08,0.9999900580076138,C
labour charge from jaika auto cg08l1557,Labour Charge From Jaika Auto.CG08L1557,1,1,550.0,2.2919696961730345e-08,0.9999900809273107,C
155 10600 sealastics male assy jcb,155/10600 Sealastics Male Assy JCB,1,1,550.0,2.2919696961730345e-08,0.9999901038470076,C
labour charge from jaika auto cg08l0877,Labour Charge From Jaika Auto.CG08L0877,1,1,550.0,2.2919696961730345e-08,0.9999901267667045,C
ss nut m12,Ss Nut M12,1,1,550.0,2.2919696961730345e-08,0.9999901496864014,C
labour charge from new mmg cg08b1034,Labour Charge From New MMG CG08B1034,1,1,550.0,2.2919696961730345e-08,0.9999901726060983,C
air pr meter w gauge tyre work,Air PR.Meter W/Gauge (Tyre Work),2,1,550.0,2.2919696961730345e-08,0.9999901955257953,C
labour charge from new mmg cg08m0187,Labour Charge From New MMG CG08M0187,1,1,550.0,2.2919696961730345e-08,0.9999902184454922,C
labour charge from new mmg mp50la0895,Labour Charge From New MMG MP50LA0895,1,1,550.0,2.2919696961730345e-08,0.9999902413651891,C
labour charge from new mmg cg08l2750,Labour Charge From New MMG CG08L2750,1,1,550.0,2.2919696961730345e-08,0.999990264284886,C
labour change from new mmg cg08ae3732,Labour Change From New MMG CG08AE3732,1,1,550.0,2.2919696961730345e-08,0.9999902872045829,C
labour charge from new mmg cg08b2865,Labour Charge From New MMG CG08B2865,1,1,550.0,2.2919696961730345e-08,0.9999903101242799,C
labour charge from new mmg cg08b2212,Labour Charge From New MMG CG08B2212,1,1,550.0,2.2919696961730345e-08,0.9999903330439768,C
labour charge from new mmg cg08l0117,Labour Charge From New MMG CG08L0117,1,1,550.0,2.2919696961730345e-08,0.9999903559636737,C
labour charge from new mmg cg08b2866,Labour Charge From New MMG CG08B2866,1,1,550.0,2.2919696961730345e-08,0.9999903788833706,C
labour charge from new mmg cg08l0742,Labour Charge From New MMG CG08L0742,1,1,550.0,2.2919696961730345e-08,0.9999904018030675,C
labour change from new mmg cg08l1563,Labour Change From New MMG CG08L1563,1,1,550.0,2.2919696961730345e-08,0.9999904247227644,C
allanky spanner 3 mm,Allanky Spanner 3 Mm,1,1,550.0,2.2919696961730345e-08,0.9999904476424614,C
water level pipe 8mm,Water Level Pipe 8Mm,1,1,550.0,2.2919696961730345e-08,0.9999904705621583,C
labour change from new mmg cg08l3084,Labour Change From New MMG CG08L3084,1,1,550.0,2.2919696961730345e-08,0.9999904934818552,C
polyethylene 6mm od x 1mm wall kit,POLYETHYLENE 6MM OD X 1MM WALL KIT,1,1,550.0,2.2919696961730345e-08,0.9999905164015521,C
dispovan needle 18 no,Dispovan Needle 18 No.,1,1,550.0,2.2919696961730345e-08,0.999990539321249,C
bulb 0 w yellow colour,Bulb - 0 W (Yellow Colour),1,1,550.0,2.2919696961730345e-08,0.999990562240946,C
clutch brake pipe 14no metal 96,"Clutch / Brake Pipe 14No.(Metal) 96""",1,1,550.0,2.2919696961730345e-08,0.9999905851606429,C
labour charge from new mmg cg08z6108,Labour Charge From New MMG CG08Z6108,1,1,550.0,2.2919696961730345e-08,0.9999906080803398,C
labour charge from jaika automo l0740,Labour Charge From Jaika Automo.L0740,1,1,550.0,2.2919696961730345e-08,0.9999906310000367,C
labour charge from new mmg cg08l1364,Labour Charge From New MMG CG08L1364,1,1,550.0,2.2919696961730345e-08,0.9999906539197336,C
tej patta,Tej Patta,2,2,547.62,2.2820517182150493e-08,0.9999906767402508,C
285126707914shifter shaft 1 2 spd ace ex,285126707914Shifter Shaft 1/2 Spd ACE EX,1,1,546.88,2.278967977169289e-08,0.9999906995299306,C
meftal spas tab,Meftal Spas Tab,1,1,546.0,2.2753008256554125e-08,0.9999907222829388,C
bolt 22 no 2 1 2,"Bolt 22 No. 2 1/2""",1,1,546.0,2.2753008256554125e-08,0.9999907450359471,C
abnormal noisy from jaika automob l 3082,Abnormal Noisy From Jaika Automob.L-3082,2,1,545.17,2.2718420350230055e-08,0.9999907677543675,C
p5103974 syn gear box repair kit al 1012,P5103974 Syn.Gear Box Repair Kit AL 1012,1,1,545.0,2.271133608026007e-08,0.9999907904657035,C
07202389c1 hyd pump gear coupling marjun,07202389C1 HYD Pump Gear Coupling MArjun,1,1,545.0,2.271133608026007e-08,0.9999908131770395,C
labour change from city wheels ad 9109,Labour Change From City Wheels AD-9109,1,1,544.63,2.269591737503127e-08,0.9999908358729569,C
ss washer 10mm,Ss Washer 10Mm,2,2,544.0,2.2669663903966014e-08,0.9999908585426208,C
water paper,Water Paper,2,2,543.0,2.262799172767196e-08,0.9999908811706125,C
pavbhaji masala,Pavbhaji  Masala,1,1,542.9,2.262382451004255e-08,0.999990903794437,C
pearl ball,Pearl Ball,1,1,542.37,2.2601738256606704e-08,0.9999909263961753,C
331 20550 stablizer wear pad 5mm jcb,331/20550 Stablizer Wear Pad 5mm Jcb,2,2,542.36,2.2601321534843762e-08,0.9999909489974967,C
assy aux tank coolant box tractor,Assy Aux Tank (Coolant Box)Tractor,1,1,542.0,2.2586319551377904e-08,0.9999909715838163,C
nut 87d8,Nut (87D8),1,1,540.0,2.2502975198789794e-08,0.9999909940867915,C
inner drum of dryer swd 13,INNER DRUM OF DRYER - SWD 13,1,1,540.0,2.2502975198789794e-08,0.9999910165897666,C
u bolt washer 27no,U Bolt Washer 27NO,1,1,540.0,2.2502975198789794e-08,0.9999910390927418,C
chilly sauce,Chilly Sauce,2,2,540.0,2.2502975198789794e-08,0.9999910615957169,C
gland cutter 63 mm,Gland Cutter - 63 Mm,1,1,540.0,2.2502975198789794e-08,0.9999910840986921,C
bolt 37c824,Bolt (37C824),1,1,540.0,2.2502975198789794e-08,0.9999911066016672,C
hyd hose pipe repair parmar auto ae4800,Hyd.Hose Pipe Repair Parmar Auto AE4800,1,1,540.0,2.2502975198789794e-08,0.9999911291046424,C
refilling for abc type 5 kg,Refilling for ABC Type 5 Kg,1,1,540.0,2.2502975198789794e-08,0.9999911516076175,C
331 69285 diesel filler tank cap jcb,331/69285 Diesel (Filler) Tank CAP JCB,2,2,538.98,2.2460469578969857e-08,0.9999911740680871,C
331 38532 door handle jcb,331/38532 Door Handle Jcb,1,1,536.44,2.2354622251182958e-08,0.9999911964227094,C
copper lugz pin 10 mm,Copper Lugz Pin 10 Mm,1,1,536.0,2.2336286493613573e-08,0.9999912187589959,C
leek,LEEK,6,6,534.0,2.2252942141025462e-08,0.999991241011938,C
jet sprey,Jet Sprey,2,2,533.91,2.2249191645158997e-08,0.9999912632611296,C
cpvc male 3 4 metal,"Cpvc Male - 3/4"" (Metal)",1,1,533.0,2.2211269964731407e-08,0.9999912854723996,C
half round file 10 rough,"Half Round File 10"" (Rough)",1,1,529.0,2.2044581259555186e-08,0.9999913075169808,C
conical flask 500ml,Conical Flask 500ml,1,1,528.0,2.200290908326113e-08,0.9999913295198899,C
steel safety clip for fire extinguisher,Steel Safety Clip for Fire Extinguisher,3,3,525.0,2.1877892554378966e-08,0.9999913513977825,C
armature for grinder m c,Armature for Grinder M/c,1,1,523.0,2.1794548201790855e-08,0.9999913731923307,C
broccoli green cauliflower,Broccoli (Green Cauliflower),2,2,520.0,2.166953167290869e-08,0.9999913948618624,C
simplex spocket 1 x 14 t,"Simplex Spocket- 1"" x 14 T",1,1,520.0,2.166953167290869e-08,0.9999914165313941,C
0084777 kamani bush m bolero,0084777 Kamani Bush M-Bolero,1,1,520.0,2.166953167290869e-08,0.9999914382009258,C
repair main work from sparsh k 0679,Repair & Main Work From Sparsh K 0679,3,2,517.26,2.1555349909862978e-08,0.9999914597562758,C
ms bolt 2 5 sut 1,"Ms Bolt 2.5 Sut 1""",2,2,516.0,2.150284296773247e-08,0.9999914812591187,C
main oil seal 407 sealing ring half,Main Oil Seal 407 (Sealing Ring Half),4,4,514.6800000000001,2.144783569502432e-08,0.9999915027069545,C
test tube 15x125mm,Test Tube 15x125mm,1,1,512.5,2.1356990350703276e-08,0.9999915240639449,C
hose pipe 4104829,Hose Pipe (4104829),1,1,511.42,2.1311984400305697e-08,0.9999915453759293,C
oil strainer jhara,Oil Strainer (Jhara),1,1,510.0,2.1252809909968138e-08,0.9999915666287392,C
bolt 21 no 4 1 2 bsf x 4,"Bolt 21 No.4"" (1/2 Bsf X 4)",1,1,510.0,2.1252809909968138e-08,0.9999915878815492,C
red verdure lalbhaji,Red Verdure (Lalbhaji),7,7,510.0,2.1252809909968138e-08,0.9999916091343591,C
id fan soft pulleys 5,"ID Fan soft pulleys 5""",1,1,510.0,2.1252809909968138e-08,0.9999916303871691,C
pvc female 1 25,"Pvc Female 1.25""",1,1,510.0,2.1252809909968138e-08,0.999991651639979,C
lan card,Lan Card,2,1,508.48,2.1189468202001174e-08,0.9999916728294472,C
ss hinge kabja 6,"SS HINGE (KABJA) - 6""",1,1,508.48,2.1189468202001174e-08,0.9999916940189154,C
285126355401 reverse idler gear ace,285126355401 Reverse Idler Gear Ace,1,1,507.81,2.1161547843884158e-08,0.9999917151804633,C
26218992 rectifire assy iris mega ace,26218992 Rectifire Assy Iris/Mega Ace,1,1,507.81,2.1161547843884158e-08,0.9999917363420111,C
rear hub nut 19 no m12x1 5x nut ace,Rear Hub Nut 19 No.(M12X1.5X Nut) ACE,1,1,506.53,2.1108207458227764e-08,0.9999917574502185,C
eng oil lekage repair city wheels ds2793,Eng.Oil Lekage Repair City Wheels DS2793,2,1,506.11,2.1090705144184263e-08,0.9999917785409237,C
upvc tank nipple 1 5,"Upvc Tank Nipple 1.5""",1,1,504.0,2.1002776852203806e-08,0.9999917995437005,C
full eng o h gasket repair kit super ace,Full Eng O/H Gasket Repair Kit Super Ace,1,1,503.38,2.0976940102901494e-08,0.9999918205206406,C
filter oil 0122 0922,Filter - Oil (0122-0922),2,1,502.74,2.0950269910073297e-08,0.9999918414709106,C
cut out 63 a,Cut Out - 63 A,1,1,501.0,2.087776032332164e-08,0.9999918623486709,C
glass wiper,Glass Wiper,1,1,500.0,2.0836088147027586e-08,0.9999918831847591,C
secatere garden scissors,Secatere (Garden Scissors),1,1,500.0,2.0836088147027586e-08,0.9999919040208473,C
self tapping screw 1,"SELF TAPPING SCREW 1""",1,1,500.0,2.0836088147027586e-08,0.9999919248569354,C
stud with nut 12mm 70mm,Stud with nut 12mm*70mm,1,1,500.0,2.0836088147027586e-08,0.9999919456930236,C
stud elbow male bspt 6mm x 1 4,"Stud Elbow Male BSPT 6mm X 1/4""",1,1,500.0,2.0836088147027586e-08,0.9999919665291118,C
shaft 15q x 125l f 02 00,Shaft 15Q X 125L (F-02-00),1,1,500.0,2.0836088147027586e-08,0.9999919873652,C
grub screw 8 x10 mm,Grub Screw 8 X10 Mm,1,1,500.0,2.0836088147027586e-08,0.9999920082012882,C
labour charges of car rep work k 0405,Labour Charges Of Car Rep. Work K 0405,1,1,500.0,2.0836088147027586e-08,0.9999920290373764,C
head repair work from mehar singh l 1537,Head Repair Work From Mehar Singh L-1537,1,1,500.0,2.0836088147027586e-08,0.9999920498734646,C
pvc cap 1 2,"Pvc Cap 1/2""",1,1,500.0,2.0836088147027586e-08,0.9999920707095528,C
o ring 50x54 002744,O RING 50X54 (002744),1,1,500.0,2.0836088147027586e-08,0.999992091545641,C
u clamp 5 mm,U Clamp 5 mm,1,1,500.0,2.0836088147027586e-08,0.9999921123817291,C
fitness certificate vardhman auto l 1821,Fitness Certificate Vardhman Auto L-1821,1,1,500.0,2.0836088147027586e-08,0.9999921332178173,C
gi nipple 3 4 x 2,Gi Nipple - 3/4 X 2'',1,1,500.0,2.0836088147027586e-08,0.9999921540539055,C
ele saddle 1,Ele. Saddle - 1'',1,1,500.0,2.0836088147027586e-08,0.9999921748899937,C
d link swith 5 port,D-link swith 5 port,1,1,500.0,2.0836088147027586e-08,0.9999921957260819,C
lets bite corton 80 gm inner 80gmx12,LETS BITE CORTON 80 GM INNER 80gmX12,1,1,500.0,2.0836088147027586e-08,0.9999922165621701,C
upvc tank nipple 1,"Upvc Tank Nipple 1""",1,1,500.0,2.0836088147027586e-08,0.9999922373982583,C
032715812 brake padle spring m m tractor,032715812 Brake Padle Spring M&M Tractor,1,1,500.0,2.0836088147027586e-08,0.9999922582343465,C
638502ve0a fender mudguard lh al partner,638502VE0A Fender Mudguard LH AL Partner,1,1,499.22,2.0803583849518223e-08,0.9999922790379303,C
l tomy handle big,L Tomy ( Handle ) Big,1,1,499.0,2.079441597073353e-08,0.9999922998323463,C
sly wreanch 12,"Sly Wreanch 12""",1,1,496.0,2.0669399441851365e-08,0.9999923205017457,C
urinal battery,Urinal Battery,1,1,490.0,2.0419366384087034e-08,0.9999923409211121,C
gi nipple 2 5 x12,"Gi Nipple 2.5""X12""",1,1,490.0,2.0419366384087034e-08,0.9999923613404785,C
cotton sleeve 12 mm,COTTON SLEEVE - 12 mm,1,1,490.0,2.0419366384087034e-08,0.999992381759845,C
screw driver 833,Screw Driver 833,1,1,490.0,2.0419366384087034e-08,0.9999924021792114,C
vineger,Vineger,1,1,488.16,2.0342689579705973e-08,0.9999924225219009,C
super dona,Super Dona,1,1,487.5,2.0315185943351896e-08,0.9999924428370869,C
320 04134 engine oil filter jcb,320/04134 Engine Oil Filter Jcb,1,1,487.0,2.0294349855204868e-08,0.9999924631314367,C
ci foot valve 1 5,"Ci Foot valve 1.5""",1,1,486.0,2.0252677678910813e-08,0.9999924833841144,C
ci foot valve 2,Ci Foot Valve - 2'',1,1,486.0,2.0252677678910813e-08,0.999992503636792,C
upvc male 2 5,"Upvc Male 2.5""",1,1,484.86,2.0205171397935592e-08,0.9999925238419635,C
copy 200 page,Copy 200 Page,1,1,482.1,2.0090156191364e-08,0.9999925439321197,C
r y bell paper,R+Y BELL PAPER,1,1,480.0,2.000264462114648e-08,0.9999925639347643,C
40 304179 wheel nut hub nut jcb,40/304179 Wheel Nut(Hub Nut) Jcb,1,1,480.0,2.000264462114648e-08,0.999992583937409,C
pvc socket 1,"Pvc Socket 1""",2,2,480.0,2.000264462114648e-08,0.9999926039400536,C
tech nxt rj11 keystone,TECH NXT RJ11 KEYSTONE,1,1,480.0,2.000264462114648e-08,0.9999926239426983,C
438 00003 wheel stud hub bolt jcb,438/00003 Wheel Stud (Hub Bolt) Jcb,1,1,480.0,2.000264462114648e-08,0.9999926439453429,C
injector repair work kamal diesel l 1567,Injector Repair Work Kamal Diesel L-1567,1,1,475.0,1.9794283739676206e-08,0.9999926637396267,C
black smoking problem kamal diesel l0813,Black Smoking Problem Kamal Diesel L0813,1,1,475.0,1.9794283739676206e-08,0.9999926835339105,C
26256856 c e bracket assy super ace,26256856 C E Bracket Assy Super Ace,1,1,475.0,1.9794283739676206e-08,0.9999927033281942,C
elevator bucket s2815,Elevator Bucket S2815,1,1,475.0,1.9794283739676206e-08,0.999992723122478,C
breezing powder flux,Breezing Powder Flux,2,2,474.58,1.97767814256327e-08,0.9999927428992594,C
dhokla powder,Dhokla Powder,1,1,474.56,1.9775947982106824e-08,0.9999927626752074,C
labour charge from city wheels af 1026,Labour Charge From City Wheels AF-1026,1,1,473.81,1.974469384988628e-08,0.9999927824199013,C
sledge hammer,SLEDGE HAMMER,2,2,470.0,1.958592285820593e-08,0.9999928020058242,C
chargeble cell,Chargeble Cell,1,1,468.72,1.9532582472549543e-08,0.9999928215384066,C
copper lugz ring 1 mm,Copper Lugz Ring 1 Mm,1,1,467.5,1.9481742417470792e-08,0.9999928410201491,C
main bearing t ace 020,Main Bearing T/ACE 020,1,1,466.1,1.9423401370659116e-08,0.9999928604435504,C
loudspekar mike,Loudspekar Mike,1,1,466.1,1.9423401370659116e-08,0.9999928798669517,C
iron for cloth press,Iron (For Cloth Press),1,1,466.1,1.9423401370659116e-08,0.9999928992903531,C
ms nipple 3x6,"Ms Nipple 3X6""",1,1,465.0,1.9377561976735654e-08,0.9999929186679151,C
frt hub cap 2515,Frt Hub Cap 2515,1,1,465.0,1.9377561976735654e-08,0.9999929380454771,C
fan belt 1245 ac fan vehicle 909,Fan Belt 1245 (AC Fan Vehicle) 909,1,1,462.0,1.9252545447853488e-08,0.9999929572980225,C
gi nipple 1 5x4,"Gi Nipple 1.5X4""",1,1,460.0,1.9169201095265378e-08,0.9999929764672236,C
40 303623 wiper seal jcb,40/303623 Wiper seal Jcb,1,1,457.64,1.907085475921141e-08,0.9999929955380784,C
1 1 2 40mm cpvc tee plasto,"1 1/2""(40mm) Cpvc Tee Plasto",1,1,457.62,1.9070021315685528e-08,0.9999930146080998,C
timing oil seal 407 709,Timing Oil Seal 407/709,4,4,457.6,1.9069187872159647e-08,0.9999930336772876,C
chai masala,CHAI MASALA,3,3,457.5,1.906502065453024e-08,0.9999930527423083,C
torch cell nippo,Torch Cell - Nippo,1,1,457.5,1.906502065453024e-08,0.999993071807329,C
pottassium hydrogen ph thalate,Pottassium Hydrogen Ph Thalate,1,1,455.0,1.8960840213795102e-08,0.9999930907681692,C
pvc plug elbow 2 5,PVC Plug Elbow - 2.5'',1,1,450.5,1.8773315420471857e-08,0.9999931095414847,C
jointer box 2 way fibir,jointer box 2 way fibir,1,1,450.0,1.875247933232483e-08,0.999993128293964,C
hex bolt m6x15 blue zinc,HEX BOLT M6X15 BLUE ZINC,1,1,450.0,1.875247933232483e-08,0.9999931470464434,C
tube air nozzle tube nalki,Tube Air Nozzle (Tube Nalki),2,2,450.0,1.875247933232483e-08,0.9999931657989227,C
gi nipple 3 4 x 4,Gi Nipple - 3/4 X 4'',2,2,450.0,1.875247933232483e-08,0.9999931845514021,C
pvc gland 16 mm,Pvc Gland 16 Mm,1,1,450.0,1.875247933232483e-08,0.9999932033038814,C
grease gun coupler 4 jaw prima,Grease Gun Coupler 4-JAW (Prima),1,1,450.0,1.875247933232483e-08,0.9999932220563608,C
oil paper,Oil Paper,1,1,450.0,1.875247933232483e-08,0.9999932408088401,C
hex nut m6 plt,HEX NUT M6 PLT,1,1,450.0,1.875247933232483e-08,0.9999932595613195,C
hex nut m5 plt,HEX NUT M5 PLT,1,1,450.0,1.875247933232483e-08,0.9999932783137988,C
mcb box 2 way,Mcb Box 2 Way,1,1,450.0,1.875247933232483e-08,0.9999932970662782,C
terminal m81 31 5 60 amp 600 v,"Terminal(M81/31.5)(60-Amp,600-v)",1,1,450.0,1.875247933232483e-08,0.9999933158187575,C
repair service charges,Repair & Service Charges,1,1,450.0,1.875247933232483e-08,0.9999933345712368,C
hyd hose repair parmar auto indus l2240,Hyd.Hose Repair Parmar Auto Indus. L2240,1,1,450.0,1.875247933232483e-08,0.9999933533237162,C
extention box 6 amp,Extention box- 6 AMP,1,1,448.0,1.866913497973672e-08,0.9999933719928512,C
brass elbow,Brass Elbow,2,2,447.27,1.8638714291042056e-08,0.9999933906315654,C
rubber paint,Rubber Paint,2,2,445.62,1.8569955200156866e-08,0.9999934092015207,C
over flow return pipe w clamp al 10 1212,Over Flow Return Pipe W/Clamp AL 10/1212,1,1,445.5,1.856495453900158e-08,0.9999934277664753,C
251526203803 synchro cone 2 3rd speed,251526203803 Synchro Cone 2/3Rd Speed,1,1,445.31,1.8557036825505708e-08,0.9999934463235121,C
screw 1,Screw - 1'',3,3,445.0,1.8544118450854553e-08,0.9999934648676305,C
826 1712 bolt boom ram locking jcb,826/1712 Bolt(Boom Ram Locking) JCB,1,1,443.22,1.8469941977051135e-08,0.9999934833375725,C
3222620305 selector shaft rev gear g 40,3222620305 Selector Shaft (Rev Gear)G-40,1,1,441.0,1.8377429745678332e-08,0.9999935017150023,C
ss bolt 8x40 mm,Ss Bolt 8X40 Mm,1,1,441.0,1.8377429745678332e-08,0.9999935200924321,C
connecting rod bolt 14 no,Connecting Rod Bolt 14 No.,2,2,440.64,1.836242776221247e-08,0.9999935384548599,C
steel scale 12,"Steel Scale 12""",2,2,440.14,1.8341591674065443e-08,0.9999935567964516,C
ms nipple 3 8 x4,"Ms Nipple 3/8""X4""",2,2,440.0,1.8335757569384277e-08,0.9999935751322092,C
pearl ladle,PEARL LADLE,2,2,439.34000000000003,1.83082539330302e-08,0.9999935934404631,C
wiring clip 13 no general,Wiring Clip 13.No (General),2,2,438.88,1.8289084731934934e-08,0.9999936117295478,C
618772ve0a upper panel corner lh partner,618772VE0A Upper Panel Corner LH Partner,1,1,436.72,1.8199072831139776e-08,0.9999936299286206,C
right angle 8,"Right Angle 8""",2,2,436.0,1.8169068864208056e-08,0.9999936480976895,C
tea chhanni,Tea Chhanni,1,1,434.0,1.8085724511619946e-08,0.999993666183414,C
wire holder single,Wire Holder (Single),1,1,432.48,1.8022382803652982e-08,0.9999936842057968,C
tappit cover packing 6sl9088t,Tappit cover packing (6SL9088T),1,1,432.18,1.8009881150764763e-08,0.999993702215678,C
tappit packing,Tappit Packing,1,1,432.18,1.8009881150764763e-08,0.9999937202255591,C
o ring 46x53 01078,O RING 46X53 ( 01078 ),1,1,432.0,1.8002380159031835e-08,0.9999937382279392,C
upvc female 2 5,"Upvc Female 2.5""",1,1,432.0,1.8002380159031835e-08,0.9999937562303194,C
497172va0a hose pw strg to pump al dost,497172VA0A Hose Pw.Strg To Pump AL Dost,1,1,430.5,1.7939871894590753e-08,0.9999937741701913,C
oil seal 65x120x13,Oil Seal - 65x120x13,1,1,430.0,1.7919035806443725e-08,0.9999937920892271,C
centre bearing bracket 3118,Centre Bearing Bracket 3118,1,1,429.69,1.7906117431792567e-08,0.9999938099953446,C
fit spanner 10x11,Fit Spanner 10X11,2,2,429.0,1.787736363014967e-08,0.9999938278727082,C
oil seal 30 x 46 x 7,OIL SEAL 30 x 46 x 7,1,1,427.5,1.7814855365708587e-08,0.9999938456875636,C
612632ve0a frt panel corner lh alpartner,612632VE0A Frt.Panel Corner LH ALPartner,1,1,427.34,1.7808187817501537e-08,0.9999938634957514,C
pipe wrench 14,"Pipe Wrench 14""",1,1,426.0,1.7752347101267504e-08,0.9999938812480985,C
20 nb cs elebow schedule 40 seamless,20 NB CS Elebow ( schedule 40. SEAMLESS),1,1,425.0,1.771067492497345e-08,0.9999938989587734,C
cable vga 10 mtrs,Cable VGA  (10 Mtrs.),1,1,424.0,1.7669002748679394e-08,0.9999939166277761,C
allankey inch size,Allankey Inch Size,1,1,424.0,1.7669002748679394e-08,0.9999939342967789,C
upvc t 1 5,"Upvc T 1.5""",1,1,423.7,1.7656501095791175e-08,0.99999395195328,C
upvc female 2,"Upvc Female 2""",1,1,421.2,1.7552320655056037e-08,0.9999939695056007,C
668952ve0a frt bazzel assy lh al partner,668952VE0A Frt.Bazzel Assy LH AL Partner,1,1,421.09,1.754773671566369e-08,0.9999939870533374,C
ms flange 1 2 table f,"MS FLANGE 1/2"",TABLE-F",1,1,420.0,1.7502314043503173e-08,0.9999940045556515,C
65 nb cs dummy flange class 150,65 NB CS Dummy Flange ( Class - 150 ),1,1,420.0,1.7502314043503173e-08,0.9999940220579655,C
ss clamp 2,"SS Clamp 2""",1,1,420.0,1.7502314043503173e-08,0.9999940395602795,C
bearing 6304 make skf,"BEARING 6304, Make - skf",1,1,420.0,1.7502314043503173e-08,0.9999940570625936,C
labour charges of car rep work ag 3699,Labour Charges Of Car Rep. Work AG 3699,1,1,418.2,1.742730412617387e-08,0.9999940744898977,C
f3210322 rocker arm tap chidiya al 1012,F3210322 Rocker Arm(Tap.Chidiya) AL 1012,1,1,418.0,1.7418969690915063e-08,0.9999940919088675,C
front base frame for surface board 16m,FRONT & BASE FRAME FOR SURFACE BOARD 16M,1,1,417.0,1.7377297514621008e-08,0.999994109286165,C
roof lamp tube light round 12v,Roof Lamp (Tube Light Round 12V),1,1,416.0,1.7335625338326952e-08,0.9999941266217903,C
orange fruits,Orange Fruits,2,2,415.0,1.7293953162032897e-08,0.9999941439157435,C
sharpner,Sharpner,1,1,414.0,1.7252280985738842e-08,0.9999941611680244,C
571001155308 gas cyl head cover ace mega,571001155308 Gas.Cyl.Head Cover Ace Mega,1,1,410.16,1.709225982876967e-08,0.9999941782602842,C
screw driver 902,Screw Driver 902,1,1,410.0,1.708559228056262e-08,0.9999941953458765,C
machis,Machis,1,1,409.98,1.708475883703674e-08,0.9999942124306354,C
valve set int e xh ace,Valve Set  Int /E xh ACE,1,1,409.38,1.7059755531260305e-08,0.9999942294903909,C
06500931c91 ball joint end m arjun ultra,06500931C91 Ball Joint End M-Arjun Ultra,1,1,407.63,1.698682922274571e-08,0.9999942464772201,C
radiator hose pipe set m m tractor,Radiator Hose Pipe Set M&M Tractor,1,1,405.08,1.688056517319587e-08,0.9999942633577853,C
fit spanner 14x15,Fit Spanner 14X15,2,2,404.0,1.683555922279829e-08,0.9999942801933445,C
allanky spanner 2 5mm,Allanky Spanner 2.5Mm,1,1,400.0,1.666887051762207e-08,0.999994296862215,C
transport charges,Transport Charges,1,1,400.0,1.666887051762207e-08,0.9999943135310855,C
9 pin conector,9 Pin conector,1,1,400.0,1.666887051762207e-08,0.999994330199956,C
40 nb cs dummy flange class 150,40 NB CS Dummy Flange ( Class - 150 ),1,1,400.0,1.666887051762207e-08,0.9999943468688265,C
head repair from saggu enginee cg08l2757,Head Repair From Saggu Enginee.CG08L2757,1,1,400.0,1.666887051762207e-08,0.999994363537697,C
radiator top 909 bsiii,Radiator Top 909 BSIII,1,1,400.0,1.666887051762207e-08,0.9999943802065675,C
curling ribbon,Curling Ribbon,1,1,400.0,1.666887051762207e-08,0.999994396875438,C
ms hose clamp 1 2,"Ms Hose Clamp 1/2""",1,1,400.0,1.666887051762207e-08,0.9999944135443085,C
ms nipple 1 2 x4,"Ms Nipple 1/2 X4""",1,1,400.0,1.666887051762207e-08,0.999994430213179,C
head repair work from saggu engi z 6108,Head Repair Work From Saggu Engi.Z-6108,1,1,400.0,1.666887051762207e-08,0.9999944468820495,C
stiching charges for uniform for manas,Stiching Charges For Uniform FOr Manas,1,1,400.0,1.666887051762207e-08,0.99999446355092,C
drill chuck,Drill Chuck,1,1,400.0,1.666887051762207e-08,0.9999944802197905,C
ss washer 6 mm,Ss Washer - 6 Mm,1,1,400.0,1.666887051762207e-08,0.999994496888661,C
board pin,Board Pin,1,1,400.0,1.666887051762207e-08,0.9999945135575316,C
3 4 x 28 teeth simplex sprocke ms wheel,3/4 x 28 Teeth Simplex Sprocke. MS Wheel,1,1,400.0,1.666887051762207e-08,0.9999945302264021,C
bearing 891 910 rotor idle mb3208,"Bearing, 891/910 Rotor Idle MB3208",1,1,399.0,1.6627198341328014e-08,0.9999945468536005,C
sj303954 rr axle hub oil seal john deere,SJ303954 RR Axle Hub Oil Seal John Deere,1,1,396.61,1.6527601839985222e-08,0.9999945633812023,C
assy aux tank ace,Assy Aux Tank ACE,1,1,396.0,1.650218181244585e-08,0.9999945798833841,C
oil breather cap w pipe tractor,Oil Breather Cap W/Pipe Tractor,1,1,396.0,1.650218181244585e-08,0.999994596385566,C
269026258201 inputshaft cover super ace,269026258201 Inputshaft Cover Super Ace,1,1,393.75,1.6408419415784223e-08,0.9999946127939854,C
269126707903sele shifter shaft g27 909,269126707903Sele & Shifter Shaft G27 909,1,1,390.62,1.6277985503983833e-08,0.9999946290719709,C
ms flange 1 ibr,"MS Flange 1"" - IBR",1,1,390.0,1.6252148754681517e-08,0.9999946453241196,C
tube assy nrv to psw ss07 no1 ss nh se,Tube Assy NRV to PSW SS07 NO1-SS (NH) Se,1,1,390.0,1.6252148754681517e-08,0.9999946615762684,C
full round file 10 smooth,"Full Round file 10"" Smooth",1,1,381.0,1.587709916803502e-08,0.9999946774533676,C
curry leaves kadi patta,Curry Leaves (Kadi Patta),14,14,381.0,1.587709916803502e-08,0.9999946933304668,C
heat shrink sleeve 16 mm,Heat Shrink Sleeve - 16 mm,1,1,380.0,1.5835426991740965e-08,0.9999947091658937,C
lugs plier 1 5 to 6 mm,Lugs Plier 1.5 to 6 mm,1,1,380.0,1.5835426991740965e-08,0.9999947250013207,C
stud remove puller above 17 no,Stud Remove Puller Above 17 No.,1,1,380.0,1.5835426991740965e-08,0.9999947408367477,C
copper lugz pin 0 75 sqmm,Copper Lugz Pin 0.75 Sqmm,1,1,380.0,1.5835426991740965e-08,0.9999947566721746,C
ms reducer socket 3 4 x 1 2,"Ms Reducer Socket-3/4"" X 1/2""",1,1,380.0,1.5835426991740965e-08,0.9999947725076016,C
ele saddle 3 4,"Ele. Saddle - 3/4 """,1,1,380.0,1.5835426991740965e-08,0.9999947883430286,C
thums up can 300 ml,Thums Up Can 300 ML,1,1,377.04,1.5712077349910565e-08,0.9999948040551059,C
pvc t 2 5,"Pvc T 2.5""",1,1,375.0,1.562706611027069e-08,0.999994819682172,C
b5092109 drain plug w strainer al ec1012,B5092109 Drain Plug W/Strainer AL EC1012,1,1,375.0,1.562706611027069e-08,0.999994835309238,C
gi socket 3 4,"Gi Socket 3/4""",1,1,375.0,1.562706611027069e-08,0.9999948509363041,C
chocolate,Chocolate,2,2,374.68,1.5613731013856592e-08,0.9999948665500351,C
chassis u bolt 15 24 no nut,"Chassis U Bolt 15"" 24 NO. Nut",1,1,372.88,1.5538721096527294e-08,0.9999948820887562,C
tc 24 as air bbake pipe 14 no 24,"TC 24 AS Air Bbake Pipe 14 NO. 24""",1,1,372.0,1.5502049581388524e-08,0.9999948975908057,C
pvc female 3 4,"Pvc Female 3/4""",2,2,370.0,1.5418705228800413e-08,0.9999949130095109,C
perfume purchase for car dw 1786,Perfume Purchase For Car DW 1786,1,1,370.0,1.5418705228800413e-08,0.9999949284282161,C
thro shaft check nut 2516 hyva,Thro Shaft Check Nut 2516/Hyva,1,1,369.6,1.5402036358282793e-08,0.9999949438302524,C
285126513701 shifter fork 2 3 speed ace,285126513701 Shifter Fork 2/3 Speed ACE,1,1,367.18,1.530118969165118e-08,0.9999949591314421,C
f0t00300 fan belt alternator al dost,F0T00300 Fan Belt (Alternator) AL Dost,1,1,366.1,1.52561837412536e-08,0.9999949743876259,C
tubelar spanner 14x15,Tubelar Spanner 14X15,1,1,366.0,1.5252016523624192e-08,0.9999949896396424,C
castor sugar,Castor Sugar,1,1,361.9,1.5081160600818567e-08,0.999995004720803,C
sensor change work city wheels af 6011,Sensor Change Work City Wheels AF-6011,1,1,361.4,1.506032451267154e-08,0.9999950197811276,C
264130100162 acc cable 407 ex pu clb bs3,264130100162 Acc.Cable 407 EX PU CLB BS3,1,1,360.02,1.5002816909385742e-08,0.9999950347839445,C
micro pipette tip 5ml,MICRO PIPETTE TIP 5ML,1,1,360.0,1.500198346585986e-08,0.9999950497859279,C
benjo washer allu 19 no,Benjo Washer Allu.  19 No.,1,1,360.0,1.500198346585986e-08,0.9999950647879113,C
cpvc elbow 3 4,"Cpvc Elbow 3/4""",1,1,360.0,1.500198346585986e-08,0.9999950797898948,C
ms long bend 1 ibr,"Ms Long Bend 1"" Ibr",1,1,360.0,1.500198346585986e-08,0.9999950947918782,C
ss nut 10 mm,Ss Nut 10 Mm,1,1,360.0,1.500198346585986e-08,0.9999951097938616,C
ms nipple 3 4x4,"Ms Nipple 3/4X4""",1,1,360.0,1.500198346585986e-08,0.9999951247958451,C
con rod bearing set 010 tough rider,Con Rod Bearing Set 010 Tough Rider,1,1,360.0,1.500198346585986e-08,0.9999951397978285,C
khaskhas,Khaskhas,1,1,360.0,1.500198346585986e-08,0.9999951547998119,C
led bulb 14 w,LED Bulb 14 W,1,1,360.0,1.500198346585986e-08,0.9999951698017954,C
f4930513 drive shaft lock ring al 1012,F4930513 Drive Shaft Lock Ring AL 1012,1,1,360.0,1.500198346585986e-08,0.9999951848037788,C
chef coat double breasted black red,Chef Coat Double Breasted Black+ Red,1,1,360.0,1.500198346585986e-08,0.9999951998057622,C
amonium chloride,Amonium Chloride,1,1,360.0,1.500198346585986e-08,0.9999952148077457,C
ss potato masher oval,SS Potato Masher Oval,1,1,360.0,1.500198346585986e-08,0.9999952298097291,C
oil seal 225x175x37,Oil Seal 225X175X37,1,1,360.0,1.500198346585986e-08,0.9999952448117125,C
ht spring washer 8mm,Ht Spring Washer - 8Mm,1,1,360.0,1.500198346585986e-08,0.999995259813696,C
allenkey spanner 6mm,Allenkey Spanner 6mm,1,1,360.0,1.500198346585986e-08,0.9999952748156794,C
screw driver 929,Screw Driver 929,1,1,358.0,1.491863911327175e-08,0.9999952897343185,C
add gel pen blue,Add Gel pen Blue,1,1,357.1,1.4881134154607103e-08,0.9999953046154526,C
basket,Basket,1,1,357.0,1.4876966936977696e-08,0.9999953194924196,C
urea lab,Urea (Lab),1,1,357.0,1.4876966936977696e-08,0.9999953343693866,C
mustard kasundi,Mustard Kasundi,1,1,357.0,1.4876966936977696e-08,0.9999953492463536,C
clutch kundi rod w end type 5 5 709 909,"Clutch Kundi Rod W/End Type 5.5"" 709/909",1,1,356.4,1.4851963631201262e-08,0.9999953640983172,C
252505167901 push rod engine 909,252505167901 Push Rod Engine 909,1,1,356.24,1.4845296082994215e-08,0.9999953789436133,C
rollers paint brush,Rollers Paint Brush,1,1,355.94,1.4832794430105998e-08,0.9999953937764078,C
tetracycline 5ct,Tetracycline 5ct,1,1,355.0,1.4793622584389587e-08,0.9999954085700303,C
123 04237 oil seal swing cyl jcb,123/04237 Oil Seal(Swing Cyl) Jcb,2,2,354.24,1.4761951730406105e-08,0.9999954233319821,C
frt hub oil seal 175 290 50 mahindra,Frt Hub Oil Seal 175 - 290 - 50 Mahindra,1,1,354.0,1.4751950408095532e-08,0.9999954380839325,C
bolt 19 no 1 1 4,"Bolt 19 No. 1 1/4""",1,1,353.64,1.473694842462967e-08,0.999995452820881,C
labour change from new mmg cg08t0357,Labour Change From New MMG CG08T0357,1,1,350.0,1.4585261702919311e-08,0.9999954674061426,C
abnormal noisy from jaika automob l 1567,Abnormal Noisy From Jaika Automob.L-1567,1,1,350.0,1.4585261702919311e-08,0.9999954819914043,C
pipe wreanch 12,"Pipe Wreanch 12""",1,1,350.0,1.4585261702919311e-08,0.999995496576666,C
labour charge from new mmg cg19f0170,Labour Charge From New MMG CG19F0170,1,1,350.0,1.4585261702919311e-08,0.9999955111619276,C
pipe wrench 12,"pipe wrench 12""",1,1,350.0,1.4585261702919311e-08,0.9999955257471893,C
labour charge from jaika automo aa6843,Labour Charge From Jaika Automo.AA6843,1,1,350.0,1.4585261702919311e-08,0.999995540332451,C
electric board 8 x10,"Electric Board 8""X10""",1,1,350.0,1.4585261702919311e-08,0.9999955549177126,C
labour charge from new mmg cg08m0167,Labour Charge From New MMG CG08M0167,1,1,350.0,1.4585261702919311e-08,0.9999955695029743,C
ht spring washer 10mm,Ht Spring Washer - 10Mm,1,1,348.0,1.45019173503312e-08,0.9999955840048916,C
1 2 15mm nylone pipe plasto,"1/2""(15mm) Nylone Pipe Plasto",1,1,347.68,1.4488582253917102e-08,0.9999955984934739,C
bulb 1141 yellow 12v side khuti,Bulb 1141 Yellow 12V Side Khuti,1,1,346.0,1.441857299774309e-08,0.9999956129120469,C
engine o hauling gasket set ace,Engine O/Hauling Gasket Set Ace,1,1,345.76,1.4408571675432517e-08,0.9999956273206185,C
ss bolt 16x90 mm,Ss Bolt 16X90 mm,1,1,344.96,1.4375233934397272e-08,0.9999956416958524,C
cpvc t 3 4 brass,CPVC T 3/4” BRASS,1,1,343.0,1.4293556468860925e-08,0.9999956559894089,C
40 302366 pivot pin track rod strg jcb,40/302366 Pivot Pin Track Rod (Strg) JCB,1,1,342.37,1.426730299779567e-08,0.9999956702567119,C
glass tap,Glass Tap,1,1,340.0,1.4168539939978759e-08,0.9999956844252518,C
right angle 6,"Right Angle 6""",1,1,340.0,1.4168539939978759e-08,0.9999956985937917,C
cello tap small,Cello Tap Small,1,1,339.2,1.4135202198943514e-08,0.9999957127289939,C
ele saddle 1 5 pvc,"Ele. Saddle - 1.5"" Pvc",1,1,339.0,1.4126867763684704e-08,0.9999957268558617,C
full round file 10 rough,"Full Round File - 10"" Rough",1,1,339.0,1.4126867763684704e-08,0.9999957409827295,C
white m seal,WHITE M SEAL,1,1,339.0,1.4126867763684704e-08,0.9999957551095973,C
glass machine patti ace,Glass Machine Patti ACE,1,1,339.0,1.4126867763684704e-08,0.999995769236465,C
252718130105 oil filter,252718130105_Oil Filter,1,1,335.58,1.3984348920759034e-08,0.999995783220814,C
white board marker cello,White Board Marker - Cello,1,1,334.8,1.3951844623249673e-08,0.9999957971726585,C
labour charge from city wheels ad9109,Labour Charge From City Wheels AD9109,1,1,334.16,1.3925174430421478e-08,0.999995811097833,C
cpvc t 1 x3 4,"Cpvc T - 1""X3/4""",2,2,333.08,1.3880168480023896e-08,0.9999958249780014,C
cpvc female 3 4 metal,"Cpvc Female - 3/4"" (Metal)",1,1,332.8,1.3868500270661563e-08,0.9999958388465017,C
gi reduser elbow 1 5 x1 2,"Gi Reduser/Elbow 1.5""X1/2""",1,1,332.0,1.3835162529626317e-08,0.9999958526816642,C
anabond 666 t plus 100 grm,Anabond-666 T Plus 100 Grm,3,3,330.48,1.3771820821659354e-08,0.999995866453485,C
4 mm hole die 75 ext,4 mm Hole Die 75 Ext,1,1,330.0,1.3751818177038207e-08,0.9999958802053032,C
ms nipple 2 5 x 6,"Ms Nipple - 2.5"" x 6""",1,1,330.0,1.3751818177038207e-08,0.9999958939571213,C
cooling fan id 52mm,Cooling Fan ID-52mm,1,1,330.0,1.3751818177038207e-08,0.9999959077089394,C
over flow return rubber pipe 3 5mm bs4,Over Flow Return Rubber Pipe 3.5MM BS4,1,1,329.97,1.3750568011749386e-08,0.9999959214595074,C
pearl turner,PEARL TURNER,2,2,328.44,1.368680958201948e-08,0.999995935146317,C
289832108220 frt l s shackle patti yodha,289832108220 Frt.L/S Shackle Patti Yodha,1,1,328.12,1.3673474485605383e-08,0.9999959488197915,C
simplex spocket 25x3 4,"Simplex Spocket 25X3/4""",1,1,325.0,1.3543457295567931e-08,0.9999959623632487,C
balence rod u clamp patti m bolero,Balence Rod (U Clamp) Patti M-Bolero,1,1,324.0,1.3501785119273876e-08,0.9999959758650339,C
labour charge from city wheels ae7168,Labour Charge From City Wheels AE7168,1,1,323.19,1.346803065647569e-08,0.9999959893330645,C
caster swivel excl brake 100 tk 5414,"Caster Swivel, Excl Brake -ф100- TK-5414",1,1,323.04,1.3461779830031584e-08,0.9999960027948444,C
caster swivel excl brake 125tk10017,Caster Swivel Excl Brake-ф125TK10017,1,1,323.04,1.3461779830031584e-08,0.9999960162566242,C
612 80078 hyd strg hose jcb,612/80078 Hyd.Strg.Hose Jcb,1,1,322.03,1.3419690931974587e-08,0.9999960296763151,C
ms short bend 1,"Ms Short Bend 1""",1,1,320.0,1.3335096414097655e-08,0.9999960430114114,C
paint brush 5,"Paint Brush 5""",1,1,320.0,1.3335096414097655e-08,0.9999960563465078,C
ss dairy bend 1 5,"SS Dairy Bend 1.5""",1,1,320.0,1.3335096414097655e-08,0.9999960696816041,C
hex nipple 1 2 x1,"Hex Nipple - 1/2""X1""",1,1,320.0,1.3335096414097655e-08,0.9999960830167005,C
ac ribbon cable,AC RIBBON CABLE,1,1,320.0,1.3335096414097655e-08,0.9999960963517969,C
digisol face plate,DIGISOL FACE PLATE,1,1,320.0,1.3335096414097655e-08,0.9999961096868932,C
fang bolt m8 x 35ws,Fang Bolt M8 X 35WS,1,1,320.0,1.3335096414097655e-08,0.9999961230219896,C
karayat,Karayat,1,1,320.0,1.3335096414097655e-08,0.999996136357086,C
filter assy i l air dry a type a020023,Filter Assy I/L Air Dry A Type (A020023),1,1,320.0,1.3335096414097655e-08,0.9999961496921823,C
pvc reducer 2 5 x1,"Pvc Reducer 2.5""X1""",1,1,319.35,1.330800949950652e-08,0.9999961630001918,C
286418150104 strainer oil pump sup ace,286418150104 Strainer (Oil Pump) Sup.Ace,1,1,317.38,1.322591531220723e-08,0.9999961762261071,C
white tilly,White Tilly,2,2,317.38,1.322591531220723e-08,0.9999961894520225,C
valve seat m loader,Valve Seat M Loader,1,1,316.41,1.3185493301201998e-08,0.9999962026375158,C
plastick mori,Plastick Mori,1,1,314.0,1.3085063356333324e-08,0.9999962157225791,C
channel 20,"Channel 20""",1,1,313.56,1.306672759876394e-08,0.9999962287893067,C
valve guide set m m,Valve Guide Set M & M,1,1,312.5,1.3022555091892241e-08,0.9999962418118619,C
sodium metabisulphite,Sodium Metabisulphite,1,1,312.0,1.3001719003745213e-08,0.9999962548135809,C
289472300125 door lock assy rh yodha bs4,289472300125 Door Lock Assy RH Yodha BS4,1,1,311.02,1.2960880270977039e-08,0.9999962677744612,C
condensor 10 mfd,Condensor - 10 Mfd,1,1,310.0,1.2918374651157103e-08,0.9999962806928359,C
gear tapa repair kit sel shaft al 1012,Gear Tapa Repair Kit (Sel.Shaft) AL 1012,1,1,310.0,1.2918374651157103e-08,0.9999962936112106,C
sev barik,SEV BARIK,1,1,310.0,1.2918374651157103e-08,0.9999963065295853,C
bandage 7 5 cm,Bandage 7.5 Cm,1,1,309.6,1.2901705780639483e-08,0.9999963194312911,C
air compressor piston ring 77mm 407,Air Compressor  Piston Ring 77mm 407,3,3,309.36,1.2891704458328908e-08,0.9999963323229956,C
ms nipple 2x3,"Ms Nipple 2X3""",2,2,308.0,1.2835030298568993e-08,0.9999963451580258,C
amla oil,Amla Oil,1,1,305.08,1.2713347543790352e-08,0.9999963578713734,C
metafil,Metafil,1,1,305.07,1.2712930822027412e-08,0.9999963705843042,C
sarso bhaji mustard,Sarso Bhaji (Mustard),3,3,305.0,1.2710013769686827e-08,0.9999963832943181,C
freight against po 9200091383 gr50037024,freight against po 9200091383/GR50037024,1,1,305.0,1.2710013769686827e-08,0.9999963960043319,C
cpvc socket 3 4,"Cpvc Socket - 3/4""",2,2,302.2,1.2593331676063473e-08,0.9999964085976636,C
clutch fork bush kit ace,Clutch Fork Bush Kit Ace,1,1,300.0,1.2501652888216551e-08,0.9999964210993165,C
stiching machine needle plate screw,Stiching Machine Needle Plate Screw,1,1,300.0,1.2501652888216551e-08,0.9999964336009695,C
pvc footvalve 1 5,"Pvc Footvalve 1.5""",2,1,300.0,1.2501652888216551e-08,0.9999964461026224,C
stiching machine phase plate screw,Stiching Machine Phase Plate Screw,1,1,300.0,1.2501652888216551e-08,0.9999964586042753,C
guava fruit bihi jaam,Guava Fruit (Bihi Jaam),1,1,300.0,1.2501652888216551e-08,0.9999964711059283,C
black salt,Black Salt,1,1,300.0,1.2501652888216551e-08,0.9999964836075812,C
gate pass book new aep,Gate Pass Book New Aep,1,1,300.0,1.2501652888216551e-08,0.9999964961092341,C
rubber cord 2 mm,Rubber Cord - 2 mm,1,1,300.0,1.2501652888216551e-08,0.9999965086108871,C
heat shrink sleeve 12 mm,Heat Shrink Sleeve - 12 mm,1,1,300.0,1.2501652888216551e-08,0.99999652111254,C
boe,Boe,1,1,300.0,1.2501652888216551e-08,0.9999965336141929,C
oil seal 20x40x10,Oil Seal 20X40X10,1,1,300.0,1.2501652888216551e-08,0.9999965461158459,C
stove,Stove,1,1,300.0,1.2501652888216551e-08,0.9999965586174988,C
glass fuse 10 amp,Glass Fuse - 10 Amp,1,1,300.0,1.2501652888216551e-08,0.9999965711191517,C
screw for cutter shaft conn bkt 800559,Screw for Cutter Shaft Conn. Bkt (800559,1,1,300.0,1.2501652888216551e-08,0.9999965836208047,C
screw for needle thread take up 800618,"SCREW FOR NEEDLE THREAD TAKE Up,(800618)",1,1,300.0,1.2501652888216551e-08,0.9999965961224576,C
intake packing make kirloskar,Intake packing (Make-Kirloskar),2,2,300.0,1.2501652888216551e-08,0.9999966086241106,C
d valve connecting,D.Valve Connecting,1,1,300.0,1.2501652888216551e-08,0.9999966211257635,C
rechargeble battery 2 aaa,RECHARGEBLE BATTERY 2 AAA,1,1,300.0,1.2501652888216551e-08,0.9999966336274164,C
labour charge from jaika auto la 0892,Labour Charge From Jaika Auto LA-0892,1,1,300.0,1.2501652888216551e-08,0.9999966461290694,C
labour charge from kamal diesel g 6096,Labour Charge From Kamal Diesel G-6096,1,1,300.0,1.2501652888216551e-08,0.9999966586307223,C
labour charge from city wheels af 6013,Labour Charge From City Wheels AF-6013,1,1,299.95,1.2499569279401849e-08,0.9999966711302916,C
808 00253 bush strg lock jcb,808/00253 Bush (Strg.Lock) JCB,1,1,298.3,1.2430810188516658e-08,0.9999966835611017,C
lubricant 3416794,Lubricant (3416794),1,1,298.0,1.241830853562844e-08,0.9999966959794102,C
pudin hara,Pudin Hara,1,1,297.7,1.2405806882740225e-08,0.9999967083852171,C
26217983 regulator cum brush box acemega,26217983 Regulator Cum Brush Box AceMega,1,1,296.88,1.2371635698179099e-08,0.9999967207568529,C
urinal ladies,Urinal Ladies,1,1,296.61,1.2360384210579706e-08,0.999996733117237,C
jents urinal,Jents Urinal,1,1,296.61,1.2360384210579706e-08,0.9999967454776212,C
flair nut 3 8,Flair Nut 3/8,1,1,296.6,1.2359967488816765e-08,0.9999967578375887,C
570623126321p strg belt 4pk 916 ultrabus,570623126321P.Strg.Belt 4PK 916 UltraBus,1,1,295.76,1.2324962860729757e-08,0.9999967701625515,C
welding helmet patti,Welding Helmet Patti,2,2,295.0,1.2293292006746275e-08,0.9999967824558436,C
mx08 en transmiter,MX08 EN TRANSMITER,1,1,295.0,1.2293292006746275e-08,0.9999967947491356,C
278801155302 gasket cyl head ace,278801155302_Gasket Cyl Head Ace,1,1,294.92,1.2289958232642752e-08,0.9999968070390939,C
264189103404 spacer bush 909 tilt,264189103404 Spacer Bush 909 Tilt,1,1,292.95,1.2207864045343463e-08,0.9999968192469579,C
pvc gland 11mm,PVC GLAND 11MM,2,2,292.5,1.2189111566011137e-08,0.9999968314360695,C
speaker wire,Speaker Wire,1,1,290.0,1.2084931125276e-08,0.9999968435210007,C
50 nb cs dummy flange class 150,50 NB CS Dummy Flange ( Class - 150 ),1,1,290.0,1.2084931125276e-08,0.9999968556059319,C
oil seal 30x50x10,Oil Seal - 30X50X10,1,1,290.0,1.2084931125276e-08,0.999996867690863,C
pvc nahani trap,Pvc Nahani Trap,1,1,289.15,1.2049509775426052e-08,0.9999968797403728,C
obs bottom frame setter tro tk 07801f,Obs Bottom Frame - Setter Tro- TK-07801F,1,1,288.6,1.2026590078464324e-08,0.9999968917669628,C
oil seal 60x85x10,Oil Seal 60X85X10,1,1,288.0,1.200158677268789e-08,0.9999969037685495,C
labour charge from city wheels af 6009,Labour Charge From City Wheels AF-6009,1,1,285.28,1.1888238453168058e-08,0.999996915656788,C
labour charge from city wheels ds2793,Labour Charge From City Wheels DS2793,1,1,285.28,1.1888238453168058e-08,0.9999969275450266,C
oil seal 32x50x10,OIL SEAL 32X50X10,1,1,285.0,1.1876570243805725e-08,0.9999969394215968,C
junction box 4 way x 3 4,Junction Box - 4 Way X 3/4'',1,1,285.0,1.1876570243805725e-08,0.9999969512981671,C
oil seal 33x47x7,Oil Seal 33X47X7,1,1,285.0,1.1876570243805725e-08,0.9999969631747374,C
valve assy breather aluminum,VALVE ASSY BREATHER ALUMINUM,1,1,284.0,1.183489806751167e-08,0.9999969750096355,C
waste coupling,Waste Coupling,2,2,281.53,1.1731967792065351e-08,0.9999969867416033,C
allenkey spanner 17 mm,Allenkey Spanner 17 mm,1,1,280.0,1.1668209362335449e-08,0.9999969984098127,C
pvc socket 5,"Pvc Socket 5""",1,1,280.0,1.1668209362335449e-08,0.9999970100780221,C
gland cutter 25 mm,Gland Cutter - 25 Mm,1,1,280.0,1.1668209362335449e-08,0.9999970217462315,C
led driver 12w,LED Driver 12W,1,1,280.0,1.1668209362335449e-08,0.9999970334144409,C
stearing oil seal 35 47 7 407,Stearing Oil Seal 35-47-7 407,1,1,280.0,1.1668209362335449e-08,0.9999970450826503,C
ele saddle 16 mm pvc,Ele. Saddle - 16 mm Pvc,1,1,279.0,1.1626537186041394e-08,0.9999970567091875,C
gi bolt 6x50mm,Gi Bolt 6x50mm,1,1,278.4,1.1601533880264958e-08,0.9999970683107213,C
hose pipe thermostate to w p 407 s type,Hose Pipe Thermostate To W P 407 S Type,1,1,275.0,1.1459848480865173e-08,0.9999970797705698,C
rear axle packing 407 n m,Rear Axle Packing 407 N/M,1,1,275.0,1.1459848480865173e-08,0.9999970912304184,C
819 00049 shim jcb,819/00049 SHIM_JCB,1,1,275.0,1.1459848480865173e-08,0.9999971026902669,C
condensor 40 60 uf,Condensor - 40-60 Uf,1,1,275.0,1.1459848480865173e-08,0.9999971141501154,C
condensor 50 mfd,Condensor - 50 Mfd,1,1,275.0,1.1459848480865173e-08,0.9999971256099639,C
power switch 16 amp,Power switch 16 AMP,3,3,275.0,1.1459848480865173e-08,0.9999971370698124,C
wiring repair work city wheels af 6009,Wiring Repair Work City Wheels AF-6009,2,1,274.05,1.142025991338582e-08,0.9999971484900724,C
mud flap chain 4 mm dia,Mud Flap Chain 4 MM DIA,1,1,270.0,1.1251487599394897e-08,0.99999715974156,C
circlip plier outer,Circlip Plier Outer,1,1,270.0,1.1251487599394897e-08,0.9999971709930476,C
coupling q250200002,Coupling Q250200002,1,1,270.0,1.1251487599394897e-08,0.9999971822445353,C
gi elbow 3 4,"Gi Elbow 3/4""",1,1,270.0,1.1251487599394897e-08,0.9999971934960229,C
phenolphthalein,Phenolphthalein,1,1,270.0,1.1251487599394897e-08,0.9999972047475105,C
oil seal 48x30x7,Oil Seal 48X30X7,1,1,270.0,1.1251487599394897e-08,0.9999972159989982,C
oil seal 24x42x7,Oil Seal 24X42X7,1,1,270.0,1.1251487599394897e-08,0.9999972272504858,C
copy 100 page,Copy 100 Page,1,1,270.0,1.1251487599394897e-08,0.9999972385019734,C
ms hex nipple 1 2 x 3 8,"Ms Hex Nipple - 1/2 X 3/8""",1,1,264.0,1.1001454541630566e-08,0.9999972495034279,C
ms bolt 3 sut 1,"Ms Bolt 3 Sut 1""",1,1,264.0,1.1001454541630566e-08,0.9999972605048825,C
laminated board,Laminated Board,1,1,263.2,1.096811680059532e-08,0.9999972714729992,C
819 00101 shim jcb,819/00101 SHIM_JCB,1,1,262.7,1.0947280712448293e-08,0.99999728242028,C
engine spring washer kit 407 909,Engine Spring Washer Kit 407/909,4,4,261.04,1.0878104899800163e-08,0.9999972932983848,C
player 8,"Player 8""",1,1,261.0,1.08764380127484e-08,0.9999973041748228,C
006503934b91 diff oil seal m m tractor,006503934B91 Diff.Oil Seal M&M Tractor,1,1,260.0,1.0834765836454345e-08,0.9999973150095887,C
screw driwer star 812,Screw Driwer Star - 812,1,1,260.0,1.0834765836454345e-08,0.9999973258443545,C
4 module pvc plate,4 Module Pvc Plate,1,1,257.64,1.0736419500400374e-08,0.999997336580774,C
valve oil seal 1035 di,Valve Oil Seal 1035 Di,1,1,257.63,1.0736002778637434e-08,0.9999973473167768,C
extension l type,Extension L Type,1,1,257.0,1.070974930757218e-08,0.9999973580265261,C
cpvc male 3 4,CPVC Male - 3/4'',2,2,255.57999999999998,1.065057481723462e-08,0.999997368677101,C
ss bracket,SS Bracket,1,1,254.25,1.0595150822763527e-08,0.9999973792722519,C
labour change from shree motors u 2846,Labour Change From Shree motors U-2846,1,1,254.24,1.0594734101000587e-08,0.9999973898669859,C
toner powder zerox phaser 3010,Toner  Powder - Zerox Phaser 3010,1,1,254.24,1.0594734101000587e-08,0.99999740046172,C
power cord cable,POWER CORD CABLE,1,1,254.22,1.0593900657474706e-08,0.9999974110556207,C
heat shrink sleeve 10 mm,Heat Shrink Sleeve - 10 mm,1,1,254.2,1.0593067213948824e-08,0.9999974216486879,C
brass hex nipple 1 2x1 2,"Brass Hex Nipple 1/2X1/2""",1,1,254.2,1.0593067213948824e-08,0.9999974322417551,C
flaring nut 1 4,"Flaring Nut 1/4""",1,1,254.2,1.0593067213948824e-08,0.9999974428348223,C
pvc t 4,"Pvc T 4""",2,2,254.0,1.0584732778690014e-08,0.999997453419555,C
rajma,Rajma,2,2,252.0,1.0501388426101903e-08,0.9999974639209435,C
teak wood,Teak Wood,1,1,252.0,1.0501388426101903e-08,0.9999974744223319,C
f1701350 tappet cover packing al dost,F1701350 Tappet Cover Packing AL Dost,1,1,250.0,1.0418044073513793e-08,0.999997484840376,C
charging nipple 1 4,"Charging Nipple 1/4""",1,1,250.0,1.0418044073513793e-08,0.9999974952584201,C
bullet fastner 8 mm,Bullet Fastner 8 mm,1,1,250.0,1.0418044073513793e-08,0.9999975056764642,C
ra0047 assy dip stick lpt 909,RA0047 Assy Dip Stick LPT 909,1,1,250.0,1.0418044073513793e-08,0.9999975160945083,C
gear box tapa packing big small m arjun,Gear Box Tapa Packing Big/Small M.Arjun,1,1,250.0,1.0418044073513793e-08,0.9999975265125524,C
ms nipple 2x6,Ms Nipple 2X6'',1,1,250.0,1.0418044073513793e-08,0.9999975369305965,C
252703138603 spacer oil slinger,252703138603 Spacer Oil Slinger,4,4,250.0,1.0418044073513793e-08,0.9999975473486405,C
fevicol sr 505,Fevicol - SR 505,1,1,250.0,1.0418044073513793e-08,0.9999975577666846,C
silicon gun,SILICON GUN,1,1,250.0,1.0418044073513793e-08,0.9999975681847287,C
stiching machine washer,Stiching Machine Washer,1,1,250.0,1.0418044073513793e-08,0.9999975786027728,C
pvc surface board 16 module,PVC SURFACE BOARD 16 MODULE,1,1,249.0,1.0376371897219738e-08,0.9999975889791447,C
entromycin 5ml,Entromycin 5Ml,1,1,248.8,1.0368037461960928e-08,0.9999975993471821,C
grease gun nozzle bend,Grease Gun Nozzle - Bend,1,1,247.44,1.0311363302201012e-08,0.9999976096585454,C
rubber grommet pb3161,Rubber Grommet  (PB3161),1,1,242.5,1.0105502751308379e-08,0.9999976197640482,C
grease gun nozzle straight,Grease Gun Nozzle - Straight,1,1,241.92,1.0081332889057826e-08,0.9999976298453811,C
bolt 19 no 1 1 2,"Bolt 19 No. 1 1/2""",1,1,241.5,1.0063830575014324e-08,0.9999976399092116,C
drill bit socket,Drill Bit Socket,2,1,240.0,1.000132231057324e-08,0.999997649910534,C
micro pipette tip 200 1000ul,MICRO PIPETTE TIP 200-1000UL,1,1,240.0,1.000132231057324e-08,0.9999976599118563,C
casing patti 1 2 pvc,Casing Patti - 1/2'' - Pvc,1,1,240.0,1.000132231057324e-08,0.9999976699131786,C
spatula silicon,Spatula Silicon,1,1,240.0,1.000132231057324e-08,0.999997679914501,C
oil seal 30x40x7,Oil Seal 30X40X7,1,1,240.0,1.000132231057324e-08,0.9999976899158233,C
u clamp 12 mm,U Clamp 12 Mm,1,1,240.0,1.000132231057324e-08,0.9999976999171456,C
dummy plates electrical,Dummy Plates - Electrical,1,1,240.0,1.000132231057324e-08,0.9999977099184679,C
glass rod,Glass Rod,1,1,240.0,1.000132231057324e-08,0.9999977199197903,C
cam shaft bush tough rider,Cam Shaft Bush Tough Rider,1,1,240.0,1.000132231057324e-08,0.9999977299211126,C
disposal katori,Disposal Katori,1,1,240.0,1.000132231057324e-08,0.9999977399224349,C
con rod bush super ace,Con.Rod Bush Super Ace,1,1,237.28,9.887973991053412e-09,0.9999977498104089,C
ht bolt 14x50 mm,HT Bolt 14X50 mm,1,1,237.16,9.882973329898125e-09,0.9999977596933822,C
oil seal 40x62x8,Oil Seal 40X62X8,1,1,237.0,9.876305781691075e-09,0.999997769569688,C
assy fan alternator tata,Assy Fan Alternator ( TATA),2,2,236.56,9.857970024121692e-09,0.999997779427658,C
solution packing,Solution packing.,1,1,235.0,9.792961429102965e-09,0.9999977892206194,C
pvc elbow 1 25,Pvc Elbow 1.25,2,2,235.0,9.792961429102965e-09,0.9999977990135809,C
makka atta,Makka Atta,2,2,235.0,9.792961429102965e-09,0.9999978088065423,C
grease gun nippal adopter,Grease Gun Nippal - Adopter,1,1,231.12,9.631273385082032e-09,0.9999978184378157,C
measring tap 15 m,Measring Tap 15 M,1,1,230.0,9.584600547632689e-09,0.9999978280224162,C
oil seal 35x45x10,Oil Seal 35X45X10,1,1,230.0,9.584600547632689e-09,0.9999978376070168,C
ms short bend 1 2,"Ms Short Bend 1/2""",1,1,230.0,9.584600547632689e-09,0.9999978471916173,C
self tapping screw 8 3 8 pb3171,"self tapping screw 8*3/8""(PB3171)",1,1,230.0,9.584600547632689e-09,0.9999978567762179,C
papri chaat,Papri Chaat,2,2,228.6,9.526259500821012e-09,0.9999978663024773,C
1315 3526z bolt m12x160 bucket jcb,1315/3526Z Bolt M12X160(Bucket) JCB,1,1,225.42,9.393741980205917e-09,0.9999978756962193,C
550232403204 frt shockab bolt 5 yodha,"550232403204 Frt. Shockab Bolt 5"" Yodha",1,1,225.42,9.393741980205917e-09,0.9999978850899613,C
537 00701 shim jcb,537/00701 Shim JCB,1,1,225.0,9.376239666162415e-09,0.999997894466201,C
o ring a 541 b 20,O Ring - A 541 B-20,1,1,225.0,9.376239666162415e-09,0.9999979038424407,C
half thrad screw 2,"HALF THRAD SCREW 2""",1,1,225.0,9.376239666162415e-09,0.9999979132186804,C
disprin,Disprin,1,1,224.9,9.372072448533009e-09,0.9999979225907528,C
repair main work from jain dc 0786,Repair & Main Work From Jain DC 0786,1,1,224.61,9.359987517407733e-09,0.9999979319507404,C
lock nut 19 no,Lock Nut 19 No.,1,1,223.56,9.316231732298974e-09,0.9999979412669722,C
chassis u bolt 10 24 no nut,"Chassis U Bolt 10"" 24 No. Nut",1,1,223.2,9.301229748833114e-09,0.999997950568202,C
deriphyllin,Deriphyllin,1,1,221.2,9.217885396245004e-09,0.9999979597860873,C
ss 304 pipe clamp 38mm,SS 304 Pipe Clamp 38mm,1,1,220.0,9.167878784692139e-09,0.9999979689539661,C
gi nipple 1 x4,"Gi Nipple 1""X4""",1,1,220.0,9.167878784692139e-09,0.9999979781218449,C
ms reducer 4 x3 ibr,"Ms Reducer 4""X3"" IBR",1,1,220.0,9.167878784692139e-09,0.9999979872897237,C
celery leaf,Celery Leaf,3,3,220.0,9.167878784692139e-09,0.9999979964576025,C
bulb 0 w night bulb,Bulb - 0 W ( Night Bulb ),1,1,220.0,9.167878784692139e-09,0.9999980056254812,C
hand lamp,Hand Lamp,1,1,220.0,9.167878784692139e-09,0.99999801479336,C
cutting nozzle 3 64,Cutting Nozzle 3/64,1,1,220.0,9.167878784692139e-09,0.9999980239612388,C
check nut spanner 68 no al partner,Check Nut Spanner 68 No. AL Partner,1,1,220.0,9.167878784692139e-09,0.9999980331291176,C
sample jawak challan iafi,Sample Jawak Challan -IAFI,1,1,220.0,9.167878784692139e-09,0.9999980422969964,C
oil seal 20x35x7,Oil Seal 20X35X7,1,1,220.0,9.167878784692139e-09,0.9999980514648752,C
adopter,Adopter,3,3,220.0,9.167878784692139e-09,0.999998060632754,C
banana kela,Banana ( Kela),5,5,220.0,9.167878784692139e-09,0.9999980698006328,C
701 45501 ignition switch key jcb,701/45501 Ignition Switch Key JCB,2,2,219.05,9.128290217212785e-09,0.999998078928923,C
valve retainer cap lock mahindra arjun,Valve Retainer Cap (Lock) Mahindra Arjun,1,1,218.72,9.114538399035747e-09,0.9999980880434614,C
chiesel,Chiesel,1,1,218.0,9.084534432104028e-09,0.9999980971279958,C
electric board 10 x12,"Electric Board 10""X12''",1,1,217.5,9.063698343957e-09,0.9999981061916942,C
279023120147 shaft w dust shield su ace,279023120147 Shaft W/Dust Shield Su.Ace,1,1,217.18,9.050363247542902e-09,0.9999981152420574,C
socket set screw 1 4 x1 4 p563,"Socket Set screw 1/4""x1/4"" ( P563)",1,1,216.0,9.001190079515918e-09,0.9999981242432475,C
exhaust packing,Exhaust Packing,1,1,215.64,8.986188096050056e-09,0.9999981332294356,C
exhast packing f6 2001 97639,Exhast  packing (F6.2001/97639),1,1,215.64,8.986188096050056e-09,0.9999981422156238,C
methyl red indiacator,Methyl Red Indiacator,1,1,215.0,8.959517903221863e-09,0.9999981511751417,C
1450 0001 grease nipple jcb,1450/0001 Grease Nipple JCB,1,1,213.6,8.901176856410184e-09,0.9999981600763186,C
calcium powder,Calcium Powder,1,1,211.86,8.82866726965853e-09,0.9999981689049858,C
copper t 3 8,"Copper ""T"" 3/8""",1,1,211.85,8.828250547895587e-09,0.9999981777332364,C
capsico sauce,Capsico Sauce,1,1,210.0,8.751157021751587e-09,0.9999981864843934,C
knob,Knob,1,1,210.0,8.751157021751587e-09,0.9999981952355504,C
3 4 x1 2 cpvc brash fta plasto,"3/4""x1/2"" Cpvc  Brash FTA Plasto",1,1,208.5,8.688648757310504e-09,0.9999982039241992,C
nut 85700693,Nut - 85700693,1,1,208.44,8.68614842673286e-09,0.9999982126103477,C
tappet adjuster screw tc,Tappet Adjuster Screw TC,3,3,208.43,8.685731704969919e-09,0.9999982212960794,C
bolt 21 no 5 1 2 bsf x 5,"Bolt 21 No.5"" (1/2 Bsf X 5)",1,1,208.0,8.667812669163476e-09,0.9999982299638921,C
u bolt 11,"U Bolt 11""",1,1,208.0,8.667812669163476e-09,0.9999982386317048,C
screw driver 930 no,Screw Driver 930 No.,1,1,205.0,8.54279614028131e-09,0.9999982471745009,C
l key set,L Key Set,1,1,205.0,8.54279614028131e-09,0.9999982557172971,C
ms nipple 1 5 x6,"Ms Nipple 1.5""X6""",1,1,205.0,8.54279614028131e-09,0.9999982642600932,C
ele saddle 6mm pvc,Ele. Saddle - 6mm Pvc,2,2,204.0,8.501123963987255e-09,0.9999982727612171,C
long socket spanner 24 no,Long Socket Spanner 24 No.,1,1,204.0,8.501123963987255e-09,0.999998281262341,C
mixer jar,Mixer Jar,1,1,203.4,8.476120658210822e-09,0.9999982897384617,C
printer toner powder ricoh 1015,Printer Toner Powder - Ricoh 1015,1,1,203.38,8.475287214684941e-09,0.999998298213749,C
nozzle 0 2 mm tk 01136,Nozzle - 0.2 mm - TK-01136,1,1,203.28,8.471119997055535e-09,0.999998306684869,C
valve seat ace,Valve Seat ACE,1,1,203.12,8.464452448848487e-09,0.9999983151493215,C
max card m 3mtr connectore,Max Card M 3Mtr Connectore,1,1,200.0,8.334435258811035e-09,0.9999983234837567,C
rack nut bolt,Rack Nut / Bolt,1,1,200.0,8.334435258811035e-09,0.999998331818192,C
navalgol ganth gobhi,NAVALGOL (GANTH GOBHI),2,2,200.0,8.334435258811035e-09,0.9999983401526272,C
pvc reduser 2 5 x1 5,"Pvc Reduser 2.5""X1.5""",1,1,200.0,8.334435258811035e-09,0.9999983484870625,C
graphite powder,Graphite Powder,1,1,200.0,8.334435258811035e-09,0.9999983568214977,C
right angle 4,"Right Angle 4""",1,1,200.0,8.334435258811035e-09,0.999998365155933,C
05554802r91 roller brg drive shaft m m,05554802R91 Roller Brg.(Drive Shaft) M&M,1,1,200.0,8.334435258811035e-09,0.9999983734903682,C
gear box lock set circlip al 1012,Gear Box Lock Set (Circlip) AL 1012,1,1,200.0,8.334435258811035e-09,0.9999983818248035,C
lpg gas pipe,Lpg Gas Pipe,1,1,200.0,8.334435258811035e-09,0.9999983901592387,C
2m surface box,2M SURFACE BOX,1,1,200.0,8.334435258811035e-09,0.999998398493674,C
hitch bolt 30 no w nut,Hitch Bolt 30 NO W/Nut,1,1,200.0,8.334435258811035e-09,0.9999984068281093,C
labour charge from jaika automob ad 8481,Labour Charge From Jaika Automob.AD-8481,1,1,200.0,8.334435258811035e-09,0.9999984151625445,C
ajinomotto,Ajinomotto,2,2,200.0,8.334435258811035e-09,0.9999984234969798,C
labour charge from jaika automo l0877,Labour Charge From Jaika Automo.L0877,1,1,200.0,8.334435258811035e-09,0.999998431831415,C
oil seal 35x62x8,Oil Seal 35X62X8,1,1,200.0,8.334435258811035e-09,0.9999984401658503,C
brass ferrul 1 4,"Brass Ferrul 1/4""",1,1,200.0,8.334435258811035e-09,0.9999984485002855,C
circlet 15x22x5 eb 15 00,Circlet 15x22x5 (EB-15-00),1,1,200.0,8.334435258811035e-09,0.9999984568347208,C
basin bracket,Basin Bracket,1,1,200.0,8.334435258811035e-09,0.999998465169156,C
lpg gas pipe 1 nos,Lpg Gas Pipe 1 Nos,1,1,200.0,8.334435258811035e-09,0.9999984735035913,C
bolt 19 no 2 1 2,"Bolt 19 No. 2 1/2""",1,1,197.6,8.234422035705302e-09,0.9999984817380133,C
807602va0a wind regulater handle al dost,807602VA0A Wind/Regulater Handle AL DOST,1,1,195.3,8.138576030228976e-09,0.9999984898765893,C
12844 tube bulb 12v,12844 Tube Bulb 12V,2,2,195.3,8.138576030228976e-09,0.9999984980151654,C
repair maintaine charge welding,Repair & Maintaine Charge (Welding),1,1,195.0,8.126074377340759e-09,0.9999985061412398,C
oil seal 15 28 7,oil seal(15*28*7),1,1,195.0,8.126074377340759e-09,0.9999985142673141,C
double tape,Double Tape,1,1,190.7,7.94688401927632e-09,0.9999985222141982,C
gi reducer 1 5 x 1,"GI Reducer - 1.5 x 1""",1,1,190.0,7.917713495870483e-09,0.9999985301319116,C
ele board plate 11x5,Ele. Board Plate 11X5,2,2,190.0,7.917713495870483e-09,0.9999985380496251,C
ring spanner s type 14x15,Ring Spanner (S'Type) 14X15,1,1,190.0,7.917713495870483e-09,0.9999985459673386,C
circlip ext 11 mm,CIRCLIP EXT-11 MM,1,1,190.0,7.917713495870483e-09,0.9999985538850521,C
potato peeler,Potato Peeler,1,1,189.0,7.876041319576427e-09,0.9999985617610935,C
engine valve lock kit m loader,Engine ( Valve ) Lock Kit M Loader,1,1,187.5,7.813533055135345e-09,0.9999985695746265,C
ht spring washer 6mm,Ht Spring Washer  6Mm,1,1,185.0,7.709352614400207e-09,0.9999985772839791,C
f8622150 hose oil fil to coolent al dost,F8622150 Hose Oil FIL.TO Coolent AL DOST,1,1,181.36,7.557665892689846e-09,0.999998584841645,C
nylon sprocket 24 teeth,NYLON SPROCKET 24 TEETH,1,1,180.0,7.50099173292993e-09,0.9999985923426368,C
male connector dia 8x1 4,"Male Connector Dia 8x1/4""",1,1,180.0,7.50099173292993e-09,0.9999985998436285,C
tokna,Tokna,1,1,180.0,7.50099173292993e-09,0.9999986073446202,C
regular taveta,Regular Taveta,1,1,180.0,7.50099173292993e-09,0.9999986148456119,C
strg box repair work new mmg cg19f0170,Strg.Box Repair Work New MMG CG19F0170,1,1,180.0,7.50099173292993e-09,0.9999986223466036,C
right side panel of dryer swd 13,RIGHT SIDE PANEL OF DRYER - SWD 13,1,1,180.0,7.50099173292993e-09,0.9999986298475954,C
right side panel of washer swd 13,RIGHT SIDE PANEL OF WASHER - SWD 13,1,1,180.0,7.50099173292993e-09,0.9999986373485871,C
capacitor for ac 36 mfd,Capacitor for AC 36 MFD,1,1,180.0,7.50099173292993e-09,0.9999986448495788,C
dabbi kabja 1 for cage door,"Dabbi Kabja 1"" ( For Cage Door )",1,1,179.84,7.494324184722882e-09,0.999998652343903,C
wooden spatula,Wooden Spatula,1,1,178.58,7.441817242592373e-09,0.9999986597857202,C
baking powder,Baking Powder,1,1,178.58,7.441817242592373e-09,0.9999986672275375,C
labour charges of veh repair af 8504,Labour Charges Of Veh. Repair AF 8504,1,1,178.0,7.417647380341821e-09,0.9999986746451849,C
333 y1377 grille lock battery jcb,333/Y1377 Grille Lock (Battery) JCB,1,1,177.12,7.3809758652030525e-09,0.9999986820261607,C
ht bolt 14x65 mm,HT Bolt 14X65 mm,1,1,176.52,7.355972559426619e-09,0.9999986893821333,C
atrowok 1ml,Atrowok (1Ml.),1,1,175.0,7.2926308514596555e-09,0.9999986966747642,C
x1936250 gas hose timing t breather 1012,X1936250 Gas Hose Timing T Breather 1012,1,1,173.72,7.239290465803264e-09,0.9999987039140547,C
emery paper 180 no,Emery Paper 180 No,4,4,172.92,7.20595272476802e-09,0.9999987111200074,C
circlip ext 16,Circlip Ext-16,1,1,172.5,7.1884504107245175e-09,0.9999987183084578,C
market return report,Market Return Report,1,1,172.0,7.16761432257749e-09,0.999998725476072,C
milk used for production report,Milk Used for Production Report,1,1,172.0,7.16761432257749e-09,0.9999987326436863,C
paneer khoa ghee coldroom stock repor,"Paneer, Khoa & Ghee Coldroom Stock Repor",1,1,172.0,7.16761432257749e-09,0.9999987398113006,C
milk production plan report,Milk Production Plan Report,1,1,172.0,7.16761432257749e-09,0.9999987469789149,C
milk dahi coldroom stock report,Milk & Dahi Coldroom Stock Report,1,1,172.0,7.16761432257749e-09,0.9999987541465292,C
milk dahi packing report,Milk & Dahi Packing Report,1,1,172.0,7.16761432257749e-09,0.9999987613141434,C
raw milk stock report,Raw Milk Stock Report,1,1,172.0,7.16761432257749e-09,0.9999987684817577,C
paneer khoa ghee packing report,"Paneer, Khoa & Ghee Packing Report",1,1,172.0,7.16761432257749e-09,0.999998775649372,C
3 pin top 16 amp,3 Pin Top 16 Amp,2,2,170.0,7.0842699699893795e-09,0.999998782733642,C
tutti fruiti katri,Tutti Fruiti ( Katri),1,1,170.0,7.0842699699893795e-09,0.9999987898179119,C
straberry fruits,Straberry Fruits,2,2,170.0,7.0842699699893795e-09,0.9999987969021819,C
wast pipe watertec,Wast Pipe Watertec,2,2,170.0,7.0842699699893795e-09,0.9999988039864518,C
tooth pick,Tooth Pick,2,2,170.0,7.0842699699893795e-09,0.9999988110707217,C
bell switch,Bell Switch,3,1,166.0,6.917581264813159e-09,0.999998817988303,C
valve guide set ace,Valve Guide Set ACE,1,1,165.62,6.901745837821418e-09,0.9999988248900489,C
252318150106 strainer oil pump,252318150106 Strainer Oil Pump,1,1,164.06,6.836737242802692e-09,0.9999988317267862,C
labour charges of car rep work ad 7029,Labour Charges Of Car Rep. Work Ad 7029,1,1,164.0,6.834236912225048e-09,0.9999988385610231,C
front panel of dryer swd 13,FRONT PANEL OF DRYER - SWD 13,1,1,162.0,6.750892559636938e-09,0.9999988453119156,C
ferrous ammonium sulphate,Ferrous Ammonium Sulphate,1,1,162.0,6.750892559636938e-09,0.9999988520628081,C
top panel of dryer swd 13,TOP PANEL OF DRYER - SWD 13,1,1,162.0,6.750892559636938e-09,0.9999988588137007,C
food plate,Food Plate,1,1,162.0,6.750892559636938e-09,0.9999988655645932,C
parallel strip trolley ht88 tk 13161a,Parallel Strip Trolley- HT88 TK- 13161A,1,1,161.8,6.742558124378127e-09,0.9999988723071513,C
parallel strip trolley ht88 tk 13162a,Parallel Strip Trolley- HT88 TK- 13162A,1,1,161.8,6.742558124378127e-09,0.9999988790497095,C
cpvc female 3 4,"Cpvc Female 3/4""",2,2,161.64,6.735890576171078e-09,0.9999988857856001,C
obs round bar tk 07797b,OBS Round Bar - TK-07797B,1,1,161.24,6.719221705653456e-09,0.9999988925048219,C
obs co2 print cable gmm220 tk 11517,OBS CO2 Print + Cable- GMM220 TK- 11517,1,1,160.47,6.687134129907034e-09,0.9999988991919561,C
910 28400 engine stop cable jcb,910/28400 Engine Stop Cable Jcb,1,1,160.17,6.674632477018816e-09,0.9999989058665886,C
5a6g001 maint shaft oil seal rr al 1012,5A6G001 Maint Shaft Oil Seal RR AL 1012,1,1,160.0,6.6675482070488275e-09,0.9999989125341368,C
lemon grass leaf,Lemon Grass ( Leaf),2,2,160.0,6.6675482070488275e-09,0.9999989192016849,C
pvc socket 3,"Pvc Socket 3""",1,1,160.0,6.6675482070488275e-09,0.9999989258692331,C
strg box repair work from new mmg ae3732,Strg.Box Repair Work From New MMG AE3732,1,1,160.0,6.6675482070488275e-09,0.9999989325367813,C
strg box repair work new mmg cg08t0357,Strg.Box Repair Work New MMG CG08T0357,1,1,160.0,6.6675482070488275e-09,0.9999989392043295,C
ci nozzal 2,Ci Nozzal - 2'',1,1,160.0,6.6675482070488275e-09,0.9999989458718777,C
steering oil seal 19 32 7 ace,Steering Oil Seal 19-32-7 ACE,1,1,160.0,6.6675482070488275e-09,0.9999989525394258,C
flat file,Flat File,1,1,160.0,6.6675482070488275e-09,0.999998959206974,C
capacitor 108 130 uf,capacitor 108-130 uf,1,1,160.0,6.6675482070488275e-09,0.9999989658745222,C
strg gear box repair new mmg cg08m0167,Strg.Gear Box Repair New MMG CG08M0167,1,1,160.0,6.6675482070488275e-09,0.9999989725420704,C
green lettuce,GREEN LETTUCE,1,1,160.0,6.6675482070488275e-09,0.9999989792096186,C
kiwi fruits,Kiwi Fruits,2,2,159.99,6.667131485285887e-09,0.9999989858767501,C
gi 4 way tee 1,Gi 4 Way Tee - 1'',1,1,159.0,6.625876030754772e-09,0.9999989925026261,C
carbon brush set for drill m c,Carbon Brush Set for Drill M/c,1,1,158.0,6.584203854460717e-09,0.99999899908683,C
water pump pkg 407,Water Pump Pkg 407,1,1,156.6,6.525862807649039e-09,0.9999990056126928,C
red cabbage,Red Cabbage,1,1,156.0,6.500859501872607e-09,0.9999990121135524,C
272425600208 clutch releas lever sup ace,272425600208 Clutch Releas Lever Sup.Ace,1,1,155.01,6.459604047341492e-09,0.9999990185731564,C
3520750071 timer bolt cam shaft 407 909,3520750071 Timer Bolt(Cam Shaft) 407/909,1,1,152.54,6.356673771895176e-09,0.9999990249298302,C
heat shrink sleeve 6 mm,Heat Shrink Sleeve - 6 mm,1,1,150.0,6.2508264441082755e-09,0.9999990311806566,C
gana bebal,Gana Bebal,1,1,150.0,6.2508264441082755e-09,0.999999037431483,C
826 00927 ball joint end jcb,826/00927 Ball Joint End JCB,1,1,150.0,6.2508264441082755e-09,0.9999990436823094,C
earthing clump heavy,Earthing Clump heavy,1,1,150.0,6.2508264441082755e-09,0.9999990499331358,C
ring spanner s type 12x13,Ring Spanner (S'Type) 12X13,1,1,150.0,6.2508264441082755e-09,0.9999990561839622,C
pvc socket 1 5,"Pvc Socket 1.5""",1,1,150.0,6.2508264441082755e-09,0.9999990624347886,C
connection pipe 3 8 2 mtr,Connection Pipe 3/8  2 Mtr,1,1,150.0,6.2508264441082755e-09,0.9999990686856151,C
loading godown charge agst po 9200090774,loading/godown charge agst po 9200090774,1,1,150.0,6.2508264441082755e-09,0.9999990749364415,C
rear hub makkhi washer 1109 1210,Rear Hub Makkhi Washer 1109/1210,1,1,150.0,6.2508264441082755e-09,0.9999990811872679,C
287147109906 pressure tank valve 709bsiv,287147109906 Pressure Tank Valve 709BSIV,1,1,148.34,6.181650631460144e-09,0.9999990873689185,C
circlip lock internal 45 mm,Circlip Lock Internal-(45-MM),1,1,148.0,6.167482091520165e-09,0.9999990935364006,C
571707149906 fuel over flow pipe t iris,571707149906 Fuel Over Flow Pipe T-Iris,1,1,147.95,6.165398482705462e-09,0.9999990997017991,C
diclovin tablet,Diclovin Tablet,1,1,145.2,6.05079999789681e-09,0.9999991057525991,C
brass tee 1 x 1 5,BRASS TEE 1 X 1.5,1,1,145.0,6.042465562638e-09,0.9999991117950646,C
571018130104 assy oil filter mega ace,571018130104 Assy Oil Filter Mega Ace,1,1,144.07,6.003710438684528e-09,0.999999117798775,C
ms bush 1 2 x1 4,"Ms Bush 1/2""X1/4""",1,1,144.0,6.000793386343945e-09,0.9999991237995685,C
zinc high khad,Zinc High ( Khad),1,1,142.86,5.9532871053687224e-09,0.9999991297528555,C
kiran multi led light half footbal type,Kiran Multi LED Light(Half Footbal Type),1,1,140.0,5.834104681167724e-09,0.9999991355869602,C
tester,TESTER,1,1,140.0,5.834104681167724e-09,0.9999991414210648,C
ac sensor,AC Sensor,1,1,140.0,5.834104681167724e-09,0.9999991472551695,C
main oil seal tough rider,Main Oil Seal Tough Rider,1,1,140.0,5.834104681167724e-09,0.9999991530892741,C
pvc float valve 1 2,"Pvc Float Valve 1/2""",1,1,140.0,5.834104681167724e-09,0.9999991589233788,C
550 40983 bush r e swing cyl jcb,550/40983 Bush R.E (Swing CYL.) JCB,1,1,140.0,5.834104681167724e-09,0.9999991647574834,C
pvc female 2 5,"Pvc Female 2.5""",1,1,140.0,5.834104681167724e-09,0.999999170591588,C
yellow oxide,YELLOW OXIDE,1,1,140.0,5.834104681167724e-09,0.9999991764256927,C
t v remote,T.V.Remote,1,1,140.0,5.834104681167724e-09,0.9999991822597973,C
ss push cock 1 2,Ss Push Cock - 1/2'',1,1,140.0,5.834104681167724e-09,0.999999188093902,C
welding glass white,Welding Glass White,3,3,140.0,5.834104681167724e-09,0.9999991939280066,C
kharad stone,Kharad Stone,1,1,140.0,5.834104681167724e-09,0.9999991997621113,C
circlip lock internal 43 mm,Circlip Lock Internal-(43-MM),1,1,136.0,5.6674159759915036e-09,0.9999992054295272,C
hole charge,Hole Charge,1,1,136.0,5.6674159759915036e-09,0.9999992110969432,C
circlip int 42,Circlip INT - 42,1,1,136.0,5.6674159759915036e-09,0.9999992167643592,C
backlight lamp nfc 20 130 w 5000k tk,Backlight Lamp - NFC-20-130-W-5000K - TK,1,1,135.68,5.654080879577406e-09,0.9999992224184401,C
backlight lamp 100mm tk 14671,Backlight Lamp - 100mm - TK-14671,1,1,135.68,5.654080879577406e-09,0.999999228072521,C
roll pin 3 16 2lg pb3919,"Roll pin  3/16""*2Lg (PB3919)",1,1,135.0,5.625743799697448e-09,0.9999992336982647,C
long socket spanner 10 no,Long Socket Spanner 10 No.,1,1,134.0,5.584071623403393e-09,0.9999992392823364,C
hose pipe clamp 1,Hose Pipe Clamp 1',1,1,132.0,5.500727270815283e-09,0.9999992447830637,C
punching machine,Punching Machine,2,2,131.99,5.500310549052342e-09,0.9999992502833742,C
freight against po 9200090625gr500365801,freight against po 9200090625Gr500365801,1,1,130.0,5.417382918227172e-09,0.9999992557007571,C
gi t 3 4,"Gi T 3/4""",1,1,130.0,5.417382918227172e-09,0.99999926111814,C
garam masala whole,Garam Masala Whole,1,1,130.0,5.417382918227172e-09,0.9999992665355228,C
pan grip handle,Pan Grip Handle,1,1,130.0,5.417382918227172e-09,0.9999992719529057,C
roller tg68x5,Roller TG68X5,1,1,129.0,5.375710741933117e-09,0.9999992773286165,C
cpvc t 2 x1 5,"Cpvc T 2""X1.5""",1,1,127.72,5.322370356276727e-09,0.9999992826509868,C
food color green bush,Food Color Green (Bush),1,1,127.62,5.318203138647321e-09,0.9999992879691899,C
heat shrink sleeve 4 mm,Heat Shrink Sleeve - 4 mm,1,1,127.1,5.296533606974412e-09,0.9999992932657236,C
pvc elbow 3,"Pvc Elbow 3""",1,1,125.0,5.209022036756896e-09,0.9999992984747456,C
rear axle packing 8 hole 909 912 bsiv,Rear Axle Packing (8 Hole) 909/912 BSIV,1,1,125.0,5.209022036756896e-09,0.9999993036837675,C
ss bolt 3 4 x2,"SS Bolt 3/4""X2""",1,1,125.0,5.209022036756896e-09,0.9999993088927895,C
allankey pana 12mm,Allankey Pana - 12Mm,1,1,125.0,5.209022036756896e-09,0.9999993141018115,C
cam tikki,Cam Tikki,4,4,124.96,5.207355149705134e-09,0.9999993193091666,C
1 1 2 x 3 4 cpvc bush,"1 1/2"" x 3/4"" Cpvc Bush",1,1,124.56,5.190686279187512e-09,0.999999324499853,C
genral checkup from city wheels ad 9142,Genral Checkup From City Wheels AD-9142,2,1,123.49,5.146097050552873e-09,0.9999993296459501,C
milk roll pouch report,Milk Roll Pouch Report,1,1,123.0,5.125677684168786e-09,0.9999993347716277,C
khoa manufacturing report,Khoa Manufacturing Report,1,1,123.0,5.125677684168786e-09,0.9999993398973054,C
ghee manufacturing report,Ghee Manufacturing Report,1,1,123.0,5.125677684168786e-09,0.999999345022983,C
paneer manufacturing report,Paneer Manufacturing Report,1,1,123.0,5.125677684168786e-09,0.9999993501486607,C
milk received report,Milk Received Report,1,1,123.0,5.125677684168786e-09,0.9999993552743384,C
milk reprocess report,Milk Reprocess Report,1,1,123.0,5.125677684168786e-09,0.999999360400016,C
dahi manufacturing report,Dahi Manufacturing Report,1,1,123.0,5.125677684168786e-09,0.9999993655256937,C
cream manufacturing report,Cream Manufacturing Report,1,1,123.0,5.125677684168786e-09,0.9999993706513713,C
dispatch temperature report,Dispatch Temperature Report,1,1,123.0,5.125677684168786e-09,0.999999375777049,C
milk used for fm lassi butter milk pr,"Milk Used for FM, Lassi & Butter Milk Pr",1,1,123.0,5.125677684168786e-09,0.9999993809027267,C
abnormal noisy work city wheels af6012,Abnormal Noisy Work City Wheels AF6012,2,1,122.82000000000001,5.118176692435857e-09,0.9999993860209033,C
pvc cap 1 2 inner thrade,"Pvc Cap 1/2"" (Inner Thrade)",1,1,121.2,5.050667766839487e-09,0.9999993910715711,C
con rod bush tough rider,Con Rod Bush Tough Rider,1,1,120.0,5.00066115528662e-09,0.9999993960722322,C
sptula lab spoon,Sptula (Lab Spoon),1,1,120.0,5.00066115528662e-09,0.9999994010728933,C
gi nipple 2x6,"Gi Nipple 2X6""",1,1,120.0,5.00066115528662e-09,0.9999994060735544,C
meyoniz sauce,Meyoniz Sauce,1,1,120.0,5.00066115528662e-09,0.9999994110742155,C
ms nut 5mm,Ms Nut 5Mm,1,1,120.0,5.00066115528662e-09,0.9999994160748766,C
black handi big,Black Handi Big,1,1,120.0,5.00066115528662e-09,0.9999994210755377,C
daraj lock quba,Daraj Lock Quba,1,1,120.0,5.00066115528662e-09,0.9999994260761988,C
o ring cylinder liner tough rider jeep,O' Ring(Cylinder Liner) Tough Rider/Jeep,1,1,120.0,5.00066115528662e-09,0.99999943107686,C
2203 0054 circlip external jcb,2203/0054 Circlip External JCB,1,1,119.49,4.979408345376652e-09,0.9999994360562683,C
rosemary 150gm,Rosemary 150gm,1,1,119.04,4.960655866044328e-09,0.9999994410169242,C
seal oil b45x60x12 5 bp07 10,SEAL OIL B45X60X12.5 BP07/10,1,1,119.0,4.958988978992565e-09,0.9999994459759132,C
stainer voilet 100 g,Stainer Voilet - 100 G,2,1,118.65,4.944403717289646e-09,0.9999994509203168,C
thrust washer super ace,Thrust Washer Super Ace,1,1,118.64,4.943986995526706e-09,0.9999994558643038,C
thrust washer tata ace,Thrust Washer Tata ACE,1,1,118.64,4.943986995526706e-09,0.9999994608082908,C
steiner oxide yellow,Steiner oxide yellow,2,1,118.64,4.943986995526706e-09,0.9999994657522778,C
upvc elbow 1 x1 2 brass,"Upvc Elbow 1""X1/2"" (Brass)",2,2,118.13,4.922734185616737e-09,0.999999470675012,C
angle profile tk 09257a,Angle- Profile TK-09257A,1,1,117.76,4.9073154803879375e-09,0.9999994755823275,C
335 y2342 ball strut door jcb,335/Y2342 Ball Strut (Door) JCB,1,1,115.64,4.81897046664454e-09,0.9999994804012979,C
thread lock 4ml,Thread Lock - 4Ml,3,3,111.88,4.662283083778892e-09,0.999999485063581,C
279020120118 assy cover thermostate ace,279020120118 Assy cover Thermostate ACE,1,1,110.16,4.590606940553118e-09,0.999999489654188,C
red cabbage r,Red Cabbage(R),1,1,110.0,4.583939392346069e-09,0.9999994942381273,C
upvc t 1,Upvc T 1'',1,1,110.0,4.583939392346069e-09,0.9999994988220666,C
screw driver 828,Screw Driver 828,1,1,108.0,4.500595039757959e-09,0.9999995033226616,C
centre punch,Centre Punch,1,1,107.8,4.492260604499147e-09,0.9999995078149222,C
con rod bush t ace std,Con Rod Bush T/ ACE STD,1,1,105.94,4.414750356592205e-09,0.9999995122296725,C
plain washer 10 no,Plain Washer 10 No.,2,2,103.24000000000001,4.302235480598256e-09,0.999999516531908,C
masur dall,Masur Dall,2,2,103.0,4.292234158287683e-09,0.9999995208241421,C
26252007 engaging lever 24v 2515 3118,26252007 Engaging Lever 24V 2515/3118,1,1,101.56,4.2322262244242434e-09,0.9999995250563684,C
rubber stamp,Rubber Stamp,1,1,100.0,4.167217629405517e-09,0.999999529223586,C
20 nb cs dummy flange class 150,20 NB CS Dummy Flange ( Class - 150 ),1,1,100.0,4.167217629405517e-09,0.9999995333908037,C
gi tank nipple 1,"GI TANK NIPPLE - 1""",1,1,100.0,4.167217629405517e-09,0.9999995375580214,C
yeast powder,Yeast Powder,1,1,100.0,4.167217629405517e-09,0.9999995417252391,C
valve lock,Valve Lock,1,1,100.0,4.167217629405517e-09,0.9999995458924568,C
polise,Polise,1,1,100.0,4.167217629405517e-09,0.9999995500596744,C
carbon bush 801 royal dw 801,Carbon bush 801 Royal (DW-801),1,1,100.0,4.167217629405517e-09,0.9999995542268921,C
gear box sims kit g 600,Gear Box Sims Kit G-600,1,1,100.0,4.167217629405517e-09,0.9999995583941098,C
cherry tomato,Cherry Tomato,3,3,100.0,4.167217629405517e-09,0.9999995625613275,C
musk melon,Musk Melon,1,1,100.0,4.167217629405517e-09,0.9999995667285452,C
labour charges of car rep work dc 0786,Labour Charges Of Car Rep. Work DC 0786,1,1,100.0,4.167217629405517e-09,0.9999995708957629,C
hyd tapa repair work sahu tractor p 0266,Hyd.Tapa Repair Work Sahu Tractor P-0266,1,1,100.0,4.167217629405517e-09,0.9999995750629805,C
labour charge from kamal diesel p 1198,Labour Charge From Kamal Diesel P-1198,1,1,100.0,4.167217629405517e-09,0.9999995792301982,C
barbie doll,Barbie Doll,1,1,100.0,4.167217629405517e-09,0.9999995833974159,C
4811704000 fuel filter concrete mixer,4811704000 Fuel Filter Concrete Mixer,1,1,99.15,4.131796279555571e-09,0.9999995875292121,C
screw driver 926,Screw Driver 926,1,1,98.0,4.083873276817407e-09,0.9999995916130854,C
v belt fhp 2280 m 28,V Belt - FHP 2280 (M-28),1,1,98.0,4.083873276817407e-09,0.9999995956969586,C
6 module metal box,6 Module Metal Box,1,1,98.0,4.083873276817407e-09,0.9999995997808319,C
gi t reducer 1 5 x 3 4,Gi T Reducer - 1.5 X 3/4'',1,1,95.0,3.958856747935241e-09,0.9999996037396887,C
turky umber,TURKY UMBER,1,1,95.0,3.958856747935241e-09,0.9999996076985455,C
cable 8 tunnel hub style density 05446,Cable 8' Tunnel Hub Style Density -05446,1,1,94.5,3.938020659788214e-09,0.9999996116365661,C
control fuse 3nw ns 2,Control Fuse - 3NW NS 2,1,1,94.0,3.917184571641186e-09,0.9999996155537507,C
ms washer 2 5,"Ms Washer 2.5""",1,1,93.0,3.875512395347131e-09,0.9999996194292631,C
brass hex nipple 1 4,Brass Hex Nipple - 1/4,1,1,92.0,3.833840219053076e-09,0.9999996232631033,C
bread,Bread,1,1,90.0,3.750495866464965e-09,0.9999996270135992,C
2 pin top plug,2 pin top ( Plug),1,1,90.0,3.750495866464965e-09,0.9999996307640951,C
10 kohm potentiometer,10 Kohm Potentiometer,1,1,90.0,3.750495866464965e-09,0.9999996345145911,C
electric board 6 x12 wood,"Electric Board 6""X12'' (Wood)",2,2,90.0,3.750495866464965e-09,0.999999638265087,C
65 x 40 cs consntric reducer seamless,65 X 40 Cs Consntric Reducer (SEAMLESS),1,1,90.0,3.750495866464965e-09,0.9999996420155829,C
gi nipple 2 x3,"Gi Nipple 2""X3""",1,1,90.0,3.750495866464965e-09,0.9999996457660788,C
r180595 strg cylinder bush john deere,R180595 Strg.Cylinder Bush John Deere,1,1,89.84,3.743828318257917e-09,0.9999996495099072,C
led bulb 5w,LED Bulb 5W,1,1,89.28,3.720491899533246e-09,0.9999996532303991,C
lollipop sticks,Lollipop Sticks,1,1,89.28,3.720491899533246e-09,0.999999656950891,C
ms washer 3 sut,Ms Washer 3 Sut,2,2,89.26,3.7196584560073647e-09,0.9999996606705495,C
bolt 10 no 1 1 2,"Bolt 10 No. 1 1/2""",1,1,88.08,3.6704852879803795e-09,0.9999996643410347,C
ms washer 2 sut,Ms Washer 2 Sut,1,1,88.0,3.6671515138768553e-09,0.9999996680081862,C
cpvc reducer socket 1 5 x2,"Cpvc Reducer Socket 1.5""X2""",1,1,86.59,3.6083937453022375e-09,0.9999996716165799,C
65 x 25 cs consntric reducer seamless,65 X 25 Cs Consntric Reducer (SEAMLESS),1,1,86.0,3.583807161288745e-09,0.999999675200387,C
air com piston ring 4ring 70mm 407bsiii,Air Com.Piston Ring(4Ring) 70mm 407BSIII,1,1,85.94,3.5813068307111016e-09,0.9999996787816938,C
gang box 2 plug,Gang Box - 2 Plug,3,3,85.0,3.5421349849946897e-09,0.9999996823238289,C
gi elbow 1,"Gi Elbow 1""",2,2,85.0,3.5421349849946897e-09,0.9999996858659639,C
parking slip rs 40 yellow tolagaon,Parking slip Rs -40 (Yellow) Tolagaon,1,1,85.0,3.5421349849946897e-09,0.9999996894080989,C
parking slip rs 30 yellow tolagaon,Parking slip Rs -30 (Yellow) Tolagaon,1,1,85.0,3.5421349849946897e-09,0.9999996929502339,C
carbon brush set for grinder m c,Carbon Brush Set for Grinder M/c,1,1,85.0,3.5421349849946897e-09,0.999999696492369,C
parking slip rs 45 yellow tolagaon,Parking slip Rs -45 (Yellow) Tolagaon,1,1,85.0,3.5421349849946897e-09,0.999999700034504,C
heat shrink sleeve 2 mm,Heat Shrink Sleeve - 2 mm,1,1,84.7,3.529633332106473e-09,0.9999997035641374,C
grease fitting nipple size m 6,Grease Fitting Nipple Size: M-6,1,1,84.0,3.5004628087006345e-09,0.9999997070646002,C
cross profile tk 09258 a,Cross Profile TK- 09258 A,1,1,82.56,3.440454874837195e-09,0.9999997105050551,C
ms strip 125x6 mm 5 89 kg mtr,"MS Strip  125X6 mm, 5.89 kg / mtr",1,1,82.5,3.4379545442595517e-09,0.9999997139430097,C
front rear kamani washer tata ace,Front / Rear kamani Washer Tata Ace,1,1,82.0,3.417118456112524e-09,0.9999997173601282,C
826 01714 nut 1unf boom ram locking jcb,826/01714 Nut 1Unf(Boom Ram Locking) JCB,1,1,81.36,3.3904482632843286e-09,0.9999997207505764,C
bolt 17 no 1 1 2,"Bolt 17 No. 1 1/2""",1,1,80.76,3.365444957507896e-09,0.9999997241160213,C
upvc socket 1 2,"Upvc Socket 1/2""",1,1,80.0,3.3337741035244137e-09,0.9999997274497955,C
brass ballvalve 1 5,"Brass Ballvalve 1.5""",1,1,80.0,3.3337741035244137e-09,0.9999997307835696,C
baloon,Baloon,1,1,80.0,3.3337741035244137e-09,0.9999997341173438,C
pvc cap 1 5,"Pvc Cap 1.5""",1,1,80.0,3.3337741035244137e-09,0.9999997374511179,C
forceps 5 inch,Forceps 5 inch,1,1,80.0,3.3337741035244137e-09,0.9999997407848921,C
reetha whole,Reetha Whole,1,1,80.0,3.3337741035244137e-09,0.9999997441186662,C
gi reduser 1 x1 2,"Gi Reduser 1""X1/2""",1,1,80.0,3.3337741035244137e-09,0.9999997474524404,C
m seal 25gm pack,M Seal 25gm Pack,1,1,80.0,3.3337741035244137e-09,0.9999997507862145,C
entroqunal tablet,Entroqunal Tablet,1,1,79.0,3.2921019272303585e-09,0.9999997540783164,C
r180596 strg cylinder gasket john deere,R180596 Strg.Cylinder Gasket John Deere,1,1,78.82,3.2846009354974285e-09,0.9999997573629174,C
waste pipe 1 5,Waste Pipe 1.5',1,1,76.27,3.178336885947588e-09,0.9999997605412543,C
roller white handle 6,"Roller White Handle 6""",1,1,76.27,3.178336885947588e-09,0.9999997637195912,C
flywheel lock patti,Flywheel Lock Patti,4,4,75.04,3.1270801091059003e-09,0.9999997668466714,C
screw 1 5,Screw - 1.5'',2,2,75.0,3.1254132220541378e-09,0.9999997699720846,C
ss nut 3 4,Ss Nut 3/4'',1,1,75.0,3.1254132220541378e-09,0.9999997730974979,C
carbon for tiles cutter machine,carbon for tiles cutter machine,1,1,75.0,3.1254132220541378e-09,0.9999997762229111,C
rivit 1 8 no,"Rivit 1"" 8 No.",1,1,73.72,3.072072836397747e-09,0.999999779294984,C
gasket thermostate cover ace,Gasket Thermostate Cover ACE,1,1,72.05,3.002480301986675e-09,0.9999997822974642,C
bolt 10 no 3 4,"Bolt 10 No. 3/4""",1,1,72.0,3.0003966931719726e-09,0.9999997852978609,C
over flow return pipe ace,Over Flow Return Pipe ACE,1,1,72.0,3.0003966931719726e-09,0.9999997882982576,C
scal 12,"Scal 12""",1,1,71.4,2.9753933873955395e-09,0.999999791273651,C
gear lever bush kit ace,Gear Lever Bush Kit Ace,1,1,70.31,2.9299707152350193e-09,0.9999997942036217,C
gang box 1 plug,Gang Box - 1 Plug,2,2,70.0,2.917052340583862e-09,0.9999997971206741,C
socket spanner 17 mm,Socket Spanner 17 MM,1,1,69.0,2.875380164289807e-09,0.9999997999960543,C
socket spanner 18 no,Socket Spanner 18 No.,1,1,69.0,2.875380164289807e-09,0.9999998028714344,C
socket spanner 19 mm,Socket Spanner 19 MM,1,1,69.0,2.875380164289807e-09,0.9999998057468146,C
magnet contact tk 04857,Magnet Contact TK-04857,1,1,68.04,2.8353748750475143e-09,0.9999998085821894,C
14550801206ext circlip lock gear box ac,14550801206EXT.Circlip Lock Gear Box Ac,1,1,67.8,2.8253735527369405e-09,0.999999811407563,C
plastic beep cock,Plastic Beep Cock,1,1,67.8,2.8253735527369405e-09,0.9999998142329366,C
r272241 rear axle o ring john deere,R272241 Rear Axle O'Ring John Deere,1,1,67.8,2.8253735527369405e-09,0.9999998170583102,C
crank cottor key,Crank Cottor ( Key),3,3,66.4,2.7670325059252636e-09,0.9999998198253427,C
3 module metal box,3 Module Metal Box,1,1,65.0,2.708691459113586e-09,0.9999998225340342,C
f7y00310 turbo packing 4 hole al dost,F7Y00310 Turbo Packing 4 Hole AL Dost,1,1,64.4,2.683688153337153e-09,0.9999998252177223,C
socket spanner 13 no,Socket Spanner 13 No,1,1,64.0,2.667019282819531e-09,0.9999998278847416,C
socket spanner 14 mm,Socket Spanner 14 MM,1,1,64.0,2.667019282819531e-09,0.9999998305517609,C
socket spanner 15 no,Socket Spanner 15 No.,1,1,64.0,2.667019282819531e-09,0.9999998332187802,C
socket spanner 16no,Socket Spanner 16No.,1,1,64.0,2.667019282819531e-09,0.9999998358857994,C
scissors medical,Scissors (Medical),1,1,63.57,2.649100247013087e-09,0.9999998385348997,C
parsley,Parsley,1,1,62.5,2.604511018378448e-09,0.9999998411394108,C
lite soya sauce,Lite Soya Sauce,1,1,60.0,2.50033057764331e-09,0.9999998436397414,C
special grease for grinder m c,Special Grease for Grinder M/c,1,1,60.0,2.50033057764331e-09,0.999999846140072,C
wall patti,WALL PATTI,1,1,60.0,2.50033057764331e-09,0.9999998486404026,C
rangkat colore cut,Rangkat (Colore Cut),1,1,60.0,2.50033057764331e-09,0.9999998511407332,C
timing oil seal tough rider,Timing Oil Seal Tough Rider,1,1,60.0,2.50033057764331e-09,0.9999998536410638,C
cotton cloth,Cotton Cloth,1,1,60.0,2.50033057764331e-09,0.9999998561413944,C
bearing for grinder m c,Bearing for Grinder M/c,1,1,60.0,2.50033057764331e-09,0.999999858641725,C
gi tee 1,"GI TEE- 1""",1,1,60.0,2.50033057764331e-09,0.9999998611420556,C
parking slip rs 30 pink tolagaon,Parking slip Rs -30 (Pink) Tolagaon,1,1,59.5,2.4794944894962826e-09,0.9999998636215501,C
parking slip rs 35 pink tolagaon,Parking slip Rs -35 (Pink) Tolagaon,1,1,59.5,2.4794944894962826e-09,0.9999998661010446,C
parking slip rs 25 pink tolagaon,Parking slip Rs -25 (Pink) Tolagaon,1,1,59.5,2.4794944894962826e-09,0.9999998685805391,C
tomato red liquid colore,Tomato Red Liquid Colore,1,1,59.32,2.471993497763353e-09,0.9999998710525326,C
yellow liquid colore,Yellow Liquid Colore,1,1,59.32,2.471993497763353e-09,0.9999998735245261,C
1390 0408 set screw strg lock jcb,1390/0408 Set Screw (Strg.Lock) JCB,1,1,59.32,2.471993497763353e-09,0.9999998759965196,C
wiring loom spring sleeve pvc 909 al1012,Wiring Loom Spring Sleeve PVC 909/AL1012,1,1,57.89,2.412402285662854e-09,0.9999998784089219,C
ms bolt 4 sut 4,"Ms Bolt 4 Sut 4""",1,1,56.0,2.33364187246709e-09,0.9999998807425637,C
ms nipple 1x2,"Ms Nipple 1X2""",1,1,55.0,2.2919696961730346e-09,0.9999998830345335,C
25 x 50 cs consntric reducer seamless,25 X 50 Cs Consntric Reducer (SEAMLESS),1,1,55.0,2.2919696961730346e-09,0.9999998853265032,C
20 x 50 cs consntric reducer seamless,20 X 50 Cs Consntric Reducer (SEAMLESS),1,1,55.0,2.2919696961730346e-09,0.9999998876184729,C
head washer 407 909,Head Washer 407/909,2,2,54.68,2.2786345997589367e-09,0.9999998898971075,C
gp doc female line male 7,GP DOC Female Line Male - 7,2,2,53.81,2.242379806383109e-09,0.9999998921394874,C
03 305903 clevis pin loder lever kit jcb,03/305903 Clevis Pin(Loder Lever Kit)Jcb,1,1,52.54,2.1894561424896587e-09,0.9999998943289435,C
gasket fly end ts10 000431980,Gasket Fly End TS10 (000431980),1,1,52.0,2.166953167290869e-09,0.9999998964958967,C
gi socket 1 2,"Gi Socket 1/2""",2,2,52.0,2.166953167290869e-09,0.9999998986628499,C
allanky spanner 5 mm,Allanky Spanner 5 Mm,1,1,51.0,2.125280990996814e-09,0.9999999007881308,C
gp doc male line female 4,GP DOC Male Line Female - 4,2,2,50.93,2.12236393865623e-09,0.9999999029104948,C
rivit 1 2 8 no,"Rivit 1/2"" 8 No.",1,1,50.92,2.1219472168932892e-09,0.999999905032442,C
1370 0403z std self lock nut jcb,1370/0403Z STD Self Lock Nut_JCB,1,1,50.84,2.118613442789765e-09,0.9999999071510554,C
upvc elbow 1 2,"Upvc Elbow 1/2""",1,1,50.6,2.1086121204791917e-09,0.9999999092596675,C
gi nipple 1 x6,"Gi Nipple 1""X6""",1,1,50.0,2.0836088147027586e-09,0.9999999113432764,C
gi nipple 3 4 x 3,Gi Nipple - 3/4 X 3'',1,1,50.0,2.0836088147027586e-09,0.9999999134268852,C
gi bush 1 x 1 25,GI Bush 1 X 1.25*,1,1,50.0,2.0836088147027586e-09,0.999999915510494,C
chain shankal,Chain (Shankal),1,1,50.0,2.0836088147027586e-09,0.9999999175941029,C
ms bush 1 25 x1,"Ms Bush 1.25""X1""",1,1,50.0,2.0836088147027586e-09,0.9999999196777117,C
micro slides,Micro Slides,1,1,49.0,2.0419366384087034e-09,0.9999999217196484,C
gi socket 1,"Gi Socket 1""",1,1,48.0,2.0002644621146482e-09,0.9999999237199129,C
cpvc pipe 1 5,"Cpvc Pipe 1.5""",1,1,48.0,2.0002644621146482e-09,0.9999999257201774,C
alternator self stud 08 no 4 5,"Alternator (SELF) Stud 08 NO. 4.5""",1,1,46.89,1.954008346428247e-09,0.9999999276741858,C
steiner black,Steiner black,1,1,46.61,1.9423401370659117e-09,0.999999929616526,C
gi union 1 2,"Gi Union 1/2""",1,1,46.0,1.916920109526538e-09,0.999999931533446,C
gasket free end ts10 000431990,Gasket Free End TS10 (000431990),1,1,45.0,1.8752479332324827e-09,0.999999933408694,C
new brass bush,NEW BRASS BUSH,1,1,45.0,1.8752479332324827e-09,0.9999999352839419,C
ss chimta,SS Chimta,1,1,45.0,1.8752479332324827e-09,0.9999999371591899,C
tank nipple 1 2,"Tank Nipple- 1/2""",1,1,45.0,1.8752479332324827e-09,0.9999999390344378,C
ms hook,MS HOOK,1,1,45.0,1.8752479332324827e-09,0.9999999409096858,C
compressed yeast,Compressed Yeast,1,1,44.7,1.8627462803442663e-09,0.9999999427724321,C
ss screw 32x6 mm,SS Screw 32X6 mm,1,1,42.5,1.7710674924973449e-09,0.9999999445434996,C
roll paper,Roll Paper,1,1,40.05,1.6689706605769096e-09,0.9999999462124702,C
cp flange,CP Flange,1,1,40.0,1.6668870517622069e-09,0.9999999478793573,C
bulb holder threaded,Bulb Holder (Threaded),1,1,40.0,1.6668870517622069e-09,0.9999999495462444,C
gas connection,Gas Connection,1,1,40.0,1.6668870517622069e-09,0.9999999512131315,C
tin patti slate,Tin Patti (Slate),1,1,40.0,1.6668870517622069e-09,0.9999999528800185,C
1315 3421z bolt m10x110 satbiliser jcb,1315/3421Z Bolt M10X110 (Satbiliser) JCB,1,1,40.0,1.6668870517622069e-09,0.9999999545469056,C
main fuse female wire type ac vehicle,Main Fuse Female Wire Type (AC Vehicle),1,1,39.0,1.6252148754681517e-09,0.9999999561721205,C
repair main work from sparsh ah 7116,Repair & Main Work From Sparsh AH 7116,2,1,37.769999999999996,1.5739580986264637e-09,0.9999999577460785,C
battery terminal ve,Battery Terminal(-Ve),1,1,37.27,1.5531220104794363e-09,0.9999999592992005,C
o ring 3903297,O RING (3903297),1,1,36.76,1.5318692005694681e-09,0.9999999608310697,C
bolt 17 no 2 1 2,"Bolt 17 No. 2 1/2""",1,1,35.08,1.4618599443954553e-09,0.9999999622929296,C
envelop 11x5 brown,Envelop 11X5 - Brown,1,1,35.0,1.458526170291931e-09,0.9999999637514558,C
gi nipple 3 4x6,Gi Nipple - 3/4x6,1,1,35.0,1.458526170291931e-09,0.999999965209982,C
1370 0301z nut std m10 strg lock jcb,1370/0301Z Nut Std M10 (Strg.Lock) JCB,1,1,33.9,1.4126867763684702e-09,0.9999999666226688,C
1 25mm jointer,"1"" (25mm) Jointer",1,1,33.88,1.4118533328425894e-09,0.9999999680345221,C
hose adaptor 1 4x3 8,HOSE ADAPTOR 1/4x3/8,1,1,33.0,1.3751818177038207e-09,0.9999999694097039,C
1 way switch 20 amp,1 Way Switch - 20 Amp,1,1,33.0,1.3751818177038207e-09,0.9999999707848858,C
nut 21 no,Nut 21 No.,1,1,32.0,1.3335096414097655e-09,0.9999999721183954,C
gear naal charra spring ace,Gear Naal Charra Spring ACE,1,1,31.26,1.3026722309521647e-09,0.9999999734210676,C
gang box 3 plug,Gang Box - 3 Plug,1,1,30.0,1.250165288821655e-09,0.9999999746712329,C
pp bag broiler finsher 50kg,PP Bag Broiler Finsher  (50Kg),9,9,27.28,1.1368169693018252e-09,0.9999999758080499,C
drawing sheet,Drawing Sheet,1,1,26.76,1.1151474376289165e-09,0.9999999769231973,C
gi nipple 1 2 x6,"Gi Nipple 1/2""X6""",1,1,25.0,1.0418044073513793e-09,0.9999999779650017,C
upvc bush 1 x1 2,"Upvc Bush 1""X1/2""",1,1,25.0,1.0418044073513793e-09,0.9999999790068062,C
chitakni 4,"Chitakni 4""",1,1,25.0,1.0418044073513793e-09,0.9999999800486106,C
nut 17 no,Nut 17 No.,1,1,23.36,9.734620382291288e-10,0.9999999810220727,C
upvc female 1,"Upvc Female 1""",1,1,23.28,9.701282641256044e-10,0.999999981992201,C
seal 2 1 2 idlebearing trash0847 04 os,"Seal, 2-1/2"" IdleBearing Trash0847-04-OS",1,1,22.5,9.376239666162413e-10,0.999999982929825,C
pvc reduser 2 5x2,Pvc Reduser 2.5X2,1,1,22.0,9.167878784692138e-10,0.9999999838466128,C
foundation washer 24 no,Foundation Washer 24 No,1,1,22.0,9.167878784692138e-10,0.9999999847634007,C
279005138306 tappet shim 2 75mm ace mega,279005138306 Tappet Shim 2.75MM Ace Mega,1,1,20.38,8.492789528728443e-10,0.9999999856126797,C
gi bush 1 x 1 5,GI Bush 1 X 1.5,1,1,20.0,8.334435258811034e-10,0.9999999864461232,C
mixcher machin repairing,Mixcher Machin Repairing,1,1,20.0,8.334435258811034e-10,0.9999999872795667,C
2203 0035 circlip external strg jcb,2203/0035 Circlip External (Strg) JCB,1,1,20.0,8.334435258811034e-10,0.9999999881130103,C
gas clamp,Gas Clamp,1,1,20.0,8.334435258811034e-10,0.9999999889464538,C
ms washer 2 5 sut,Ms Washer 2.5 Sut,1,1,18.0,7.500991732929931e-10,0.999999989696553,C
gi elbow 1 2,"Gi Elbow 1/2""",1,1,18.0,7.500991732929931e-10,0.9999999904466522,C
ms bolt 2 5 sut 3,"Ms Bolt 2.5 Sut 3""",1,1,18.0,7.500991732929931e-10,0.9999999911967514,C
magnet tk 04856,Magnet TK-04856,1,1,17.64,7.350971898271333e-10,0.9999999919318486,C
paint brush 1,"Paint Brush 1""",1,1,17.0,7.084269969989379e-10,0.9999999926402756,C
gear box repair from vardhman auto l1822,Gear Box Repair From Vardhman Auto.L1822,1,1,16.95,7.063433881842351e-10,0.999999993346619,C
fevistick,Fevistick,1,1,16.95,7.063433881842351e-10,0.9999999940529625,C
2103 1112 split pin jcb,2103/1112 Split Pin Jcb,1,1,16.95,7.063433881842351e-10,0.9999999947593059,C
gp doc male line male 1,GP DOC Male Line Male - 1,2,2,15.65,6.521695590019634e-10,0.9999999954114754,C
cpvc pipe 1 25,"Cpvc Pipe 1.25""",1,1,15.0,6.250826444108276e-10,0.9999999960365581,C
ms bolt 4 sut 1,"MS Bolt 4 Sut 1""",1,1,12.0,5.000661155286621e-10,0.9999999965366242,C
pvc reduser 1 5x1 25,Pvc Reduser 1.5X1.25,1,1,12.0,5.000661155286621e-10,0.9999999970366903,C
tumbling lock,Tumbling lock,1,1,10.2,4.2505619819936275e-10,0.9999999974617465,C
gi nipple 1 2 x3,"Gi Nipple 1/2""X3""",1,1,10.0,4.167217629405517e-10,0.9999999978784683,C
dhaga roll,Dhaga Roll,1,1,10.0,4.167217629405517e-10,0.99999999829519,C
bushing for plateau tk 07814b,Bushing- For Plateau- TK- 07814B,1,1,8.0,3.333774103524414e-10,0.9999999986285675,C
plumber thrade,PLUMBER THRADE,1,1,8.0,3.333774103524414e-10,0.9999999989619449,C
wiring clip 10 no general,Wiring Clip 10.No (General),1,1,7.07,2.946222863989701e-10,0.9999999992565672,C
self centred bonded seal 1 4,"SELF CENTRED BONDED SEAL 1/4""",1,1,5.0,2.0836088147027586e-10,0.9999999994649281,C
pp bag broiler pre starter 50kg,PP Bag Broiler Pre Starter (50Kg),2,2,4.5,1.8752479332324829e-10,0.9999999996524529,C
screw 8 no,Screw 8 No.,1,1,4.0,1.666887051762207e-10,0.9999999998191416,C
washer m5 tk 02687,Washer M5 TK-02687,1,1,2.0,8.334435258811034e-11,0.9999999999024859,C
cks sreews 8 32,CKS Sreews 8*32,1,1,1.44,6.000793386343945e-11,0.9999999999624938,C
activate wd 3 30,activate wd (3*30),1,1,0.9,3.750495866464966e-11,0.9999999999999988,C
breeder live bird no,Breeder Live Bird No,30,30,0.0,0.0,0.9999999999999988,C
cockrel live bird no,Cockrel live Bird No,73,73,0.0,0.0,0.9999999999999988,C
ib ap95 broiler live bird bb no,IB AP95 Broiler Live Bird_BB No,25,25,0.0,0.0,0.9999999999999988,C
layer live bird no,Layer Live Bird No,120,120,0.0,0.0,0.9999999999999988,C
gunny bags katta 0 7kg diamond,Gunny Bags-Katta-0.7Kg Diamond,74,74,0.0,0.0,0.9999999999999988,C
gunny bags damage big 1kg,Gunny-Bags Damage-Big-1Kg,1767,1767,0.0,0.0,0.9999999999999988,C
gunny bags pp 0 3kg,Gunny Bags-Pp-0.3Kg,3,3,0.0,0.0,0.9999999999999988,C
lpg cylinder 35 kg,LPG Cylinder 35 Kg,15,15,0.0,0.0,0.9999999999999988,C
lpg cylinder19 kg,LPG Cylinder19 kg,8,8,0.0,0.0,0.9999999999999988,C
lpg cylinder 14 kg,LPG Cylinder 14 kg,2,2,0.0,0.0,0.9999999999999988,C
